Run,Base_Cake,Desiccator,T_C,RH_pct,Initial_g,Final_g,Time_min,Pct_Change,RH_Sensor,Run_Global
1,A,4.092298622,24,73.9468132,2.393007946,2.483178301,1390.704514,3.785387909,RH03,1
2,A,24.07660091,24,86.60232817,2.417468946,3.098286303,3934.589174,28.30593652,RH02,2
3,A,16.02695263,24,93.34520455,2.422751018,2.550929639,-395.825114,5.199428686,RH04,3
4,A,13.36346841,24,72.57171564,2.4096969,2.328169115,-2359.999338,-3.490172714,RH04,4
5,A,21.01961112,24.00000001,88.47877643,2.405071361,2.948411217,4319.62329,22.64507709,RH02,5
6,A,17.40263203,24,80.53607272,2.421273574,2.753404537,2662.708357,13.67765083,RH01,6
7,A,26.17658125,24.00000001,71.22326328,2.399429257,2.720935826,2644.492506,13.16689135,RH03,7
8,A,11.40936043,24,68.21491898,2.372433525,2.455939221,8.534803771,3.646078252,RH01,8
9,A,11.62676595,24,62.40954106,2.425392896,2.908041627,2899.285333,19.92896186,RH03,9
10,A,32.53043162,24,94.26457048,2.429320994,3.049878311,5084.909102,25.62323523,RH01,10
11,A,-1.996328355,24,49.52105884,2.401505517,2.124654502,-1436.629834,-11.41544263,RH01,11
12,A,23.78099173,24,107.7546025,2.407112308,2.437292496,-2712.665376,1.252876886,RH01,12
13,A,12.29787759,24,78.99086208,2.411057923,2.597736245,180.7693605,7.628185923,RH01,13
14,A,22.33439594,24,93.38477009,2.381812853,2.833263436,2171.408588,18.81778968,RH04,14
15,A,14.67891492,24,92.33790088,2.35314774,2.233052516,301.4556292,-4.874622712,RH01,15
16,A,24.1585729,24,123.5142928,2.479391485,3.198906447,1180.270959,29.5919297,RH02,16
17,A,5.408169986,24,75.43166852,2.439938028,2.793055492,1367.914414,14.69385409,RH01,17
18,A,2.437371681,24,56.42517124,2.444862597,2.374674349,-1230.202162,-3.088211252,RH03,18
19,A,21.55037858,24,98.58729321,2.408296256,2.651128787,839.8401332,10.01985905,RH01,19
20,A,9.977093201,24,62.54828668,2.401615707,2.814942573,4128.9694,17.29572343,RH01,20
21,A,11.12008166,24,86.62196523,2.423672822,2.654058809,2897.837091,9.467981846,RH03,21
22,A,12.8256656,24,99.14408318,2.405178393,2.761604407,1996.551018,14.73905373,RH01,22
23,A,12.13501459,24,67.21750128,2.402014288,2.441915174,1103.503275,1.578663097,RH01,23
24,A,20.02695405,24.00000001,98.02837946,2.448532714,2.94452511,2719.127628,20.36636732,RH03,24
25,A,19.70748886,24,84.82274669,2.412153495,3.137321377,3800.767967,30.16083352,RH01,25
26,A,15.55726896,24,74.79922181,2.411617942,2.519584132,669.4888373,4.326870596,RH01,26
27,A,14.87694178,24,66.76641088,2.402981945,2.79448129,4308.743888,16.30331467,RH01,27
28,A,17.17855326,24,74.8038366,2.42812994,2.72863546,942.8632295,12.33608796,RH04,28
29,A,8.758215274,24,48.66898283,2.431214073,2.649366851,2733.219414,8.836126166,RH01,29
30,A,4.528179484,24.00000001,50.62610074,2.362590682,2.060927921,-1326.193937,-12.23252531,RH03,30
31,A,22.09823364,24,93.51007269,2.338941647,2.592587908,3229.008269,10.94478221,RH01,31
32,A,10.9712847,24,80.2255404,2.413633739,2.62639934,291.2313005,8.844510815,RH03,32
33,A,5.671951983,24,51.43396508,2.405945321,2.563179006,2229.895448,6.358369569,RH03,33
34,A,17.54933091,24,89.61901403,2.423102645,2.749845084,-343.2973376,13.31358941,RH02,34
35,A,19.99236922,24,97.91266244,2.438379305,2.95673481,3316.773974,21.28467739,RH01,35
36,A,6.535762821,24,58.28829837,2.367936141,2.646153038,1616.124147,11.87001982,RH03,36
37,A,22.60563983,24,94.76338431,2.415481477,2.795480774,3358.715367,15.7585793,RH01,37
38,A,19.20114676,24,75.55336409,2.321069875,2.470029624,598.3922563,6.665529778,RH02,38
39,A,13.80391756,24,62.99563174,2.484034794,2.714401836,1130.338606,8.981908921,RH03,39
40,A,24.79975681,24,82.66710155,2.444257748,3.275539191,7725.177559,34.36042757,RH01,40
41,A,23.36314601,23.99999999,89.39221197,2.35586437,2.634995059,1889.395304,11.87814479,RH03,41
42,A,5.88878544,24,62.33407356,2.379331769,2.398825935,801.9442105,0.848443128,RH02,42
43,A,10.65892361,24,63.37881244,2.393823571,2.70364969,4478.672459,12.98064887,RH01,43
44,A,12.83585476,24.00000001,91.66360043,2.468520147,2.947928082,2894.923476,19.50114512,RH01,44
45,A,14.30586524,24,66.08565092,2.405260603,2.574064525,669.5936548,7.067053309,RH01,45
46,A,-1.661611081,24,55.54061282,2.443397011,2.811669965,1656.266707,15.1250846,RH03,46
47,A,5.049498417,24,83.37279964,2.39829259,2.542728341,1784.580967,6.133983567,RH01,47
48,A,14.88129614,24,71.63818171,2.404136343,2.476971877,-485.7335193,2.955115433,RH03,48
49,A,14.04055299,24,63.97994633,2.476141346,2.556487961,-1155.259518,2.833890886,RH03,49
50,A,0.080725438,24,44.39088141,2.451774874,2.575475729,1222.746007,4.975547196,RH02,50
51,A,9.277884508,24,47.15049453,2.389738394,2.548509434,1898.058923,6.561660102,RH03,51
52,A,12.80882017,24,77.1972,2.435157158,2.7581345,1768.894778,13.27399714,RH01,52
53,A,20.49642447,24,75.81452794,2.375421481,2.248826621,-3142.835252,-5.272914198,RH03,53
54,A,5.74563929,24,83.3643044,2.434539858,2.672291959,908.2065837,9.846544286,RH02,54
55,A,11.97306655,24,59.02730071,2.396558214,2.722578942,4476.874953,13.57414056,RH02,55
56,A,24.53678151,24,95.65552059,2.397274142,2.775489779,842.6126958,15.67930023,RH01,56
57,A,1.728002524,24.00000001,65.99115844,2.448565942,2.208543064,-1901.905523,-10.08748253,RH03,57
58,A,24.18288236,24,73.68999705,2.397634632,2.836399852,1635.664585,18.11063713,RH02,58
59,A,10.3857467,23.99999999,73.09940809,2.403207883,2.579754351,1644.916421,7.319023704,RH01,59
60,A,9.568567502,24,47.04447004,2.425686843,2.697886907,2509.935811,11.11627168,RH04,60
61,A,7.046231368,24.00000001,57.45907097,2.386389373,2.54897923,3126.783608,6.805406039,RH01,61
62,A,18.99253779,24,78.27120424,2.44279178,2.740867454,1649.877559,12.26851635,RH03,62
63,A,3.871942742,24,45.72843576,2.390493199,2.352665659,-1823.117996,-1.497338343,RH03,63
64,A,8.70177715,24,70.27093683,2.386342568,2.31587964,-153.404529,-2.656199252,RH03,64
65,A,16.34595053,24,56.02014535,2.437759141,3.083498858,3881.348571,26.59259238,RH04,65
66,A,11.11925093,24,52.64698978,2.436926714,2.61757144,780.8799066,7.33983751,RH01,66
67,A,7.379402424,24,63.07135138,2.420868194,2.340307336,-105.3132495,-3.439541532,RH03,67
68,A,12.50616056,24,85.29356492,2.395197453,2.52745319,251.6647945,5.558668952,RH03,68
69,A,19.37084856,24,81.92120288,2.403608227,2.717226815,3300.730729,13.00300394,RH01,69
70,A,30.52601877,24,93.53713028,2.405471665,3.169236441,4945.049105,31.6355367,RH03,70
71,A,23.76424573,24,108.7939134,2.399707659,2.89089656,2718.009608,20.3858604,RH01,71
72,A,17.34879511,24,94.565693,2.397395678,2.741801984,1350.479172,14.26181265,RH03,72
73,A,9.331903095,24,89.68290588,2.381743788,2.345913393,182.456537,-1.315154036,RH04,73
74,A,12.36890581,24,88.08896889,2.422056742,2.655159063,2043.966092,9.529896626,RH02,74
75,A,3.014592866,23.99999999,43.95778507,2.393996182,2.645893626,3331.334361,10.60130152,RH03,75
76,A,8.140798737,24,58.5261445,2.4155183,2.421260675,1335.266174,0.215652049,RH01,76
77,A,14.57070378,24,66.42577497,2.418275742,2.582686204,335.0035231,6.669041534,RH01,77
78,A,3.019650506,24,31.3712369,2.345116024,2.151871047,93.44231911,-7.573531673,RH01,78
79,A,8.90595895,24,90.31246528,2.41366451,2.545192992,475.1983684,5.554846039,RH02,79
80,A,11.14193908,24,45.93023714,2.402923869,2.305206095,-398.2577673,-4.192088343,RH01,80
81,A,6.140122061,24,88.88159127,2.417750717,2.496508989,-1052.665913,3.279652888,RH02,81
82,A,18.52204712,24,87.9872238,2.439559715,2.750343373,2609.251561,12.67652005,RH03,82
83,A,25.24871057,23.99999999,97.86315749,2.383633295,2.654085966,2073.210546,11.20312997,RH04,83
84,A,16.43536518,24,66.48320764,2.443873414,2.682313488,216.0297454,9.656772168,RH01,84
85,A,8.485027382,24,77.52963216,2.425438051,2.729256257,2089.448269,12.50079484,RH01,85
86,A,21.17063636,24,92.23687837,2.433171975,2.730573134,-113.2869652,12.14856472,RH04,86
87,A,11.38085926,24,64.92304332,2.431816389,2.849616096,4287.323509,17.22288763,RH01,87
88,A,3.420071531,24,42.88940052,2.393829188,2.357312853,337.523288,-1.522123025,RH01,88
89,A,17.32316041,24,69.21603041,2.400964646,2.675400609,2785.894792,11.46820795,RH02,89
90,A,6.695740334,24,44.91546214,2.383016727,2.417375103,-52.04975396,1.364756235,RH03,90
91,A,12.58307071,24,64.69359605,2.450742799,2.983902019,4796.825561,22.01772718,RH03,91
92,A,7.549221127,24,76.46445773,2.408129787,3.053999696,4501.437963,26.88355426,RH01,92
93,A,15.29570342,24,55.23519539,2.382356322,2.635719456,2397.309935,10.64677458,RH01,93
94,A,16.98408472,24,58.82648585,2.437084599,2.794437092,874.389909,14.69460532,RH01,94
95,A,6.610272312,24,76.21198682,2.447099104,2.673563138,682.7166377,9.241975666,RH03,95
96,A,13.30662565,24,66.31071983,2.452589968,2.408125957,1531.840016,-2.109663233,RH01,96
97,A,3.053368891,24,42.79530178,2.454825043,2.682059378,1769.520176,9.205862426,RH04,97
98,A,20.54673747,24,81.35994072,2.441463103,2.856369538,3313.576717,17.15764713,RH03,98
99,A,12.11244058,24,82.75467288,2.381949898,2.629055234,1816.097331,10.47404978,RH01,99
100,A,18.0646274,23.99999999,85.4314789,2.401748771,2.634378865,1763.06996,9.627101621,RH03,100
101,A,8.982406014,24,59.45966398,2.413339149,2.378996939,-1115.135854,-1.537045065,RH02,101
102,A,13.9912035,24,65.83959553,2.435808834,2.628723229,1138.496387,7.815364656,RH01,102
103,A,15.84982847,24,78.7363791,2.435442163,2.854660384,3787.43897,17.26985903,RH03,103
104,A,11.62865582,24,64.54207495,2.450667626,2.879553206,4101.366685,17.68773135,RH01,104
105,A,12.60902617,24,59.46145265,2.435207929,2.810920268,2244.836244,15.47327039,RH01,105
106,A,15.74604992,24,90.87427617,2.421511538,3.125160418,4115.365895,29.308101,RH03,106
107,A,19.63579321,24,99.502082,2.392845585,2.711789031,2132.287751,13.28374265,RH03,107
108,A,22.11817915,24,82.73749532,2.37179053,2.558325541,1390.015444,7.797226193,RH01,108
109,A,19.89977428,24,93.96249345,2.423292408,3.034840676,4235.16798,25.32409744,RH03,109
110,A,27.79581566,24,76.36321979,2.393155171,2.779851863,1727.556309,16.10007334,RH03,110
111,A,13.14715242,24,81.22719086,2.444830213,2.353739344,-1397.608573,-3.901151735,RH02,111
112,A,27.25373822,24,106.9783692,2.431400667,2.953950083,2413.509436,21.51799598,RH01,112
113,A,18.63438357,24,48.75579298,2.40322211,2.609941404,2170.008149,8.413470385,RH01,113
114,A,14.19805587,24,102.1972568,2.416797099,2.810357456,1327.220359,16.43608802,RH03,114
115,A,11.10036638,24,60.92988701,2.407723192,2.516037133,-717.7622057,4.40478415,RH03,115
116,A,14.77285192,24,66.58392473,2.476988806,2.811178893,731.8550497,13.49315354,RH03,116
117,A,12.47621519,24,99.81825542,2.410825076,2.790355198,2046.98837,15.7438772,RH02,117
118,A,12.41370836,24,72.28795862,2.396772144,2.518825033,138.8980477,4.987179358,RH03,118
119,A,24.2909159,24,88.55414728,2.413234936,2.646601753,2038.870073,9.701112478,RH03,119
120,A,9.909953871,24,56.85979484,2.418680198,2.496441908,-57.23250746,3.056720139,RH01,120
121,A,15.15921245,24,74.52267805,2.461265051,2.800293646,1467.986727,13.69433418,RH01,121
122,A,30.11542149,24,116.7074346,2.418793256,2.70979721,226.5256676,11.91640903,RH03,122
123,A,16.91605349,24,91.53586827,2.429255397,2.454767904,-411.673852,0.793803482,RH01,123
124,A,16.34122999,24,72.37305941,2.404011321,2.582903929,183.5241363,7.445348749,RH03,124
125,A,11.03241993,24,101.6655507,2.439169403,2.910251653,2585.587064,19.41365867,RH03,125
126,A,12.61558727,24,94.38981439,2.402284937,2.812084897,3861.457379,16.93796225,RH03,126
127,A,26.03832353,24,86.20584535,2.455157199,2.828207303,1722.193377,15.17914926,RH03,127
128,A,18.91485937,24,99.27173515,2.34439801,2.312034794,-1432.589746,-1.06863301,RH04,128
129,A,13.63654116,24,63.2680907,2.427544584,2.728001881,852.4462997,12.25667929,RH03,129
130,A,21.48849681,23.99999999,79.53564269,2.441006707,2.850060358,1505.973199,16.71174804,RH04,130
131,A,17.550662,24,73.25584958,2.401120293,2.88138761,3786.466964,20.09931773,RH01,131
132,A,13.73469726,24,69.28775518,2.381712698,2.400302252,-1477.103192,0.87024468,RH01,132
133,A,10.31793405,24,50.04426809,2.396569544,2.042158116,-3216.16664,-14.79252489,RH01,133
134,A,8.657124831,24,62.39789381,2.403904593,2.673631561,2879.420466,11.26573407,RH03,134
135,A,12.44729161,24,72.92419906,2.427087388,2.638143355,972.9882813,8.678314462,RH03,135
136,A,-0.648378774,24,23.29618055,2.414795765,2.320449242,1098.096412,-3.887426714,RH03,136
137,A,23.64407856,24,85.80508559,2.37223339,2.832435076,1481.792147,19.34952201,RH03,137
138,A,11.53314293,24,58.41732911,2.354895085,2.127024374,-809.6859406,-9.212887811,RH03,138
139,A,15.66857883,24,75.62181891,2.373289213,2.568383836,336.0510088,8.25451412,RH03,139
140,A,3.001808604,24,56.93266335,2.413511899,2.649189837,3018.056538,9.722091641,RH03,140
141,A,28.55845729,24,107.8330837,2.432073138,2.659536893,609.7698415,9.207735877,RH02,141
142,A,10.36527986,24,61.92019492,2.410306247,2.685273989,2970.057804,11.28819493,RH03,142
143,A,21.99223024,24,116.1984998,2.317949825,2.42292438,-703.1201981,4.775916307,RH02,143
144,A,0.817788031,24,58.92860419,2.459482349,2.408170061,-1020.776274,-2.448711771,RH03,144
145,A,9.026614919,24,60.60467925,2.413899977,3.011066389,5795.438022,24.8971673,RH01,145
146,A,25.14090106,24,107.5832185,2.434368498,2.813152943,1213.750068,15.44237623,RH01,146
147,A,22.83711259,24,66.60841776,2.391391344,2.792025046,3079.754494,16.73381902,RH01,147
148,A,17.84939813,24,66.01743872,2.402262053,2.994700521,5355.341139,24.77068501,RH02,148
149,A,16.92253165,24,70.72664144,2.396641606,2.571012833,1518.771051,7.255105684,RH01,149
150,A,7.133080857,24,57.0831502,2.467913116,2.632283427,572.1471804,6.541761131,RH03,150
151,A,15.34032423,24,80.77773324,2.415651456,2.611196143,527.1743014,7.978029223,RH01,151
152,A,19.70318124,24.00000001,77.00941007,2.387567906,2.914952949,4543.368313,22.0182291,RH03,152
153,A,22.74077118,24,101.4571685,2.463819467,2.957664422,3768.620021,20.10877598,RH01,153
154,A,16.29986723,24,66.91740669,2.378746987,2.546099028,1701.93507,7.033385903,RH01,154
155,A,-2.114343452,24,44.80797388,2.403452786,2.291517257,-415.2833403,-4.649863652,RH01,155
156,A,18.87567938,24,66.12192589,2.366675857,2.694975474,2125.873729,13.80494197,RH03,156
157,A,12.19706618,24,67.61422163,2.394901534,2.286365573,588.9962957,-4.486631293,RH03,157
158,A,3.17880013,24,76.64070017,2.437483226,2.461124903,-680.1687851,0.959533083,RH01,158
159,A,17.8743948,24,98.25459827,2.448296476,2.932603068,3487.803453,19.96750031,RH04,159
160,A,2.209750531,24,58.67009435,2.376662511,2.329795503,-1616.554151,-1.749852511,RH01,160
161,A,28.60114666,24,73.62695778,2.399587376,2.860229504,3802.853393,19.13734272,RH03,161
162,A,9.124035856,24,51.76870204,2.418900455,2.480245007,28.46797357,2.49752,RH02,162
163,A,-2.412213252,23.99999999,39.93079264,2.43788202,2.536840503,3224.134278,3.915094986,RH01,163
164,A,11.13653408,24,49.71551059,2.440089976,2.66086808,1155.055978,9.070092147,RH02,164
165,A,9.989940813,24,54.52071611,2.407243699,2.394729151,1685.703563,-0.753116267,RH01,165
166,A,13.95471351,24,71.70705641,2.435491824,2.605216228,973.4259544,6.851953027,RH03,166
167,A,14.15296492,24,72.86207463,2.399178044,2.907106658,3234.562415,21.08333615,RH02,167
168,A,32.69272781,24,105.5630018,2.379159954,2.844251438,2729.608097,19.42405956,RH03,168
169,A,-6.618938522,24,28.37605627,2.42578392,2.390730625,-517.2835105,-1.616580302,RH03,169
170,A,13.79991812,24,98.80152444,2.377870657,2.426843441,398.9991718,2.167910009,RH03,170
171,A,37.96608971,24.00000001,118.9477735,2.412386131,3.071903195,3874.281139,27.17700319,RH01,171
172,A,11.53362046,24,66.29554891,2.389096106,2.614426943,-212.598324,9.394137873,RH03,172
173,A,10.81915698,24,67.655523,2.325440534,2.369952898,851.2297962,2.218539674,RH01,173
174,A,20.77703585,24,51.77578916,2.369163,2.76526454,2810.246634,16.73311107,RH01,174
175,A,12.23571543,24,78.85793933,2.425730387,2.794782473,2937.336011,15.27575607,RH02,175
176,A,17.25621828,24,88.54741281,2.429665197,2.778463931,857.8575365,14.29406153,RH03,176
177,A,14.64982137,24,56.77726193,2.418764612,2.542500136,1497.070214,5.026339952,RH03,177
178,A,14.45270438,24,99.1922634,2.415518177,2.52268587,-1468.217515,4.361085036,RH04,178
179,A,5.492870067,24,58.52754029,2.418561757,2.423027252,-74.11215034,0.06080173,RH04,179
180,A,14.40968671,24,78.69454735,2.442446786,2.645885071,-784.1699818,8.264127943,RH01,180
181,A,18.26422598,24,74.44713409,2.32709049,2.297270134,-167.6670531,-0.817278939,RH04,181
182,A,12.2801893,24.00000001,52.62013996,2.451197236,2.477497474,-758.9796241,0.720400464,RH03,182
183,A,12.97861631,24,61.69159782,2.416304499,2.716113382,3379.186802,12.17542198,RH04,183
184,A,10.4762454,24,56.79900343,2.438585116,2.578628545,2046.536501,5.712504014,RH03,184
185,A,14.528928,23.99999999,36.80927032,2.462451934,3.016815425,4521.896965,22.83963558,RH03,185
186,A,12.14013721,24,65.68017239,2.456267774,2.898313491,2343.42701,18.13831969,RH03,186
187,A,12.58329307,24,61.51943185,2.405823607,2.856859472,1787.949854,18.80480366,RH01,187
188,A,10.07023247,24,79.40860513,2.443909299,2.687519582,2013.391113,9.921787453,RH02,188
189,A,1.409411986,24,45.54745918,2.449128921,2.719347922,1548.719966,11.07089511,RH03,189
190,A,9.790094156,24,69.68861395,2.399557577,2.511075545,-1448.408132,4.627116122,RH01,190
191,A,14.54789397,24,61.19704068,2.414662186,2.676608362,2949.567036,10.75745426,RH01,191
192,A,15.95969635,24,77.06547587,2.428931106,3.028717568,4000.383439,25.03407764,RH03,192
193,A,22.8754055,24,106.7579048,2.386971387,2.570427793,-1929.870342,7.647329948,RH04,193
194,A,29.49818558,24,81.86057507,2.371981079,2.940287252,3342.074906,23.74525612,RH03,194
195,A,0.522650984,24,35.46140988,2.391542299,2.249132264,850.9639328,-5.685380537,RH01,195
196,A,12.79854114,24,55.11717603,2.419436591,2.532959254,1746.565902,4.635375808,RH03,196
197,A,17.55101473,24,68.7735555,2.448258463,2.87368797,3087.729191,17.37859111,RH02,197
198,A,15.24419012,24,74.60307273,2.395378494,2.85750173,4073.558339,19.22634564,RH01,198
199,A,19.37231888,24,67.44916056,2.397651895,2.661932196,2578.046758,11.10711769,RH03,199
200,A,13.73867626,24,58.80722167,2.377898293,2.256720884,-53.04825881,-4.974133891,RH04,200
201,A,7.974641181,24.00000001,59.14791668,2.369516423,2.372292861,-175.0218428,0.386701816,RH01,201
202,A,9.267605252,24,49.61772238,2.420705361,2.755144905,4591.286878,13.72293706,RH03,202
203,A,20.68124774,24,87.08254335,2.4035742,2.727530309,1489.787875,13.32243909,RH01,203
204,A,14.1032629,24,94.6619258,2.516122044,3.14943528,2647.113118,25.71417163,RH02,204
205,A,20.9657008,24,97.15206521,2.377221292,2.688184923,3478.168461,12.95344224,RH03,205
206,A,13.76533153,24,68.71644018,2.384107885,2.393717968,-1235.566911,0.53004765,RH03,206
207,A,14.77628862,24,78.25065933,2.41782933,2.78882492,3175.292259,15.44772884,RH01,207
208,A,18.31745577,24,89.13572529,2.366343594,2.68347313,1376.082859,13.42095413,RH01,208
209,A,10.46508453,24,66.65865166,2.428259047,2.847736927,3593.124505,17.46512715,RH02,209
210,A,16.82195237,24,73.59926245,2.374709083,2.575511361,1292.311824,8.348120153,RH03,210
211,A,27.87626525,24,104.1233806,2.411264268,3.318534394,7903.207652,37.6306654,RH03,211
212,A,9.473551571,24,50.2268138,2.422912132,2.558561332,618.3971871,5.551893097,RH01,212
213,A,-0.934349337,24,60.02890453,2.398711267,2.252514951,-1210.23862,-5.924519387,RH01,213
214,A,19.71242494,24,87.72252223,2.352845506,2.658842067,1276.543284,13.08715378,RH01,214
215,A,13.82145529,24,89.65174863,2.414169723,2.873499106,2895.438634,19.09393996,RH03,215
216,A,14.30246902,24,86.92332322,2.372272183,2.670835118,1984.668519,12.62537868,RH01,216
217,A,15.05085415,24,84.55824193,2.404155484,2.756447061,2734.649871,14.55085919,RH03,217
218,A,17.84647901,24,95.39358792,2.423957391,2.69135983,569.5032004,11.0323825,RH01,218
219,A,13.49365635,24,74.02719477,2.407068929,2.455333052,-808.3124778,1.90869304,RH03,219
220,A,12.29506659,24,74.12225901,2.429255618,2.850403651,1133.14445,17.40010945,RH03,220
221,A,11.68231646,24,82.46550959,2.405629947,2.505616413,183.8884672,4.16323904,RH01,221
222,A,11.49602387,24,75.85851417,2.390610457,2.396345982,891.4578983,0.174883537,RH01,222
223,A,22.70911795,24,91.17460784,2.394714869,2.931522469,2509.442009,22.33570329,RH03,223
224,A,7.581058592,24,39.38964484,2.443674151,2.348192964,-1155.692107,-4.279656207,RH03,224
225,A,13.28036305,24,70.39674531,2.385872777,2.441243336,654.2153388,2.572302108,RH03,225
226,A,5.149386794,24,49.6623319,2.424617706,2.711238755,3113.173566,11.92442537,RH04,226
227,A,13.95630885,24,63.32254608,2.461231332,2.867854374,2893.142704,16.66141229,RH03,227
228,A,30.0752092,24,105.1377407,2.370550874,2.520124428,-131.2965041,6.241401071,RH04,228
229,A,13.76467824,24,84.81506899,2.430999968,3.088416468,3839.130204,27.16767112,RH02,229
230,A,20.86628023,24,59.9159172,2.442221865,2.624105234,1492.604341,7.25979363,RH03,230
231,A,10.67429073,24.00000001,59.57944496,2.390448532,2.667650825,3022.780367,11.6978434,RH04,231
232,A,-0.764449054,24,67.56650852,2.411828529,2.380738396,953.8059772,-1.168091512,RH01,232
233,A,4.503317901,24,68.41551535,2.442501865,2.40350379,-688.4556091,-1.898981794,RH03,233
234,A,14.39833154,24,101.5656378,2.422914531,3.037919079,4337.310559,25.45215968,RH03,234
235,A,15.81990913,24,88.46756208,2.402635332,2.437033703,-737.6209592,1.408446235,RH03,235
236,A,8.404393399,24,82.7726233,2.429614057,2.432148976,-860.5654315,-0.169213352,RH03,236
237,A,22.02907401,24,83.90075112,2.37840321,2.618728076,2189.857452,10.00901253,RH01,237
238,A,12.65081067,23.99999999,71.32501606,2.409885109,2.984842717,4281.594949,24.00436977,RH02,238
239,A,17.61270876,24,98.31050752,2.427986267,2.890234468,2278.402023,19.24326971,RH03,239
240,A,14.47147589,24,73.57537706,2.434646752,2.594374872,-383.602438,6.446988118,RH03,240
241,A,17.17882744,24,80.36964418,2.39633886,2.674807171,1729.633899,11.54938874,RH01,241
242,A,13.92582162,24,65.5719789,2.436546469,2.525765957,290.0227046,3.436713013,RH01,242
243,A,9.434474035,24,57.7929402,2.406962278,2.688164533,2292.294386,11.7893459,RH03,243
244,A,6.972265357,24,73.87913609,2.37266093,2.555450268,2592.646162,7.632098936,RH01,244
245,A,9.325498136,24.00000001,90.80970862,2.412581063,2.652510189,120.8446761,9.864969315,RH02,245
246,A,15.05800705,24,56.33738274,2.412310427,2.95087849,4149.091618,22.30623869,RH04,246
247,A,14.24932867,24,93.10956261,2.414214753,2.652481201,-878.2283806,9.854668191,RH01,247
248,A,26.36424417,24,75.65300135,2.410133507,2.774665362,1441.347992,15.16585249,RH03,248
249,A,13.62314746,24,59.34006138,2.423271476,3.01337184,5130.052918,24.4305227,RH03,249
250,A,27.75467501,24,101.2273548,2.418928655,3.006304125,3857.508537,24.33047953,RH01,250
251,A,21.24152262,24,70.70807101,2.418058868,3.042755676,5883.509372,25.89162056,RH03,251
252,A,27.13617658,24,88.44052188,2.402480882,2.919473452,3609.165026,21.51368285,RH01,252
253,A,6.029072597,24,56.20054018,2.407993869,2.289347308,884.1849026,-5.108549333,RH01,253
254,A,-0.135939783,24,46.21415353,2.404946083,2.042901501,-2023.428659,-15.05897048,RH02,254
255,A,26.09176902,24,143.2796081,2.418933196,2.964919381,2553.994161,22.56192598,RH01,255
256,A,17.62910913,24,78.29876102,2.455879182,3.430182761,5332.80664,40.28969888,RH01,256
257,A,13.41541305,24,85.47294561,2.339506797,2.458860881,464.1214209,5.368929808,RH03,257
258,A,5.167069218,24,62.94811917,2.452241563,2.366207097,-670.1828644,-3.799740554,RH03,258
259,A,11.16284709,24,54.23962683,2.362860714,2.718435685,3145.534412,14.98427964,RH03,259
260,A,20.98570588,24,89.72508433,2.395602272,2.748474733,2128.265838,14.83310451,RH01,260
261,A,29.51685131,24,101.4819171,2.393033242,2.567389829,-609.7169371,7.319594325,RH04,261
262,A,29.70013594,24,74.03464357,2.423255635,3.135621674,4948.549292,29.40275343,RH03,262
263,A,25.0153196,24,116.3904565,2.388249328,2.656430674,829.266785,11.23884193,RH01,263
264,A,9.650854183,24,67.73795566,2.382943451,2.779920021,1728.07719,16.58454547,RH03,264
265,A,11.0403354,24,61.88193826,2.410753172,2.611779876,1762.62393,8.332646824,RH04,265
266,A,10.77532124,24,39.56743252,2.432264266,2.568114784,-35.01679603,5.582554446,RH04,266
267,A,11.52461938,24,51.57555373,2.460694791,2.799279849,2322.655225,13.75076072,RH01,267
268,A,10.063594,24,81.70789916,2.411312876,2.734737885,1866.445625,13.56570924,RH01,268
269,A,18.69603038,24,85.67439569,2.379475394,2.632513903,1677.719125,10.57269534,RH01,269
270,A,20.03241551,23.99999999,88.4645014,2.36528271,2.740029715,2564.899283,15.70331653,RH03,270
271,A,20.38170679,24,91.06236569,2.423048164,2.975347159,4270.966525,22.85090583,RH03,271
272,A,15.22634331,24,54.96073674,2.408913627,3.01202564,6050.396215,25.14615054,RH01,272
273,A,9.358511564,24,83.02190797,2.392232509,3.011254018,5009.646149,26.03265453,RH03,273
274,A,24.80808858,24,95.28048094,2.420232269,2.666872122,300.5039599,10.04207596,RH03,274
275,A,16.18836324,24,77.49202902,2.41681523,2.836735637,3106.594669,17.49117462,RH01,275
276,A,4.791242139,24,37.98429345,2.398361201,2.759504961,3350.300126,15.1408925,RH01,276
277,A,12.01402888,24,65.15615599,2.390682987,2.527944857,668.4901038,5.826523541,RH03,277
278,A,8.823270854,24,54.5210568,2.438197583,2.734990033,3191.520333,12.04761026,RH01,278
279,A,10.96475984,24,75.83489669,2.405803475,2.637577627,2496.621412,9.59767298,RH03,279
280,A,13.29755619,24,79.46460501,2.426428553,2.353814148,-1185.867043,-3.182425852,RH02,280
281,A,15.25415089,24,94.78016188,2.429208771,2.855977482,2016.465086,17.70034516,RH01,281
282,A,5.581895905,23.99999999,81.42075665,2.43768618,2.451629981,205.9489507,0.383623163,RH04,282
283,A,19.59855883,24,88.49188028,2.393196326,2.704826455,2595.358911,13.18523764,RH01,283
284,A,-0.943238153,24.00000001,47.40557076,2.408591823,2.513640995,2088.078254,4.390057152,RH01,284
285,A,16.25718489,24.00000001,92.37246038,2.414822972,2.668523766,1958.660318,10.43529215,RH04,285
286,A,18.41961153,24,74.44451936,2.387868923,2.621859728,242.5134659,9.711643545,RH01,286
287,A,-0.470627504,24,38.76928828,2.384600565,2.325123949,1612.101199,-2.252587651,RH04,287
288,A,15.59198785,24,74.70308656,2.418385538,2.714107684,929.6643784,12.22360301,RH03,288
289,A,7.617657688,24,33.91396662,2.442690733,2.728671299,2894.758816,11.74132926,RH02,289
290,A,18.56099039,24,70.780637,2.41885083,2.453747086,-845.8270551,1.229502982,RH03,290
291,A,1.927234109,24,46.038258,2.373320225,2.513668093,1924.716889,5.999620636,RH01,291
292,A,20.54657094,24,80.52892541,2.419416092,2.860489176,3252.249413,18.12027992,RH03,292
293,A,12.45008068,24,46.50814231,2.423234082,2.699783982,3476.245019,11.31632229,RH02,293
294,A,4.472499781,24,57.1043898,2.385774016,2.289491988,-573.8438243,-3.903921645,RH03,294
295,A,8.079395624,24,55.78115889,2.395476956,2.335337101,-95.9100855,-2.546271533,RH03,295
296,A,16.89668789,24,71.33658027,2.373925471,2.792933552,4509.593643,17.45597022,RH03,296
297,A,21.80116237,24,107.529146,2.410466569,2.675058429,1178.411745,10.89837688,RH03,297
298,A,17.82911042,24.00000001,66.86363418,2.330866242,2.352752384,1489.123113,1.215372593,RH03,298
299,A,22.29517748,24,92.06826594,2.394270847,2.970158954,2516.461446,23.98727819,RH03,299
300,A,20.71173501,24,84.50754837,2.430017911,2.921753464,2724.540664,20.29398399,RH03,300
301,A,18.39159043,24,75.43726673,2.413018778,2.991214363,2286.998462,24.0074214,RH04,301
302,A,9.647134796,23.99999999,41.6263932,2.415395664,2.997584502,4150.139175,24.12616142,RH02,302
303,A,7.234224194,23.99999999,68.35942751,2.432084406,2.618422782,2053.991405,7.643302597,RH02,303
304,A,20.32352762,24,99.16664855,2.41847335,3.020739777,3390.221699,24.98511008,RH01,304
305,A,14.48053909,24,73.87758361,2.403088729,2.880507847,4480.37914,19.73645641,RH01,305
306,A,1.28372939,24,45.7210636,2.482574658,2.81503235,3174.646538,13.49176864,RH03,306
307,A,22.15743949,24,72.4438094,2.416424587,2.976039216,3099.106485,23.12465276,RH01,307
308,A,12.62996366,24,58.38824606,2.409906679,2.731774482,1740.744752,13.47297141,RH02,308
309,A,5.719693348,24,76.56886315,2.353690962,2.363105586,-319.3172858,0.692175654,RH04,309
310,A,23.33481695,24,80.34079386,2.386250315,2.892552229,4167.281864,21.10925202,RH01,310
311,A,19.44369979,23.99999999,81.73578737,2.442256827,2.976996516,3237.65818,22.10058683,RH03,311
312,A,16.80766221,24,96.54916575,2.371187655,2.488569943,-309.3099845,5.157227271,RH03,312
313,A,19.01523252,24,96.15974725,2.385715471,2.571693462,983.96132,7.744359507,RH01,313
314,A,15.17306629,24,94.79467677,2.398926723,2.881115634,4864.045619,20.15410583,RH02,314
315,A,-3.627658727,24.00000001,45.45130295,2.433865812,2.487237158,1137.63446,2.205025736,RH02,315
316,A,17.42211204,24,62.1530202,2.425775376,2.626141916,784.3388322,8.154986517,RH02,316
317,A,28.78715906,24,82.21314979,2.36302275,2.826247904,4553.386528,19.35875393,RH01,317
318,A,9.076131614,24,46.11793484,2.391113647,2.555098248,2381.620502,6.845732054,RH02,318
319,A,15.78091503,24,86.10197428,2.420250365,2.911412715,2935.797963,20.222677,RH03,319
320,A,2.477868886,24,42.90618978,2.397563802,2.693636145,2367.858152,12.31821494,RH01,320
321,A,15.79621287,24,50.04733968,2.377065273,2.287672396,-1336.905141,-3.801840512,RH04,321
322,A,7.198718539,24,72.26356799,2.371466375,2.301954076,-422.0938341,-2.771315873,RH03,322
323,A,15.6283097,24,66.49579606,2.428125465,2.802425352,2702.188932,15.45285305,RH03,323
324,A,18.91703429,24.00000001,94.45643615,2.441899152,2.917920975,2585.904449,19.67227963,RH02,324
325,A,21.50398133,24,107.2484173,2.361972115,2.730196672,2795.222378,15.466713,RH03,325
326,A,31.90912895,24,97.0945453,2.406282893,2.703932267,-65.98113847,12.1827417,RH04,326
327,A,16.09594261,24.00000001,73.25596864,2.42716039,2.815479006,2052.008397,16.04273506,RH03,327
328,A,24.51641628,24,89.03699682,2.460626417,2.981837239,2591.809531,21.33327566,RH03,328
329,A,7.113288814,24,50.4394003,2.408276153,2.520551991,-59.87554892,4.703404408,RH02,329
330,A,24.33606628,24,82.97970501,2.394967685,2.641718288,1111.382702,10.16014934,RH01,330
331,A,16.59502605,24,82.59103258,2.414098559,2.413428948,-1229.584783,-0.129772502,RH02,331
332,A,10.04743998,24,67.06939641,2.412922683,2.884462094,4746.97039,19.52199498,RH04,332
333,A,20.7851558,24,77.88749217,2.388634912,2.869863481,2213.464498,20.17980082,RH01,333
334,A,6.256016185,24,52.3875345,2.424466084,2.576120651,1635.529254,6.27057735,RH04,334
335,A,15.09054688,24,84.45715488,2.402148952,2.46492177,1355.731719,2.571698293,RH01,335
336,A,-0.247933849,24,33.12729086,2.380683939,2.268870199,-1655.559679,-4.43837625,RH04,336
337,A,7.27771288,24,40.10176071,2.422422592,2.513024624,356.5217176,3.796945272,RH03,337
338,A,5.355560806,24,73.4128727,2.424620181,2.693067954,2101.957677,10.99205355,RH03,338
339,A,6.834831968,24,69.34923944,2.438183737,2.424312433,514.484419,-0.866959548,RH01,339
340,A,9.908867847,24,56.27072426,2.410822397,2.603289282,1493.237629,8.03284592,RH01,340
341,A,12.0454001,24,81.1734128,2.426939186,2.483794637,-407.3871872,2.013999646,RH04,341
342,A,9.994181636,24,67.64745385,2.434864092,2.755162517,978.9185931,13.0041851,RH03,342
343,A,19.84798676,24,75.87866166,2.415314705,2.873578953,2635.404989,18.98506752,RH01,343
344,A,17.62291314,24,80.58728204,2.453341076,3.136586549,5277.906206,28.31132104,RH03,344
345,A,26.17009561,24,93.47395465,2.418142623,2.632247629,-402.5920502,8.665410332,RH01,345
346,A,20.29163044,23.99999999,101.3237143,2.409381842,2.314284738,-2420.454967,-4.174073238,RH03,346
347,A,13.97041562,24,80.7112841,2.401517836,2.554072044,-1250.964039,6.460326224,RH03,347
348,A,18.43462125,24,89.78415552,2.385014555,2.593529963,1649.210728,8.690863646,RH01,348
349,A,4.297274918,24,72.85763454,2.400364056,2.430838513,750.4300947,1.357681888,RH04,349
350,A,3.888726635,24,61.63051437,2.458592085,2.532572507,-1679.961518,2.811549855,RH03,350
351,A,16.48894854,24,88.89648364,2.387932881,2.577529502,2521.18912,7.923374979,RH03,351
352,A,18.42930336,24,77.91942744,2.366781898,2.793516165,2939.520193,17.89154937,RH01,352
353,A,0.276749224,24,27.61096554,2.428801154,2.414327294,1518.755695,-0.735980016,RH03,353
354,A,-6.743333106,24,68.99070615,2.462439612,2.449431024,-273.298122,-0.811160058,RH01,354
355,A,13.57482333,24,65.26160311,2.449215099,2.597542743,691.7698435,5.92785874,RH03,355
356,A,10.32592391,24,63.24410754,2.43815404,3.069411217,6876.16864,26.12635686,RH03,356
357,A,0.197268165,24,34.8580732,2.35952248,2.028991328,-1793.709657,-13.50658919,RH02,357
358,A,26.21292753,23.99999999,96.33488068,2.425718892,3.029444232,4130.591201,24.81173399,RH02,358
359,A,10.72218388,24,70.95959696,2.433070946,2.627145362,65.16277949,7.991932348,RH01,359
360,A,0.776289382,24,46.53704477,2.365679076,2.568234648,3045.997057,8.461699239,RH03,360
361,A,7.334834876,24,60.10915591,2.43543064,2.560761289,898.1485386,4.948315452,RH03,361
362,A,16.50775261,24,74.50411144,2.376144078,2.237576452,-104.3541774,-5.784910149,RH03,362
363,A,6.743454705,24,68.2964393,2.427101386,2.695337641,2503.54972,11.07658932,RH01,363
364,A,29.81979396,24,84.85363454,2.389060217,2.647432354,1039.799271,10.59378697,RH02,364
365,A,16.4929144,24,95.5256448,2.350040253,2.66440485,1780.402535,13.33286083,RH02,365
366,A,3.847850986,24,52.72677295,2.450309908,2.793236739,3553.870691,13.99225812,RH01,366
367,A,5.330027707,24,80.31769525,2.418566181,2.653650486,1331.088748,9.652251446,RH03,367
368,A,12.75853608,24,86.70782127,2.446130044,2.762721924,1909.611917,12.93606602,RH01,368
369,A,3.65201457,24,52.53544836,2.458581203,2.522379941,251.3065229,2.264757393,RH03,369
370,A,17.19396922,24,72.56054362,2.396716842,2.706298499,2338.847464,12.93777549,RH02,370
371,A,17.67700524,24,80.21934641,2.410828573,2.713072434,-651.3707144,12.52955592,RH03,371
372,A,16.14551912,24,66.12259487,2.479660596,3.046370282,3265.828875,23.21289187,RH02,372
373,A,16.4011903,24,79.65640492,2.400905474,2.527501007,-217.5567369,5.262513027,RH01,373
374,A,22.64441262,24,96.57833846,2.404314885,2.88647068,3800.622592,20.00867579,RH03,374
375,A,22.02394622,24,100.4155411,2.399402676,2.968166392,3134.548756,23.66174779,RH01,375
376,A,12.65430126,24,55.71472321,2.427635317,2.520304336,-584.1090636,3.720857761,RH01,376
377,A,12.0849455,24,87.2807991,2.407243247,2.529182539,587.1256853,5.070884241,RH02,377
378,A,5.084162314,23.99999999,61.5594532,2.39954333,2.412869548,111.6119599,0.611728121,RH03,378
379,A,6.171368641,24,59.88798777,2.441336327,2.77737094,2930.997474,13.86787023,RH01,379
380,A,15.29045028,24,59.96236592,2.426681558,2.700805331,4003.953737,11.3395006,RH01,380
381,A,6.638718988,24,45.27302028,2.404394267,2.338727746,18.63645228,-2.794070177,RH03,381
382,A,10.21797022,24,82.26001591,2.388691135,2.594615565,417.829034,8.635415954,RH04,382
383,A,22.59436181,24,100.049531,2.416730581,2.73634707,975.6405932,13.07309824,RH01,383
384,A,15.93568571,24,79.68836572,2.398878648,2.620982459,752.5229508,9.282104149,RH03,384
385,A,10.01474297,24,69.26681192,2.427665613,2.733443747,1529.552957,12.63161041,RH01,385
386,A,22.75721527,24,95.34135813,2.428094812,2.719766228,761.4232707,11.84605078,RH02,386
387,A,10.592618,24.00000001,75.46768138,2.414149277,2.796586805,2116.704958,15.92387979,RH04,387
388,A,2.823273693,24,84.27987719,2.422119185,2.555833635,196.0239113,5.45891595,RH01,388
389,A,3.142332079,24,32.88093596,2.424599463,2.557800873,2472.214002,5.433043846,RH01,389
390,A,18.07329823,24,91.94039351,2.386607266,2.984639771,5232.276446,24.94886271,RH03,390
391,A,17.90449762,24.00000001,84.62278332,2.357114541,2.759859824,4970.830585,16.8591855,RH04,391
392,A,2.763940241,24,55.41963889,2.407961558,2.149437868,-2445.537028,-10.89652222,RH01,392
393,A,12.56872681,24,65.34589664,2.416858968,2.887435237,3739.711227,19.58328424,RH03,393
394,A,11.89354164,24.00000001,84.35737439,2.431234411,2.746223848,3392.17544,12.97113981,RH03,394
395,A,26.47315513,24,93.34177638,2.449282755,3.220806689,7313.078922,31.82865556,RH03,395
396,A,16.59273394,24,81.35892804,2.371552865,2.37035747,956.6631665,0.02172019,RH01,396
397,A,1.352480146,24,65.52708268,2.36745976,2.343400678,631.7031361,-0.72318262,RH04,397
398,A,12.81360838,24,77.84678358,2.374226921,2.615475223,2623.335307,10.17238702,RH03,398
399,A,11.98015578,24,84.18938239,2.418451458,2.581669046,800.3633599,6.727353745,RH03,399
400,A,11.72960374,24,58.18177609,2.419781221,2.563814454,304.5317107,5.876482854,RH03,400
401,A,14.62571154,24,80.69561916,2.397878724,2.639237021,2394.670383,10.07669696,RH04,401
402,A,6.016680277,24,49.39594275,2.371930787,2.225185874,627.8931662,-5.953386978,RH03,402
403,A,0.022797436,24,25.27810325,2.403902023,2.503110011,1982.263141,4.215097838,RH03,403
404,A,13.25309457,24,66.66826517,2.377728252,2.606022195,2011.561635,9.618671871,RH03,404
405,A,21.14014964,24,76.30892689,2.375075541,2.625546901,1998.533558,10.47790659,RH02,405
406,A,9.853965474,24,68.6108961,2.401603936,2.252575669,324.8055369,-6.122149197,RH03,406
407,A,7.014465602,24,65.97152512,2.426510897,2.404192183,-804.3676859,-0.952521523,RH01,407
408,A,31.47009538,24,108.9821417,2.423568688,3.111568098,5030.81927,28.47964253,RH04,408
409,A,11.30931,24,68.29102851,2.406387352,2.742891924,1985.460998,14.0161958,RH04,409
410,A,18.92213967,24,102.1021359,2.438709286,2.734676416,1121.492581,12.13989639,RH02,410
411,A,2.32998083,24,57.23503979,2.421388644,2.435176341,-564.6562069,0.476444819,RH03,411
412,A,16.19416908,24,80.75438867,2.428654863,2.837106331,4484.009494,16.89964014,RH01,412
413,A,9.44481785,24,49.38107159,2.37187939,2.564184845,2409.345698,8.201380906,RH02,413
414,A,26.2304282,24,94.72335913,2.442570012,3.16131169,5709.759508,29.62043346,RH01,414
415,A,14.69798872,24,73.45912955,2.389726139,2.396084571,227.681541,0.325537853,RH04,415
416,A,12.62641871,24,64.09841966,2.391887991,2.912058908,4481.448682,21.59787432,RH01,416
417,A,20.31092104,24,90.73434387,2.399712402,2.984652372,4017.924795,24.1931976,RH02,417
418,A,7.562275519,24,59.43628704,2.403987586,2.024095828,-4230.882511,-15.91884293,RH03,418
419,A,21.2673586,24,79.90092174,2.399091774,2.748865255,1629.536665,14.44925305,RH01,419
420,A,10.75990118,24,79.3535446,2.443576976,2.886885587,1565.475219,18.21731464,RH03,420
421,A,32.59451387,24,124.1443467,2.377930964,2.993636005,3977.645709,25.61736792,RH01,421
422,A,7.890373259,24,43.95121857,2.389095645,2.660151922,3599.658899,11.28953515,RH04,422
423,A,13.91016651,24,89.80706085,2.416469297,2.651916073,2738.844598,9.676198249,RH03,423
424,A,8.233489731,24,42.16315217,2.402684044,2.50256793,903.9964139,4.083405557,RH03,424
425,A,7.035386999,24.00000001,79.93665244,2.399958017,2.289365691,399.1646035,-4.529203362,RH01,425
426,A,15.29003478,24,86.81917221,2.399398344,2.77340983,3886.451831,15.70397038,RH03,426
427,A,16.88736055,24,71.28609313,2.413569171,2.727901982,4050.682719,12.99219816,RH01,427
428,A,9.848091506,24,35.31995547,2.393863863,2.524823755,3182.248349,5.512589038,RH01,428
429,A,14.60725981,24,62.21267387,2.402526144,2.559489129,860.1830263,6.47978219,RH03,429
430,A,10.97995673,24,57.44915307,2.41589707,2.888743741,3218.08803,19.63588039,RH03,430
431,A,22.15982567,24,83.251152,2.43247583,2.959913433,1807.333168,21.75278986,RH03,431
432,A,18.03370959,24,55.69422091,2.354124463,2.532940957,2802.362891,7.600357635,RH02,432
433,A,17.45191012,24,60.43214388,2.467521693,3.003078612,3744.192268,21.87134254,RH03,433
434,A,14.90454112,24,93.16099946,2.375971982,2.430643727,-1628.841569,2.425280136,RH01,434
435,A,21.71395966,24,65.61964837,2.373421248,2.901905425,4237.508889,22.15595302,RH02,435
436,A,15.87771663,24,52.402375,2.416447415,2.681498689,2440.568715,10.91584238,RH01,436
437,A,12.86586719,23.99999999,51.69337974,2.463658655,2.807061073,4757.502158,13.93286097,RH01,437
438,A,7.356231113,24.00000001,64.09067814,2.393631803,2.713859334,3070.154437,13.46154441,RH03,438
439,A,0.301921289,24,56.71585924,2.431046039,2.316337237,-491.7416702,-4.969722241,RH02,439
440,A,23.88801864,24,89.86826407,2.435556959,2.887295671,1255.050171,18.60027768,RH01,440
441,A,19.07753955,24,70.27425268,2.40154767,2.876537649,2063.132049,19.77182689,RH04,441
442,A,24.50269296,24,96.3105066,2.398866667,2.896363022,4033.581142,20.68716257,RH03,442
443,A,20.5805896,24,112.2958301,2.427408249,2.814862453,2985.982257,15.86339318,RH04,443
444,A,17.03003283,24,95.03199404,2.42782796,2.863005622,1947.188294,17.9808548,RH03,444
445,A,8.474160729,24,57.56051292,2.399447676,2.590740704,921.7735871,7.936448138,RH01,445
446,A,12.54908406,24,62.53482677,2.397591664,2.70082076,1186.572504,12.59624739,RH03,446
447,A,17.96244761,24.00000001,73.78983877,2.421714114,2.567250711,6.772762573,5.940427423,RH01,447
448,A,10.48340188,24,80.12789606,2.419052672,2.543901046,225.0312464,5.08212979,RH02,448
449,A,9.425699869,24.00000001,88.20488953,2.366117597,2.450657412,280.1566394,3.632717277,RH04,449
450,A,0.294143676,24,61.93684801,2.426480625,2.654424959,290.3784415,9.316125332,RH02,450
451,A,11.01457549,24,75.97699056,2.447515692,2.929737047,3458.992693,19.81012822,RH03,451
452,A,22.89167261,24,99.90066642,2.437948393,2.782095568,1708.462145,14.11950707,RH03,452
453,A,21.76025672,24,75.5206882,2.414803916,2.70492378,407.4051682,11.76714454,RH03,453
454,A,9.431481332,24.00000001,64.84722218,2.397839876,2.295086407,-2981.983063,-4.257463835,RH02,454
455,A,17.56473647,24,82.9371567,2.406291001,2.490002118,-1289.65988,3.38348361,RH03,455
456,A,13.30670273,24.00000001,86.07576722,2.388454706,2.569120858,3672.751142,7.616805624,RH02,456
457,A,15.64679135,24,78.26542868,2.446865684,3.133206305,4770.23204,28.2474472,RH02,457
458,A,15.9892699,24,61.09296305,2.394135855,2.397991033,-1522.530422,-0.012914455,RH01,458
459,A,22.3170423,24,90.84513829,2.417474686,2.877953027,2048.378655,19.01533012,RH04,459
460,A,12.34599644,24,79.31671574,2.483956737,2.786531624,1005.114203,12.10465769,RH01,460
461,A,16.18833452,24,74.70005488,2.358391763,2.426986893,-517.6865662,2.915474389,RH01,461
462,A,34.56550511,24,104.2782506,2.380546177,3.092449266,3948.933673,29.6546336,RH01,462
463,A,11.20787569,24,71.72415094,2.466309479,2.780044458,1579.983988,12.534886,RH03,463
464,A,11.86444541,24,74.78293956,2.421433205,2.420126183,398.9792197,-0.091500953,RH02,464
465,A,1.426080638,24.00000001,46.44921184,2.438485204,2.48229533,612.2740835,1.642268591,RH02,465
466,A,18.92102168,24,91.9664976,2.401705652,2.865037269,2250.300534,19.19311814,RH01,466
467,A,-0.290997201,24,30.97114365,2.354948101,2.32574457,1452.196327,-0.902845398,RH01,467
468,A,2.928930137,24.00000001,59.45825383,2.443389132,2.702160616,2212.289435,10.51650474,RH04,468
469,A,16.49975367,24,67.61371203,2.473285171,2.899020186,3050.783332,17.35856409,RH04,469
470,A,10.91907814,24,53.63832868,2.404673759,2.625610873,1893.351525,9.20877839,RH01,470
471,A,16.38492103,24,59.42298612,2.42635045,2.760863878,1498.979678,13.62734526,RH03,471
472,A,2.551153378,24,25.1075103,2.448093537,3.20021527,6518.341633,31.05976359,RH03,472
473,A,14.15349363,24,93.5689479,2.441757152,2.642314085,-900.8300511,8.075330616,RH02,473
474,A,-3.311570798,24.00000001,57.59767559,2.361074597,1.900880683,-4244.170154,-18.7681369,RH04,474
475,A,27.03933002,24.00000001,87.47921588,2.381411284,2.902131777,2651.367435,21.6915838,RH01,475
476,A,16.15814684,24,67.20063461,2.389666105,2.685929308,1464.004239,12.47327615,RH01,476
477,A,9.580579087,24,49.36479814,2.362535254,2.46472231,-343.8027762,4.356698174,RH01,477
478,A,19.38835197,24,101.2277328,2.402456717,2.676958684,2564.829676,11.39764395,RH04,478
479,A,18.84248812,24,74.77349036,2.430962097,2.72415667,2269.913687,12.02659541,RH04,479
480,A,-6.554640003,24,7.315345148,2.413552775,2.210394266,-697.939401,-8.46829479,RH03,480
481,A,8.310007515,24,47.51890715,2.405333557,2.435478177,1125.347397,1.234825359,RH03,481
482,A,9.897173546,24.00000001,84.86609386,2.426008604,2.679932138,573.2502121,10.43451806,RH01,482
483,A,9.07782906,24,50.1501166,2.406653588,2.690200547,1630.873344,11.67751173,RH02,483
484,A,10.99015863,24,74.94955085,2.411230716,2.540411571,1024.121319,5.354188991,RH04,484
485,A,21.26637881,24,81.73015328,2.416928204,2.686157658,-190.7590843,11.01881158,RH02,485
486,A,10.89250447,24,90.21139338,2.395807756,2.330296406,-459.8489697,-2.716408509,RH03,486
487,A,13.88141418,24,97.77630788,2.410741422,2.719944185,533.6289597,12.73766212,RH01,487
488,A,20.29794444,24,80.0774081,2.366230431,2.827001297,2642.21268,19.36046671,RH03,488
489,A,14.37209606,24,101.8319506,2.38696986,2.542627887,1021.853315,6.610483137,RH03,489
490,A,4.17963629,24,57.32658969,2.409526645,2.547158822,1858.804813,5.730621545,RH01,490
491,A,2.981446194,24,64.68757373,2.367883101,2.276076256,29.72642938,-3.563405957,RH04,491
492,A,22.91815453,24,70.65765846,2.382517193,2.718570967,2966.857644,14.0227179,RH01,492
493,A,6.188842217,24,80.68126123,2.450359816,2.875360774,3127.721016,17.40975547,RH04,493
494,A,18.7698886,24,63.67093369,2.420548059,2.792440847,3260.25581,15.29643863,RH01,494
495,A,-2.04492755,24,61.28575829,2.413324663,2.168582756,-2967.521591,-10.2465529,RH01,495
496,A,8.243301925,24,58.0717499,2.407795468,2.349618392,-207.8634587,-2.596352285,RH03,496
497,A,18.28630553,24.00000001,63.00610253,2.379520797,2.52388792,1758.378108,6.103759344,RH03,497
498,A,-2.056075884,24,61.3621797,2.450525838,2.670757555,243.9424517,9.198867009,RH01,498
499,A,15.56941127,24,68.7182325,2.434669637,2.666972841,2521.176025,9.511203281,RH01,499
500,A,3.676154656,24,51.2777458,2.397077665,2.523711777,2960.170128,5.352753049,RH01,500
501,A,19.29502346,24,77.12801819,2.420977797,2.406302818,-1243.078448,-0.733162428,RH02,501
502,A,19.37847254,24,75.2597935,2.420519984,2.848069296,1142.154223,17.53228159,RH01,502
503,A,25.4214294,24,104.2196402,2.369998224,2.805485058,4643.898012,18.4033819,RH03,503
504,A,33.16955591,24,122.6811997,2.437994617,3.235915874,2810.948966,32.85303311,RH01,504
505,A,16.15601139,24,88.83156093,2.409633367,2.663865858,1077.840253,10.37317742,RH01,505
506,A,21.10236756,24,97.75860213,2.440922394,2.657305477,-461.9855431,8.687706235,RH03,506
507,A,18.31561386,23.99999999,53.86721469,2.375935596,2.688870223,4010.015332,13.2037156,RH03,507
508,A,11.41893026,24,39.08827956,2.380499387,2.477396202,1864.430639,4.086463872,RH01,508
509,A,4.47443903,24,48.09618417,2.405545394,2.518643027,2290.812468,4.722094553,RH03,509
510,A,13.91809552,24,90.62936687,2.405745477,2.218613065,-3569.140246,-7.836940351,RH03,510
511,A,16.49491371,24,54.2018043,2.376543166,2.661134397,2295.086824,12.08306077,RH01,511
512,A,35.66722466,23.99999999,129.1031558,2.387692631,3.083171454,4205.419588,29.03314173,RH01,512
513,A,4.750213909,23.99999999,58.43118087,2.440657262,2.260710957,-2003.206336,-7.780416153,RH01,513
514,A,2.989812749,24,70.38399263,2.40915503,2.48602581,511.978966,3.14161278,RH01,514
515,A,10.56676543,24,71.56986677,2.402146307,2.538457873,376.8857809,5.726864667,RH02,515
516,A,20.94294025,24,93.5674494,2.452964093,2.947561726,3370.378639,20.36912481,RH03,516
517,A,1.919043923,24,53.31793791,2.469437102,2.771269144,2495.412052,12.32149843,RH03,517
518,A,3.948634856,24,72.73400655,2.454579685,2.479090352,94.94322514,0.814223872,RH01,518
519,A,15.155532,24,85.46348705,2.425535004,2.761831866,3053.661546,13.99101678,RH03,519
520,A,7.305801765,24,49.0275271,2.405351115,2.421506075,-28.65369793,0.582940326,RH03,520
521,A,7.227304618,24,71.97639908,2.402658476,2.256352807,-1275.786254,-6.052829739,RH03,521
522,A,14.76217672,24,64.19063367,2.476194015,2.848777345,3567.677134,15.04921947,RH03,522
523,A,14.69104882,23.99999999,75.9278661,2.410637885,2.635912605,1181.455292,9.247467167,RH02,523
524,A,12.75683835,24,80.85974175,2.434746622,2.821573437,2222.15381,16.05813259,RH03,524
525,A,7.123187387,24,77.5585347,2.4252929,2.591936942,1169.853231,6.927667903,RH03,525
526,A,20.14522255,24,85.29125059,2.415365221,2.584577781,-1151.703545,6.92040782,RH01,526
527,A,12.78576191,24,82.48501709,2.385197798,2.732278115,2995.670294,14.42757028,RH01,527
528,A,22.42766308,24,95.00071672,2.350659756,2.633242629,2066.651131,11.99532476,RH02,528
529,A,-0.33107443,24,50.29705113,2.460834402,2.671457771,1912.37636,8.372085112,RH01,529
530,A,6.229580209,24,47.00898772,2.364223956,2.618247616,2759.988838,10.79684622,RH03,530
531,A,8.151208026,24,65.8777821,2.410396739,2.652846096,1440.62047,10.21461075,RH03,531
532,A,25.00503185,24,92.65028837,2.47309213,3.306712217,4170.729367,34.30354591,RH01,532
533,A,4.91018901,24,63.50391436,2.372184178,2.373946615,-162.1186758,0.218440107,RH01,533
534,A,8.572913387,24,71.01462087,2.371569565,2.490241465,959.980797,5.118692568,RH02,534
535,A,17.61637902,24,71.458158,2.41224802,2.580508426,390.6857983,6.864955446,RH01,535
536,A,8.889679751,24,73.72103714,2.356064003,2.47045175,348.6616176,5.017481443,RH02,536
537,A,16.06277726,23.99999999,67.89397272,2.400816303,3.082222209,7061.06851,28.35970225,RH04,537
538,A,11.14098748,24,56.63984056,2.403197029,2.53734933,335.042076,5.594177941,RH03,538
539,A,11.06820966,24,59.32052161,2.462776356,2.826310991,3079.556746,14.78468168,RH01,539
540,A,20.02065104,24,77.54312555,2.401479511,2.661434524,1937.023419,10.71883435,RH01,540
541,A,11.80040038,24,52.99585763,2.41807567,2.706446422,2465.972452,11.9096226,RH03,541
542,A,23.28927359,24,95.69493565,2.436545677,2.952111593,3021.98564,21.1461851,RH01,542
543,A,20.24160254,24,95.20738073,2.331496271,2.648278164,1767.336167,13.66356175,RH03,543
544,A,24.45634004,24,103.1642354,2.351536247,2.685795482,1467.177359,14.21515498,RH01,544
545,A,15.13322324,24,48.19436807,2.358821109,2.588387418,2258.328209,9.903163679,RH01,545
546,A,23.4872269,24,71.41679937,2.44064599,2.898413925,3151.816833,18.76735644,RH02,546
547,A,11.54270977,24,72.33419644,2.382726671,2.343204921,-590.5783755,-1.6968024,RH03,547
548,A,14.06055544,23.99999999,76.00420985,2.435741077,2.724224861,1879.052609,11.74132046,RH03,548
549,A,16.59598014,24,65.86535612,2.400732592,2.770693832,2436.211618,15.4069127,RH02,549
550,A,13.05838773,24,61.15965736,2.417526204,2.481278643,-721.8021942,2.60830471,RH03,550
551,A,17.24597141,24,92.18412902,2.435220571,2.691313454,1539.357995,10.55804385,RH03,551
552,A,14.81063767,24,88.04288152,2.416001115,3.186751481,4169.044665,32.03138201,RH01,552
553,A,13.55849946,24,71.23305352,2.442873877,2.705124959,716.6222814,10.69279944,RH02,553
554,A,21.36904845,24,87.05576392,2.369720376,2.884162731,3365.853204,21.48254309,RH01,554
555,A,20.66281128,24,81.34265597,2.398129422,2.758996807,3175.976871,15.04970196,RH03,555
556,A,16.37492662,24,95.77602168,2.42382741,2.783187541,328.5142064,14.83452926,RH02,556
557,A,30.30893679,24,98.77474954,2.382448749,2.941352155,3502.536056,23.30876894,RH01,557
558,A,10.76144835,24,70.76432465,2.422883563,2.580403564,1034.089144,6.488515462,RH03,558
559,A,16.20842631,24,58.22648781,2.371827721,2.527818261,593.1646085,6.610932189,RH03,559
560,A,0.128313303,23.99999999,53.45968274,2.402877822,2.351751725,-689.6531378,-2.02451797,RH01,560
561,A,24.00512225,24,94.83685673,2.391108212,2.996503226,4043.557257,25.28300878,RH03,561
562,A,16.28885127,24,88.28646573,2.441826924,2.922491844,243.8220868,19.71961769,RH03,562
563,A,16.55809912,24,81.87126714,2.4140273,2.873547652,2881.02247,18.96551978,RH03,563
564,A,2.558502306,24,40.70701517,2.406834079,2.691662627,2155.701978,11.89513371,RH01,564
565,A,15.73610641,24,59.11353438,2.385096269,2.478382629,-30.23967734,3.976744442,RH04,565
566,A,8.577685606,23.99999999,64.90509531,2.394569731,2.167821977,-550.6687257,-9.47057943,RH04,566
567,A,18.32949316,24,96.25256176,2.411343309,2.7123492,624.7736326,12.40289292,RH03,567
568,A,9.330242435,24,62.2429694,2.381046837,2.628944537,2632.018583,10.34457844,RH04,568
569,A,14.04111528,24,57.04667998,2.388912611,2.839259122,2738.171934,18.93629663,RH03,569
570,A,14.12704512,24,92.36521984,2.351091436,2.567682208,1324.765672,9.297689113,RH04,570
571,A,16.74237111,24,64.21264673,2.38165841,2.348067982,-165.3945389,-1.450626959,RH03,571
572,A,2.338989719,24,36.93272742,2.448187642,2.171195016,-511.8841762,-11.91338184,RH03,572
573,A,7.061095462,24,51.35982456,2.409928218,2.682207546,3203.693802,11.2576889,RH01,573
574,A,9.819911687,24,73.06772544,2.406118989,2.608756,603.9228744,8.211659329,RH03,574
575,A,12.02980706,24,83.05368997,2.411520527,2.826949205,3501.852277,17.27433747,RH01,575
576,A,10.50867303,24,72.6243628,2.439944442,2.700229702,1053.97399,10.75225448,RH03,576
577,A,17.53511693,24,93.05611453,2.399301032,2.326971854,-315.9778486,-3.060453173,RH02,577
578,A,26.10468931,24,91.89156591,2.407415123,2.753203748,3514.655482,14.36676345,RH03,578
579,A,11.68609952,24,73.44893669,2.387250097,2.658370197,2566.544757,11.27558712,RH01,579
580,A,2.394776191,24,55.84663343,2.412030142,2.548313544,622.6862433,5.785531918,RH04,580
581,A,7.266302966,24,26.51155807,2.372830242,2.363701759,-343.1233048,-0.234772866,RH03,581
582,A,20.52299982,24,40.06896803,2.370348869,2.595838941,3867.718878,9.463606536,RH03,582
583,A,12.54563471,24,42.31551127,2.401196474,2.97870004,4646.911499,24.12650983,RH01,583
584,A,20.4636484,24,92.58058227,2.395394709,2.726595993,2594.217451,13.67794827,RH04,584
585,A,5.397508066,24.00000001,49.45614011,2.334811876,2.371119369,40.58602471,1.854049882,RH01,585
586,A,23.00279289,24,112.847275,2.35412023,2.842858826,3868.154044,20.53482491,RH01,586
587,A,10.26461361,24,96.08230606,2.350490474,2.156745012,-2042.882002,-7.809704749,RH01,587
588,A,8.084756282,24,60.76984023,2.444121069,2.412418342,1500.499632,-1.578850724,RH03,588
589,A,31.17246128,24,87.08735675,2.368197501,3.066692637,5190.882461,29.13878457,RH01,589
590,A,18.79540092,24,98.40978373,2.388373876,2.590218513,1726.067891,8.483926619,RH01,590
591,A,16.32511689,24,71.14148411,2.407407981,2.829729114,4299.334319,17.72075854,RH03,591
592,A,8.088117154,24,51.27306493,2.473242601,2.781264494,2657.084892,12.57854448,RH03,592
593,A,14.47836211,24,52.35802438,2.38862093,2.15902258,-720.6902107,-9.541151027,RH03,593
594,A,7.753524783,24,47.04440584,2.46345856,2.757098488,3167.909438,11.91391317,RH03,594
595,A,23.02676167,24,84.24423073,2.426976022,3.292777476,5167.515549,35.84052989,RH01,595
596,A,17.72024367,24,75.53579065,2.401477105,2.740812839,2358.082474,14.14421621,RH01,596
597,A,10.09704988,24,83.94366836,2.418105479,2.694167547,2957.951722,11.46491633,RH01,597
598,A,19.05007862,23.99999999,99.18239039,2.413839951,2.697228622,-49.25140701,11.6312813,RH01,598
599,A,23.61666953,24,101.1722993,2.379533481,3.011564316,2796.829369,26.466122,RH01,599
600,A,4.665419945,24,78.11533464,2.447440451,2.79715139,3040.46571,14.47028348,RH01,600
601,A,18.16849633,24,59.39074336,2.390585896,2.481603561,-1251.905542,3.796997212,RH03,601
602,A,7.137858806,24,66.56128071,2.41516763,2.857205853,4963.019306,18.33215391,RH02,602
603,A,18.28320025,24,84.29487051,2.408349413,2.749234888,832.2472565,14.12919305,RH02,603
604,A,22.43391683,24,69.55715727,2.377237793,2.953544588,4009.278749,24.1220291,RH02,604
605,A,28.02668782,24,106.8523814,2.427505316,3.078493981,4155.596436,26.82073828,RH01,605
606,A,19.67316479,24,86.64582314,2.399520506,2.665074437,-400.280839,11.08927594,RH01,606
607,A,14.5763673,24,65.49176237,2.452944047,2.641004939,994.1199039,7.563558139,RH03,607
608,A,14.52843067,24,56.51910469,2.369650716,2.709171135,3129.033046,14.31047116,RH03,608
609,A,-7.139402305,24,7.013047259,2.403198429,2.385784047,2378.527183,-0.636829732,RH01,609
610,A,18.55529869,24,75.88255228,2.381521053,2.501405492,874.8862094,5.097254768,RH03,610
611,A,23.46669838,24,95.13922246,2.349850208,2.69457378,1527.511827,14.68075127,RH04,611
612,A,4.90436693,24,51.36882694,2.401908536,2.338358535,-1139.801127,-2.676797137,RH03,612
613,A,13.44210559,24,62.57010394,2.431383912,2.791972864,2811.448928,14.92505848,RH01,613
614,A,16.05298699,24,87.14662089,2.35101313,2.492990221,1660.386616,6.246895444,RH03,614
615,A,18.80322999,24,91.74010665,2.407460443,2.872164468,2044.059408,19.43001563,RH01,615
616,A,14.42649874,24,74.70175316,2.373500128,2.576535084,852.5734416,8.651423588,RH02,616
617,A,13.21085608,24,81.26816501,2.428167337,2.939529929,4123.139283,21.14054107,RH03,617
618,A,24.19519022,24,111.3212242,2.406697354,2.837542844,1863.973314,17.84329289,RH02,618
619,A,-2.620275062,24,52.77366634,2.425686509,2.328381694,369.8318042,-4.185978621,RH03,619
620,A,12.4476645,24,80.47889833,2.383017301,2.765668996,3069.502088,15.90349273,RH02,620
621,A,16.99875997,24,84.15078255,2.453373511,3.264833266,4910.411794,33.54624142,RH02,621
622,A,12.54740311,24,41.08536268,2.419529367,2.740268158,2112.999974,13.2024717,RH02,622
623,A,26.86987463,24,99.27524459,2.442201506,3.151028591,5249.508524,29.27590176,RH03,623
624,A,11.73004632,24,66.4588328,2.373458522,2.64588229,2227.870446,11.38036903,RH03,624
625,A,12.87565165,24,80.70402307,2.408220137,2.558617108,43.14798649,6.27431002,RH01,625
626,A,14.58493634,24,71.77034437,2.384145822,2.744082963,2996.135202,15.03232667,RH03,626
627,A,6.585945798,24,62.65612757,2.41343534,2.431379996,561.6343657,0.612300528,RH02,627
628,A,17.59334757,24,68.03732753,2.379942862,2.542110547,1049.117669,6.855825632,RH04,628
629,A,3.503806707,24,39.49779105,2.399841903,2.355839544,-766.7077938,-1.738724083,RH02,629
630,A,17.42208869,24,74.52562563,2.447628791,2.401073132,-516.2615609,-2.290146282,RH02,630
631,A,18.37878379,24,58.75993158,2.389464087,2.644016483,2512.580283,10.49625217,RH03,631
632,A,17.62653984,24,72.77035499,2.423210041,2.576964501,2234.032902,6.312070879,RH01,632
633,A,20.14117943,23.99999999,75.78932011,2.419209051,2.82761025,4086.803206,16.85993235,RH03,633
634,A,28.41321014,24,92.69295917,2.437242611,3.123621293,4625.769431,28.42003477,RH03,634
635,A,14.33049638,24,80.68799622,2.376226782,2.430122662,-423.4039142,2.43797782,RH01,635
636,A,3.927750575,24,52.07928242,2.380513644,2.526125794,1992.606968,6.21481341,RH03,636
637,A,16.7007313,24,76.47672778,2.376461218,2.566706757,1716.206972,8.003617412,RH03,637
638,A,10.34104201,23.99999999,51.55289155,2.426636902,2.763711613,450.8035336,13.83602279,RH03,638
639,A,21.19368359,24,90.55993798,2.415310812,2.788925131,1103.010348,15.45434935,RH02,639
640,A,9.532762764,24.00000001,62.50144988,2.416387721,2.279350428,-1655.916864,-5.840427672,RH03,640
641,A,8.11328932,24,69.18016588,2.413790519,2.568791908,1605.116415,6.343542124,RH04,641
642,A,14.45772314,24,88.65242358,2.420878692,3.166518757,5842.601559,30.91590664,RH01,642
643,A,16.04301891,24,92.43729553,2.425602502,2.666173641,1320.007751,9.887295707,RH01,643
644,A,4.258736101,24,51.69726062,2.432577735,2.458789483,575.0762285,1.008765073,RH02,644
645,A,14.22503004,24,50.31053572,2.399345981,2.899715739,5043.341414,20.86866389,RH04,645
646,A,4.763517533,24,80.97962053,2.438563862,2.454284912,-934.0840491,0.360410068,RH03,646
647,A,18.62358462,24,81.23001972,2.383081781,2.23552786,621.0884609,-6.088754036,RH03,647
648,A,14.10304031,24,68.11554788,2.402954524,2.385242374,-1518.360509,-0.822242438,RH01,648
649,A,19.21546899,24,64.65098245,2.345020527,2.57850258,2242.491015,9.965696465,RH01,649
650,A,6.841868871,24,40.98277984,2.44301961,2.762816124,1424.530061,13.20664328,RH01,650
651,A,8.373629508,24,44.23082609,2.398495308,2.709714425,2856.286361,12.8924057,RH03,651
652,A,29.04440877,23.99999999,87.8411439,2.374038632,2.673933207,682.5865785,12.65335398,RH01,652
653,A,6.791935144,24.00000001,56.46872466,2.342045203,1.916906071,-2610.831492,-17.39375557,RH01,653
654,A,18.69113357,24,43.46251309,2.393033463,2.843487102,4889.814768,18.88847627,RH03,654
655,A,9.801499422,24,76.12514136,2.404001965,2.411286463,-86.17687624,0.311004814,RH02,655
656,A,5.342643149,24,56.39627362,2.410824645,2.428796475,1695.583698,0.76806653,RH01,656
657,A,17.95238169,24,89.94675648,2.433946437,2.832460034,1023.540979,16.24526909,RH03,657
658,A,13.89339189,24,100.3272387,2.420147191,3.069940345,4764.665081,26.98148015,RH02,658
659,A,12.90544729,24,83.17059715,2.389620016,2.506795537,1410.6714,5.02021996,RH02,659
660,A,21.71006462,24,89.57319019,2.380855706,2.481438046,-1878.256246,4.392812779,RH04,660
661,A,20.10733587,23.99999999,77.58604118,2.404988281,2.759966093,1927.055671,14.83338523,RH01,661
662,A,13.72316893,24,71.71251671,2.447723722,2.934602028,2103.033756,20.0928048,RH03,662
663,A,14.34766769,24,54.83246772,2.385028376,2.670107678,2966.398188,12.03896023,RH03,663
664,A,19.24349606,24,66.23952785,2.420011933,2.549651264,-129.7104272,5.118875156,RH01,664
665,A,12.58124039,24,76.62847047,2.34425383,2.429820454,363.4422119,3.878522184,RH03,665
666,A,22.6919207,24,75.55263007,2.447786685,2.845462989,2548.050033,16.22474775,RH03,666
667,A,16.52282579,24,79.79309087,2.441492108,3.01859827,2731.790337,23.84803869,RH01,667
668,A,7.856842473,24,65.16934048,2.410421127,2.539144273,2587.548265,5.31587642,RH02,668
669,A,20.16872998,24,63.45035434,2.356012306,2.508049826,1178.103513,6.541272907,RH03,669
670,A,22.77814178,24,73.45022585,2.437276088,2.829629538,3139.206867,16.05200752,RH01,670
671,A,10.21859432,24,59.9688051,2.453615815,2.864058767,2058.270952,16.77380593,RH01,671
672,A,2.578608003,24,40.5036759,2.369429339,2.177331342,533.5547652,-7.837946017,RH03,672
673,B,17.66597472,24,75.22739522,2.469786134,2.806237762,1440,13.76227886,RH03,673
674,B,3.657447119,24,44.67404075,2.488676233,2.644806973,1440,6.36203274,RH04,674
675,B,9.467270077,24,71.80485371,2.375544387,2.63389649,1440,10.60339127,RH03,675
676,B,-6.939308433,24.00000001,22.869772,2.411277419,2.405256357,1440,-0.233842722,RH02,676
677,B,10.92330051,24,61.68887405,2.477763093,2.732175238,1440,10.39426642,RH04,677
678,B,-0.045140246,23.99999998,6.340812757,2.529203127,2.516763226,1440,-0.530127139,RH04,678
679,B,26.1875492,23.99999998,106.6132607,2.346925431,2.811117805,1440,19.05767867,RH03,679
680,B,13.00361836,24,76.02722483,2.469875245,2.792439243,1440,13.17852781,RH04,680
681,B,7.223773953,24.00000002,42.1749571,2.447961555,2.592447008,1440,5.924747919,RH04,681
682,B,-17.73722577,24.00000002,-35.41752374,2.545845178,2.289239277,1440,-10.54056189,RH04,682
683,B,8.563137894,24,30.34924356,2.473423883,2.579639492,1440,4.360180928,RH04,683
684,B,-2.269521723,23.99999999,29.18757678,2.448070084,2.499950136,1440,2.120097611,RH04,684
685,B,-2.800978796,24.00000001,36.4796041,2.445057105,2.525995621,1440,3.301300743,RH02,685
686,B,9.761012925,24,55.77838226,2.472305885,2.694492934,1440,9.081949683,RH04,686
687,B,-0.060307804,23.99999998,16.73234518,2.530687581,2.564418547,1440,1.346684266,RH04,687
688,B,13.59561004,24.00000001,77.43611265,2.409252605,2.719400618,1440,12.70850238,RH04,688
689,B,0.577209931,24.00000001,36.58828956,2.482087657,2.588861448,1440,4.34582272,RH04,689
690,B,-11.32130178,24.00000002,1.909761287,2.49926674,2.414874476,1440,-3.485991496,RH02,690
691,B,-4.253837274,23.99999998,4.360501753,2.497324489,2.449479097,1440,-1.969982626,RH02,691
692,B,6.206938309,24.00000001,65.45244808,2.3783412,2.597513251,1440,8.995290509,RH03,692
693,B,2.000845611,24,22.35103567,2.467752493,2.512288623,1440,1.82821578,RH04,693
694,B,0.779011375,24,48.07706286,2.462462808,2.613793595,1440,6.169200372,RH02,694
695,B,-9.019512428,23.99999999,-9.124552941,2.573852112,2.475148672,1440,-4.098642677,RH04,695
696,B,12.18918774,24.00000001,59.25987272,2.446783672,2.684600064,1440,9.741100473,RH03,696
697,B,-8.40286787,23.99999998,0.45471597,2.502030481,2.423101165,1440,-3.253461631,RH04,697
698,B,6.903593894,24.00000002,49.86355387,2.484008527,2.673507336,1440,7.734717702,RH03,698
699,B,-7.265351369,23.99999998,20.83698231,2.476077995,2.48215814,1440,0.222220938,RH04,699
700,B,2.79294667,24,41.18399563,2.429845274,2.547175498,1440,4.812133189,RH03,700
701,B,17.05282309,23.99999998,100.704656,2.357088442,2.764614032,1440,16.71063792,RH04,701
702,B,8.673674755,24,47.24170278,2.477143456,2.659368816,1440,7.449787492,RH04,702
703,B,-13.16465126,23.99999998,-7.312203544,2.510672263,2.382732531,1440,-5.27056947,RH02,703
704,B,2.246605153,24.00000002,24.80023899,2.497181453,2.563523051,1440,2.700215722,RH02,704
705,B,-2.424744986,24.00000001,25.89769085,2.514949208,2.574752869,1440,2.405846002,RH03,705
706,B,1.0415841,24,58.03443915,2.37982661,2.547555159,1440,6.881433634,RH03,706
707,B,-0.941013093,24.00000002,30.64214243,2.486829349,2.563394076,1440,3.108580708,RH03,707
708,B,-2.845049891,23.99999999,14.27734504,2.511562968,2.517507555,1440,0.215623394,RH03,708
709,B,2.889980554,23.99999999,13.11385639,2.516951457,2.541077491,1440,0.975411692,RH04,709
710,B,-2.199374633,24,26.01010474,2.463070144,2.50638691,1440,1.764089249,RH03,710
711,B,10.24247121,24.00000003,60.16485333,2.426311135,2.653794471,1440,9.323952302,RH03,711
712,B,0.031373893,23.99999999,21.8004038,2.527416411,2.582663298,1440,2.223816342,RH03,712
713,B,11.82774777,24,28.72183432,2.502429171,2.623660055,1440,4.968518412,RH04,713
714,B,6.844769449,23.99999997,45.30099476,2.430374534,2.581153052,1440,6.188565019,RH02,714
715,B,12.146744,24,59.34342558,2.476955569,2.725347121,1440,10.15482042,RH04,715
716,B,-2.360360712,23.99999997,17.81748285,2.490222891,2.506223116,1440,0.637973565,RH04,716
717,B,1.612904675,24.00000002,18.25535443,2.494681342,2.528999708,1440,1.39666868,RH04,717
718,B,9.378300528,24.00000001,35.09184484,2.504315286,2.645058187,1440,5.751076934,RH04,718
719,B,-1.685339739,24.00000001,11.94051397,2.500263613,2.496382412,1440,-0.173204824,RH02,719
720,B,19.46023155,24.00000001,91.55339232,2.457725459,2.868570069,1440,16.80142908,RH04,720
721,B,3.895348898,24.00000002,48.17816057,2.463796714,2.627685604,1440,6.691844457,RH04,721
722,B,9.088163948,23.99999999,50.5207804,2.479099256,2.677973069,1440,8.127477789,RH03,722
723,B,21.85618271,23.99999998,99.02975498,2.351425826,2.767601587,1440,17.08495356,RH04,723
724,B,-3.457035341,24.00000003,2.907635978,2.574798438,2.550159287,1440,-1.064538968,RH04,724
725,B,11.31342556,23.99999999,60.81214957,2.450157932,2.692687541,1440,9.927413608,RH04,725
726,B,12.40312082,23.99999999,64.42202676,2.424260418,2.677849387,1440,10.39548152,RH02,726
727,B,-9.979310558,24,6.882934389,2.51094109,2.457458329,1440,-2.229781038,RH03,727
728,B,6.304705202,23.99999998,26.23945004,2.529876798,2.628960702,1440,4.030715987,RH03,728
729,B,21.15199862,23.99999998,105.9002369,2.304766436,2.732504273,1440,17.57731641,RH02,729
730,B,13.7000535,24,75.84878614,2.381774901,2.675889439,1440,12.07161171,RH04,730
731,B,-1.358604817,23.99999999,-3.093560822,2.522017891,2.46069047,1440,-2.519755862,RH04,731
732,B,18.93111488,24,79.80000649,2.453459683,2.80915075,1440,14.55859376,RH04,732
733,B,12.98813848,24,70.48111909,2.472641421,2.771697826,1440,12.2209786,RH03,733
734,B,11.68524776,24.00000001,67.95373036,2.428604286,2.696538609,1440,10.97363308,RH03,734
735,B,6.28665372,23.99999998,43.34641189,2.468486787,2.621673206,1440,6.263789343,RH02,735
736,B,11.09580605,24.00000002,91.96723697,2.339085983,2.679706997,1440,13.97524714,RH03,736
737,B,-1.513304802,24.00000002,24.36651744,2.512734359,2.568449416,1440,2.244458186,RH03,737
738,B,27.5086586,24,108.0740561,2.40786019,2.904355918,1440,20.34407766,RH03,738
739,B,2.436647466,24.00000003,36.5875932,2.50570548,2.627544961,1440,4.953395525,RH03,739
740,B,16.56456911,24.00000001,52.20010692,2.521856432,2.770770305,1440,10.16991949,RH04,740
741,B,1.464350696,23.99999999,52.81662455,2.462123797,2.636752968,1440,7.119658756,RH03,741
742,B,-5.11928912,24,40.72742305,2.378692057,2.446847068,1440,2.807595537,RH04,742
743,B,7.213392585,24.00000003,47.97559749,2.472913297,2.651452636,1440,7.296225938,RH03,743
744,B,18.33842028,24.00000001,59.6873609,2.516024504,2.802509018,1440,11.70816267,RH04,744
745,B,-1.958396848,23.99999999,13.06880907,2.481592659,2.475239304,1440,-0.264839915,RH03,745
746,B,20.28806907,24,81.62994178,2.425355746,2.784516778,1440,14.72028538,RH02,746
747,B,4.078977508,24,41.3481162,2.476150227,2.614921449,1440,5.664485334,RH04,747
748,B,1.99756093,24,22.19925758,2.498084441,2.55236185,1440,2.208096227,RH03,748
749,B,-11.73244764,23.99999999,1.186980094,2.512611025,2.428085977,1440,-3.500214922,RH04,749
750,B,15.73470365,24.00000002,77.46307087,2.489071467,2.834762005,1440,14.11982685,RH02,750
751,B,2.710628869,24,14.96514266,2.521156369,2.554201078,1440,1.335132242,RH02,751
752,B,1.369018096,24.00000001,59.14416644,2.424083593,2.613124596,1440,7.725764882,RH02,752
753,B,-0.429084894,24.00000001,25.70355792,2.506743632,2.570337695,1440,2.572492749,RH03,753
754,B,14.93041714,23.99999999,92.24106203,2.342664543,2.700061103,1440,14.67111766,RH04,754
755,B,0.247181604,24.00000001,35.82540178,2.442567946,2.531173131,1440,3.62679376,RH04,755
756,B,13.43030745,24,58.64506897,2.513018618,2.775528605,1440,10.71486096,RH04,756
757,B,9.70961013,23.99999999,63.93301558,2.402629804,2.636561964,1440,9.596746578,RH04,757
758,B,-5.30820906,23.99999999,24.5390092,2.477785976,2.508059681,1440,1.213148312,RH04,758
759,B,4.567383612,24.00000002,44.34106308,2.439860622,2.581157745,1440,5.788647285,RH04,759
760,B,1.818636503,24.00000001,36.34274979,2.424782987,2.515430992,1440,3.725784343,RH04,760
761,B,-0.143633651,24.00000002,44.87728354,2.399255065,2.511341156,1440,4.60334748,RH03,761
762,B,8.359633582,24.00000002,32.90073007,2.498561479,2.623877904,1440,5.122666226,RH04,762
763,B,14.83264091,24,49.34788277,2.481906375,2.698068676,1440,8.852373779,RH04,763
764,B,14.20428212,23.99999998,75.68652398,2.362916651,2.65172389,1440,11.8679328,RH04,764
765,B,13.2482381,24.00000005,84.09304343,2.381245254,2.709758661,1440,13.46898919,RH04,765
766,B,11.28432364,23.99999999,83.0052497,2.433402619,2.767705243,1440,13.66848913,RH03,766
767,B,13.96743767,24.00000001,77.75347882,2.452432413,2.780202805,1440,13.40352463,RH02,767
768,B,9.612739341,24.00000001,33.8854474,2.505980504,2.642864781,1440,5.594213728,RH04,768
769,B,16.31334754,23.99999999,87.4502543,2.403240192,2.765543988,1440,14.84381952,RH04,769
770,B,14.79519402,24,63.22208362,2.469167539,2.741852597,1440,11.15771029,RH03,770
771,B,9.055475897,24.00000003,54.11751079,2.467180188,2.677660481,1440,8.6057457,RH04,771
772,B,7.368303527,24,55.07128745,2.487846613,2.703313531,1440,8.790612963,RH03,772
773,B,5.418255281,24,55.62285605,2.424288584,2.613052035,1440,7.730802967,RH04,773
774,B,9.873738716,24,82.9075617,2.405860674,2.72499525,1440,13.0606786,RH03,774
775,B,3.4662392,24,40.90770297,2.476476267,2.611130286,1440,5.494385749,RH04,775
776,B,25.16786798,24.00000002,96.21089207,2.397976318,2.830129697,1440,17.72321169,RH04,776
777,B,6.591419769,23.99999998,66.44285622,2.41193048,2.648438205,1440,9.683846961,RH03,777
778,B,5.789810284,24,34.57881419,2.562882006,2.708069019,1440,5.885844005,RH02,778
779,B,-7.306455793,23.99999998,9.02522445,2.546400839,2.524522593,1440,-0.952657469,RH04,779
780,B,5.852486542,23.99999997,58.1620589,2.412921419,2.610574644,1440,8.100187758,RH02,780
781,B,-0.835091756,24,15.7199595,2.484972995,2.495645903,1440,0.430328271,RH03,781
782,B,7.089102867,24.00000001,51.91412861,2.463974589,2.656305548,1440,7.861389342,RH04,782
783,B,-4.98707478,23.99999998,-1.818173566,2.566692963,2.512755461,1440,-2.257903673,RH02,783
784,B,-21.76701823,24,-30.93594737,2.529542613,2.271980941,1440,-10.58704627,RH02,784
785,B,12.76813311,24.00000001,70.47735179,2.429338925,2.712678284,1440,11.60412428,RH04,785
786,B,-12.31945888,23.99999999,-4.566796784,2.550894795,2.452013942,1440,-4.106943191,RH04,786
787,B,12.08531864,24.00000001,42.31341028,2.469219875,2.639800325,1440,6.994309445,RH02,787
788,B,7.196909797,24.00000001,39.59964592,2.427313367,2.553274057,1440,5.182347771,RH02,788
789,B,3.284730316,23.99999999,50.61308635,2.389503556,2.536295932,1440,6.033920662,RH02,789
790,B,16.13557625,24.00000001,75.83596083,2.418617137,2.734442118,1440,12.94466044,RH04,790
791,B,-9.560117039,24,-36.25833716,2.594639753,2.381681468,1440,-8.758479956,RH04,791
792,B,6.193317202,24,47.29576794,2.399715759,2.546300293,1440,6.031797918,RH04,792
793,B,11.06875624,23.99999999,44.71689581,2.54399951,2.747044604,1440,8.270356804,RH04,793
794,B,20.30472638,24,63.20804242,2.464225351,2.75575614,1440,11.94913702,RH04,794
795,B,24.72420143,24.00000001,110.3964205,2.313741654,2.777704059,1440,19.06017802,RH04,795
796,B,-1.44923351,24.00000001,8.635055278,2.527620018,2.519478463,1440,-0.360173484,RH04,796
797,B,26.31351317,24.00000001,101.0051329,2.449766525,2.925090676,1440,19.45575614,RH03,797
798,B,1.625071212,24.00000002,26.01753118,2.492016898,2.559615045,1440,2.751563078,RH04,798
799,B,3.313805146,24.00000002,37.9108672,2.488587274,2.613647647,1440,5.097120942,RH03,799
800,B,2.442124417,24,16.3389285,2.525424296,2.564975121,1440,1.596344158,RH04,800
801,B,3.546718788,24.00000001,55.05647779,2.419951509,2.597733579,1440,7.278942747,RH02,801
802,B,-0.411224142,24.00000002,31.90793984,2.473402032,2.552903737,1440,3.237370906,RH04,802
803,B,19.44119489,23.99999997,86.01702499,2.458099418,2.844644051,1440,15.81292433,RH04,803
804,B,18.69259932,24.00000001,85.08203018,2.432505923,2.803344046,1440,15.1848575,RH03,804
805,B,1.494238843,23.99999999,21.68395148,2.550226127,2.618268607,1440,2.737893426,RH04,805
806,B,-6.05218118,24.00000001,4.640533975,2.510097086,2.461146269,1440,-2.02908486,RH04,806
807,B,3.890649564,23.99999998,30.3902928,2.476201112,2.566076521,1440,3.67520672,RH03,807
808,B,16.39286676,23.99999999,93.36111042,2.325134915,2.68690591,1440,14.86435085,RH04,808
809,B,-3.578683887,24.00000001,14.37350848,2.530964327,2.54125403,1440,0.378950081,RH03,809
810,B,7.832305013,23.99999999,38.46335096,2.532785678,2.692361248,1440,6.495421835,RH02,810
811,B,2.806633983,24.00000001,55.46981563,2.397059511,2.566027043,1440,6.929744589,RH02,811
812,B,-0.355636196,24,33.47526666,2.473816781,2.560564328,1440,3.532047196,RH04,812
813,B,11.33835597,24,72.69637323,2.473261021,2.77610617,1440,12.36803047,RH04,813
814,B,23.50661019,24,79.0415508,2.508975559,2.897515905,1440,15.88330861,RH04,814
815,B,-1.38686671,24,17.67026213,2.533076411,2.566793187,1440,1.339442197,RH03,815
816,B,22.05125365,23.99999998,75.15599997,2.487985527,2.846776736,1440,14.67882276,RH04,816
817,B,-1.844843521,24.00000002,43.92433823,2.445741957,2.563244821,1440,4.791806925,RH04,817
818,B,11.03438806,24.00000001,49.36614645,2.503212757,2.712570377,1440,8.548802328,RH04,818
819,B,7.492711684,24,90.5540542,2.406560518,2.750671317,1440,14.06636836,RH04,819
820,B,20.16334261,24,75.01346272,2.420938238,2.749005844,1440,13.4576451,RH03,820
821,B,14.15140025,24,68.75763809,2.464590137,2.757648431,1440,11.98608667,RH04,821
822,B,19.84367553,24.00000001,59.92666074,2.480535804,2.761509706,1440,11.50919483,RH04,822
823,B,14.17454626,23.99999999,77.96200042,2.426685641,2.747302065,1440,13.12723302,RH03,823
824,B,13.53548256,24.00000002,51.80267579,2.465804816,2.682383553,1440,8.872677209,RH04,824
825,B,7.743436019,23.99999998,34.97645967,2.504532466,2.638727989,1440,5.478057653,RH04,825
826,B,5.832580699,24.00000002,65.39534423,2.4000812,2.625071245,1440,9.218720576,RH02,826
827,B,16.20615114,24,46.73358541,2.535676985,2.763948815,1440,9.321587538,RH03,827
828,B,23.06963536,24.00000003,83.07280575,2.44835376,2.832167212,1440,15.72180479,RH04,828
829,B,-5.66383559,23.99999999,5.522156101,2.506364866,2.461462864,1440,-1.860851415,RH04,829
830,B,7.930296672,23.99999999,42.44191417,2.433461844,2.576782408,1440,5.888016279,RH04,830
831,B,-0.045576853,24,46.37970861,2.415124443,2.5396395,1440,5.10069653,RH03,831
832,B,-0.196377125,23.99999999,21.84604837,2.488847576,2.5301922,1440,1.678195899,RH04,832
833,B,0.40052957,23.99999999,-1.386232415,2.523519818,2.476798929,1440,-1.919404992,RH02,833
834,B,10.96417243,24.00000001,63.14519429,2.419642719,2.660646094,1440,9.880288323,RH04,834
835,B,2.377051655,23.99999999,18.15511831,2.545667549,2.599920405,1440,2.183126583,RH02,835
836,B,23.6058158,24.00000002,89.34838086,2.428894095,2.835636395,1440,16.66688117,RH04,836
837,B,-6.636869115,24,3.735226758,2.527436986,2.478274113,1440,-2.049378726,RH04,837
838,B,-6.995422471,24.00000002,-14.25939848,2.553603049,2.432921823,1440,-4.973359819,RH03,838
839,B,2.408796817,24,48.46172871,2.484755015,2.651532546,1440,6.792048847,RH04,839
840,B,3.950433746,24.00000001,30.01760749,2.435020067,2.509330655,1440,3.064541169,RH04,840
841,B,5.182897842,24.00000001,58.58344071,2.426145296,2.62769154,1440,8.248700557,RH02,841
842,B,8.321808021,24.00000003,26.8952131,2.580165967,2.706956921,1440,5.138725591,RH04,842
843,B,4.435920834,24,38.58284619,2.497313826,2.632525488,1440,5.509827315,RH02,843
844,B,2.451752841,24,36.77365443,2.465991637,2.575061505,1440,4.45543713,RH04,844
845,B,15.72123181,24.00000001,82.67943524,2.378879538,2.709609902,1440,13.5704541,RH03,845
846,B,-3.608083724,24.00000001,17.75711278,2.478440874,2.485461047,1440,0.27402682,RH02,846
847,B,17.59803141,24.00000001,71.36144689,2.522825387,2.860237635,1440,13.77263209,RH02,847
848,B,8.50357258,24,53.28119193,2.486226322,2.697506898,1440,8.625839964,RH04,848
849,B,-4.898528178,24.00000001,32.6942969,2.432420554,2.48451923,1440,2.126708129,RH04,849
850,B,-5.14316635,24.00000002,-10.19400637,2.568748833,2.47808441,1440,-3.753244052,RH04,850
851,B,-2.82639993,24,32.12359219,2.431615687,2.488676722,1440,2.337358461,RH02,851
852,B,0.870855302,23.99999999,47.67669783,2.369199721,2.487069719,1440,4.858799081,RH04,852
853,B,12.87151697,24,47.80234439,2.515500788,2.729071141,1440,8.72099317,RH02,853
854,B,-12.89307803,23.99999998,-34.05931919,2.561572516,2.334462547,1440,-9.329796799,RH03,854
855,B,16.33495089,23.99999999,58.8878631,2.482854421,2.746932208,1440,10.80658209,RH02,855
856,B,1.219140605,23.99999999,21.19839081,2.558480273,2.626193584,1440,2.718964798,RH04,856
857,B,5.388148166,24.00000002,49.59248306,2.528062012,2.725836198,1440,8.041489005,RH04,857
858,B,10.92780049,24.00000001,62.23243658,2.489358237,2.750162416,1440,10.64801818,RH04,858
859,B,19.66008951,24.00000002,78.63811183,2.438889552,2.787189277,1440,14.26877424,RH04,859
860,B,12.67135693,23.99999999,61.7159903,2.41437162,2.653661016,1440,9.820339907,RH03,860
861,B,-1.863561504,24,24.33584904,2.469813402,2.509337015,1440,1.607577754,RH02,861
862,B,10.48903659,24.00000003,66.34336339,2.465547256,2.734615659,1440,10.99509106,RH04,862
863,B,3.986009333,23.99999997,20.52682196,2.536538852,2.604107082,1440,2.736059046,RH02,863
864,B,6.242228049,23.99999998,52.25261764,2.43525683,2.616042968,1440,7.403846718,RH04,864
865,B,8.11928756,24,55.99762161,2.468647558,2.684402221,1440,8.81565689,RH03,865
866,B,10.98383408,24,64.54759097,2.472524836,2.737940576,1440,10.84481288,RH02,866
867,B,4.226093859,23.99999999,49.62056487,2.446395805,2.611889011,1440,6.767760687,RH03,867
868,B,-0.520000333,23.99999999,25.67585526,2.530646604,2.601991224,1440,2.87450674,RH04,868
869,B,21.08274697,23.99999998,79.68515597,2.461191153,2.827080323,1440,14.97791626,RH04,869
870,B,-1.477408011,23.99999999,17.37762879,2.561699747,2.603624714,1440,1.657537847,RH04,870
871,B,-5.828187813,24.00000001,-3.869899159,2.502461492,2.414283357,1440,-3.619372446,RH04,871
872,B,13.49942725,23.99999999,68.09749952,2.467682946,2.7564612,1440,11.80772253,RH03,872
873,B,1.980245926,24.00000001,24.30469734,2.537975482,2.615156575,1440,3.118081796,RH02,873
874,B,21.95621691,23.99999999,88.76123454,2.457415856,2.865204907,1440,16.68746314,RH03,874
875,B,-0.253759548,24,18.47577963,2.442372732,2.452707659,1440,0.441783131,RH02,875
876,B,0.992145403,24.00000002,32.17702233,2.514226851,2.614187329,1440,4.05319281,RH04,876
877,B,10.69149065,24,12.15163591,2.545831141,2.604823665,1440,2.409537331,RH04,877
878,B,-1.194884635,23.99999998,23.31667274,2.545599391,2.609178142,1440,2.547929481,RH02,878
879,B,-2.038618733,23.99999998,6.959929325,2.532329869,2.516232495,1440,-0.688636538,RH02,879
880,B,15.84005928,24.00000001,92.2798883,2.466435646,2.869929713,1440,16.48313541,RH04,880
881,B,17.96856347,23.99999999,68.09922122,2.457485484,2.75948218,1440,12.36889458,RH04,881
882,B,-1.883294674,24.00000001,45.47520679,2.358970262,2.453339777,1440,3.897390584,RH03,882
883,B,24.20722964,24,75.45362577,2.504937229,2.878925326,1440,15.29650897,RH02,883
884,B,5.652319781,23.99999999,8.988103956,2.475896563,2.478096995,1440,0.116968113,RH03,884
885,B,11.64086257,24,76.83040139,2.446620549,2.759631728,1440,12.79697209,RH02,885
886,B,28.9856516,24,114.5309395,2.390648065,2.915161125,1440,21.49870488,RH04,886
887,B,19.6792349,24,104.5100519,2.364836646,2.801588882,1440,17.905728,RH02,887
888,B,-9.127370769,23.99999999,21.00014377,2.42277987,2.404302033,1440,-0.755480651,RH04,888
889,B,-14.85551264,23.99999998,1.40537919,2.521911177,2.429862091,1440,-3.823863308,RH04,889
890,B,-1.124469798,23.99999998,35.68741822,2.502114386,2.605441229,1440,4.187999082,RH04,890
891,B,-1.386945095,24,34.47245357,2.493209958,2.587150576,1440,3.809990059,RH04,891
892,B,2.311442158,23.99999998,46.00829667,2.454004408,2.599058815,1440,5.924708308,RH03,892
893,B,-2.972639765,23.99999999,26.44076896,2.46796958,2.511972371,1440,1.786223444,RH04,893
894,B,-8.060606309,24.00000001,10.92401883,2.450707849,2.401485122,1440,-2.016453065,RH04,894
895,B,15.62410252,24,91.08760028,2.412067981,2.790829538,1440,15.50559045,RH04,895
896,B,14.1638007,24,67.67117598,2.437016849,2.715868127,1440,11.42315215,RH04,896
897,B,11.17281072,24,72.03735566,2.460604101,2.755582161,1440,12.05420714,RH04,897
898,B,-6.345149746,24.00000001,4.637215456,2.46912711,2.404989749,1440,-2.625911849,RH04,898
899,B,-1.292737366,23.99999999,42.01414111,2.436109969,2.543964453,1440,4.406833851,RH04,899
900,B,9.620329961,24,77.15951892,2.371575565,2.652694374,1440,11.53201316,RH04,900
901,B,13.96302339,24,43.80075434,2.545995015,2.756519629,1440,8.58521017,RH04,901
902,B,2.532853534,23.99999998,11.06109185,2.556815543,2.584271082,1440,1.087993126,RH04,902
903,B,2.067245926,24.00000002,28.79760802,2.506000493,2.59228772,1440,3.505905159,RH04,903
904,B,4.315451774,23.99999999,32.84892442,2.463686781,2.56166808,1440,4.013289535,RH04,904
905,B,10.69450958,23.99999998,94.90768251,2.384882836,2.752674157,1440,15.05402215,RH02,905
906,B,3.708722118,24,43.82352171,2.495521419,2.650453911,1440,6.309840216,RH04,906
907,B,3.298092937,24.00000001,37.7461414,2.431323135,2.535925525,1440,4.29577705,RH04,907
908,B,-0.912326067,24,46.67067495,2.398779373,2.515717152,1440,4.797790715,RH04,908
909,B,-4.91882212,24.00000002,-17.06338767,2.47748954,2.326087904,1440,-6.173455785,RH04,909
910,B,0.770573665,23.99999997,38.15053472,2.520796524,2.648465978,1440,5.175635581,RH04,910
911,B,12.15239713,24.00000003,63.94144508,2.40338268,2.646746552,1440,9.989825026,RH04,911
912,B,19.32083039,24.00000001,71.12415175,2.443249721,2.758720997,1440,12.92999749,RH04,912
913,B,-3.072022605,23.99999999,36.37006824,2.458810878,2.542979247,1440,3.424177621,RH02,913
914,B,6.400598419,24.00000001,52.82202515,2.459974556,2.652350497,1440,7.862568972,RH02,914
915,B,12.4050343,24.00000002,80.37080826,2.457122905,2.792176439,1440,13.69085756,RH02,915
916,B,-3.906380897,23.99999999,16.22345261,2.49811591,2.50403297,1440,0.21740606,RH04,916
917,B,8.486848321,23.99999998,39.09588538,2.518740109,2.678720775,1440,6.522083729,RH04,917
918,B,6.90269537,23.99999998,58.95931843,2.428464363,2.63889305,1440,8.615667517,RH04,918
919,B,4.13250718,24,51.54214988,2.418556935,2.58258941,1440,6.722901836,RH03,919
920,B,7.470888029,23.99999999,34.89472168,2.444411136,2.556571553,1440,4.613065278,RH04,920
921,B,10.85770602,24.00000002,48.20452674,2.493764734,2.694104919,1440,8.18643114,RH02,921
922,B,4.215955541,23.99999999,52.41176502,2.426195345,2.596990146,1440,6.994154612,RH04,922
923,B,13.4770426,23.99999999,31.77213898,2.490074968,2.626649379,1440,5.605824818,RH02,923
924,B,1.211267952,24.00000002,6.439597485,2.554689553,2.5561397,1440,0.026185396,RH04,924
925,B,-0.465451721,24.00000001,11.2926462,2.523388218,2.529164107,1440,0.21208099,RH04,925
926,B,-5.086524156,24.00000001,21.20491923,2.452921921,2.460813714,1440,0.317155213,RH03,926
927,B,4.844252867,24.00000001,35.73043186,2.467730626,2.581756183,1440,4.665752989,RH02,927
928,B,12.22741067,24,36.43639996,2.470814439,2.61661826,1440,5.986419122,RH04,928
929,B,-1.545584705,23.99999999,31.93991758,2.438045697,2.501298055,1440,2.590897518,RH04,929
930,B,11.13491077,24,26.88173086,2.524316152,2.642380116,1440,4.825179908,RH04,930
931,B,16.97109205,24,56.03119036,2.478572732,2.730990656,1440,10.33727825,RH04,931
932,B,-7.122799835,24,23.67826812,2.485087248,2.507296133,1440,0.87388981,RH03,932
933,B,-0.401465672,23.99999999,0.190945419,2.606676166,2.592465081,1440,-0.645141594,RH02,933
934,B,10.43282593,23.99999999,38.56484539,2.53060341,2.699601617,1440,6.890344968,RH04,934
935,B,2.053800676,23.99999999,55.25840555,2.458856379,2.64531008,1440,7.604681501,RH02,935
936,B,-1.118729489,23.99999999,11.74781074,2.519733982,2.523813629,1440,0.142406227,RH03,936
937,B,2.209758427,24.00000001,42.41777746,2.443777078,2.569140854,1440,5.129003293,RH04,937
938,B,5.98388193,24,65.08459723,2.410044893,2.637656944,1440,9.320624048,RH04,938
939,B,4.560314119,23.99999999,51.88826287,2.436612937,2.609971708,1440,7.094237918,RH04,939
940,B,4.167211502,24.00000002,41.80812278,2.48433674,2.628274437,1440,5.870563593,RH04,940
941,B,23.14428514,23.99999999,92.92010929,2.381208171,2.785554482,1440,16.5931356,RH04,941
942,B,-5.384974966,23.99999997,-1.329904614,2.545406155,2.484815039,1440,-2.518693557,RH03,942
943,B,3.970021279,24.00000002,41.44467524,2.490411037,2.634099238,1440,5.856359884,RH02,943
944,B,0.661395384,24,46.97196621,2.452439827,2.595025221,1440,5.818440434,RH03,944
945,B,-2.376135689,24.00000002,28.5507418,2.497762095,2.563514595,1440,2.657184443,RH03,945
946,B,-8.948819184,24.00000004,1.005100143,2.476333036,2.388954296,1440,-3.585519835,RH04,946
947,B,2.507473866,23.99999999,26.62834606,2.474136921,2.541579396,1440,2.758400394,RH03,947
948,B,2.067216428,24.00000001,4.140338317,2.43856841,2.393207873,1440,-1.8117712,RH04,948
949,B,3.762782009,23.99999999,34.86442667,2.53061722,2.658394382,1440,5.186894489,RH02,949
950,B,-6.885841641,24.00000001,-4.726951414,2.560442331,2.484458756,1440,-3.158825216,RH02,950
951,B,22.13051727,24.00000001,71.79138148,2.499326387,2.847507847,1440,14.24158788,RH04,951
952,B,0.718435354,24,36.10439743,2.501227237,2.612976206,1440,4.538463956,RH04,952
953,B,8.538991584,23.99999999,38.38030656,2.423025842,2.54716832,1440,5.116150833,RH02,953
954,B,-1.875687142,23.99999999,30.58151084,2.492480227,2.567224033,1440,3.027705029,RH02,954
955,B,10.41394723,24.00000001,43.39258078,2.50385612,2.684833651,1440,7.391782128,RH04,955
956,B,-4.719334857,24,38.22621362,2.411093761,2.480872935,1440,2.857897662,RH04,956
957,B,-3.56717045,23.99999999,-21.49622404,2.532264679,2.385235285,1440,-6.019527888,RH04,957
958,B,11.0697632,23.99999998,43.81430555,2.474333859,2.64947637,1440,7.172975607,RH04,958
959,B,15.30681491,24,83.62817318,2.402257782,2.743644387,1440,13.98960412,RH04,959
960,B,30.05607314,24.00000001,93.81289751,2.410252899,2.854355997,1440,18.22243871,RH03,960
961,B,16.5538434,23.99999999,59.98391943,2.508239393,2.786679568,1440,11.37794792,RH03,961
962,B,6.433929976,24,39.11226007,2.52421816,2.678475141,1440,6.278044018,RH04,962
963,B,-5.264557503,24,9.075291006,2.472090273,2.432537679,1440,-1.62330527,RH03,963
964,B,11.58759406,24,79.8244144,2.40793086,2.720622168,1440,12.80449106,RH04,964
965,B,14.27424731,24.00000005,68.53191328,2.451486987,2.739509748,1440,11.78882569,RH04,965
966,B,14.1211805,24.00000002,78.85406122,2.440674921,2.769822749,1440,13.46646946,RH02,966
967,B,4.372450405,24.00000001,47.92239636,2.462437405,2.626518387,1440,6.702321609,RH04,967
968,B,18.66714752,24.00000001,67.39066239,2.551970181,2.88592484,1440,13.62073274,RH02,968
969,B,4.4985163,24.00000001,25.438804,2.474151074,2.543811464,1440,2.856672117,RH02,969
970,B,4.509194384,24.00000001,56.35940031,2.45542734,2.654729854,1440,8.139019005,RH04,970
971,B,4.876730945,24.00000001,36.59803275,2.508008191,2.639810593,1440,5.367235727,RH03,971
972,B,-1.741233894,24.00000001,18.38805391,2.471290488,2.485611767,1440,0.582357724,RH04,972
973,B,1.443701316,23.99999999,32.52557251,2.509325494,2.610824254,1440,4.120211764,RH04,973
974,B,0.428330213,24.00000002,46.91768503,2.42909048,2.56254315,1440,5.458605279,RH03,974
975,B,10.31176982,24.00000001,49.57132024,2.415110395,2.592398345,1440,7.28890149,RH02,975
976,B,4.619829835,23.99999999,52.26498201,2.442630953,2.619937342,1440,7.251793576,RH04,976
977,B,18.8068024,23.99999998,74.27142416,2.472551381,2.810013949,1440,13.80653951,RH02,977
978,B,-0.387654477,23.99999999,19.11105443,2.533584291,2.577551353,1440,1.760082633,RH02,978
979,B,7.69149197,24.00000001,56.75116701,2.42334225,2.625246423,1440,8.274941416,RH04,979
980,B,5.552636027,23.99999999,49.26711758,2.426605732,2.588705797,1440,6.645763919,RH03,980
981,B,19.58241332,23.99999999,72.71669671,2.434658945,2.755163367,1440,13.14035225,RH04,981
982,B,5.332053043,24,57.85968449,2.479501557,2.696753339,1440,8.859409366,RH02,982
983,B,-8.722042782,23.99999999,-5.262174073,2.518777281,2.419256584,1440,-4.101143191,RH04,983
984,B,16.92095256,24.00000001,65.45445451,2.520251523,2.828259373,1440,12.57545067,RH04,984
985,B,-2.874795986,24.00000001,12.4728646,2.441259891,2.415000036,1440,-1.056489198,RH04,985
986,B,22.43213386,24,85.9741348,2.397661915,2.774439081,1440,15.46024557,RH03,986
987,B,8.047447019,23.99999999,67.98348513,2.444751045,2.704758602,1440,10.62784712,RH04,987
988,B,17.02341581,24.00000001,59.88975266,2.414903808,2.662618112,1440,10.18034112,RH04,988
989,B,-5.626327559,24,11.34797716,2.473618289,2.443236361,1440,-1.252641786,RH03,989
990,B,13.19274475,23.99999998,38.03766348,2.524221047,2.69902912,1440,7.141243574,RH04,990
991,B,16.35947391,24.00000001,78.2459313,2.390633181,2.708283618,1440,13.03480996,RH04,991
992,B,8.444769645,24,46.60787702,2.475885392,2.654033913,1440,7.283736383,RH02,992
993,B,3.760383472,23.99999998,40.04117438,2.498717711,2.638301133,1440,5.68412308,RH02,993
994,B,4.225129495,24,28.81209308,2.490996165,2.580262442,1440,3.643859631,RH03,994
995,B,4.194345866,24,71.35592809,2.414068938,2.663961462,1440,10.21730182,RH04,995
996,B,21.02560957,24.00000001,46.6114715,2.546150111,2.795507657,1440,10.19304383,RH03,996
997,B,10.21720902,24,81.29106833,2.296879921,2.572744242,1440,11.36079541,RH03,997
998,B,-4.043872899,24,23.87509777,2.513549783,2.55791873,1440,1.772328406,RH04,998
999,B,23.27474957,23.99999999,93.22063433,2.454593601,2.885963406,1440,17.65330623,RH04,999
1000,B,22.23661039,24,71.68058589,2.501525309,2.850371597,1440,14.26787694,RH04,1000
1001,B,19.30158425,23.99999997,103.3902281,2.416548025,2.864727926,1440,18.34120863,RH02,1001
1002,B,20.48336413,23.99999999,58.74159308,2.525524133,2.819133606,1440,12.00153208,RH02,1002
1003,B,21.96855191,24,100.6631957,2.401148685,2.84201457,1440,18.06284427,RH04,1003
1004,B,11.51932434,23.99999999,48.66643504,2.483231549,2.684459401,1440,8.230863429,RH04,1004
1005,B,5.89540178,24.00000001,56.81230435,2.454333615,2.660437297,1440,8.421820075,RH02,1005
1006,B,6.944383725,24,54.81733199,2.541505491,2.772705529,1440,9.399954918,RH04,1006
1007,B,5.940259789,24,70.06738057,2.447593017,2.709864275,1440,10.70983064,RH04,1007
1008,B,11.43713569,24,65.36568632,2.416313101,2.667710428,1440,10.30669285,RH03,1008
1009,B,7.563448815,23.99999998,59.20591597,2.429128417,2.643341374,1440,8.771891051,RH03,1009
1010,B,6.116512488,24,31.07120207,2.498898259,2.607892164,1440,4.449579912,RH03,1010
1011,B,7.636365115,24.00000002,46.71085751,2.510062513,2.697383077,1440,7.635138428,RH04,1011
1012,B,-6.092255463,24.00000001,1.157911713,2.511846004,2.448024408,1440,-2.634947918,RH02,1012
1013,B,-1.662560193,24,15.45181648,2.498498129,2.509543527,1440,0.43486665,RH04,1013
1014,B,2.273066163,23.99999999,28.47118656,2.481255056,2.558374045,1440,3.147155422,RH02,1014
1015,B,21.57048658,24.00000002,66.3945522,2.499431681,2.821811453,1440,13.18995965,RH02,1015
1016,B,26.91704752,24.00000001,90.18327598,2.393486617,2.804120834,1440,16.85758063,RH04,1016
1017,B,-3.065968676,24.00000001,6.313317346,2.489791833,2.452392427,1440,-1.53630721,RH03,1017
1018,B,4.303535049,24.00000002,44.94533751,2.53310649,2.708112284,1440,7.108440985,RH02,1018
1019,B,-6.017172207,24,41.61612244,2.387405281,2.459105714,1440,2.943464299,RH03,1019
1020,B,9.810028348,24,65.4766542,2.48907682,2.759876807,1440,11.05014033,RH04,1020
1021,B,6.665648148,24,26.01387468,2.54676596,2.65201005,1440,4.273647338,RH02,1021
1022,B,13.15756996,24,75.94988917,2.44694807,2.761870396,1440,12.8806751,RH04,1022
1023,B,3.539115467,24,38.62208587,2.419156757,2.524334206,1440,4.326665367,RH03,1023
1024,B,15.13156309,23.99999999,48.11156334,2.523072281,2.749056932,1440,9.230969582,RH04,1024
1025,B,9.902360497,24,73.91116045,2.336509997,2.592344778,1440,10.52371184,RH04,1025
1026,B,4.084776255,23.99999999,22.55948698,2.469460238,2.523294035,1440,2.213874521,RH03,1026
1027,B,8.432422488,24.00000001,60.49147234,2.469298934,2.706219218,1440,9.677338304,RH04,1027
1028,B,11.29975041,23.99999999,57.43577869,2.403629374,2.615267438,1440,8.696012243,RH04,1028
1029,B,17.71562358,24,86.95919239,2.411807142,2.780138386,1440,15.09004095,RH03,1029
1030,B,-19.65241589,24,-29.86770093,2.491726015,2.233779819,1440,-10.57382603,RH03,1030
1031,B,6.480394619,24,38.97934812,2.51590071,2.66688905,1440,6.149763315,RH03,1031
1032,B,19.45134803,24.00000001,85.44795572,2.370818345,2.72490973,1440,14.53995806,RH04,1032
1033,B,13.17428374,23.99999999,69.14114448,2.464151072,2.755091362,1440,11.89622157,RH03,1033
1034,B,5.220679945,23.99999998,84.12669605,2.373083751,2.668918262,1440,12.11180307,RH02,1034
1035,B,3.029183999,24.00000002,5.959002866,2.518876529,2.512706802,1440,-0.257118591,RH04,1035
1036,B,12.35452651,23.99999999,53.79704755,2.47346198,2.697029021,1440,9.147977844,RH02,1036
1037,B,32.28250425,23.99999999,104.5262431,2.428212538,2.933946282,1440,20.72823158,RH04,1037
1038,B,5.772269948,23.99999998,57.2932381,2.470262006,2.683493639,1440,8.702658816,RH03,1038
1039,B,10.26843577,23.99999999,36.32670221,2.534636833,2.694559291,1440,6.518424332,RH04,1039
1040,B,7.582789284,23.99999998,64.17090227,2.422097118,2.655810076,1440,9.568762813,RH04,1040
1041,B,8.981849951,24.00000001,54.2889738,2.442987173,2.645634344,1440,8.299861891,RH02,1041
1042,B,-9.919675599,23.99999999,2.783525341,2.487627718,2.408322758,1440,-3.267172638,RH03,1042
1043,B,-3.567396902,24,48.34980205,2.385517773,2.495356627,1440,4.505426532,RH02,1043
1044,B,-2.304959768,24.00000001,14.59251892,2.551916962,2.575132697,1440,0.898559839,RH02,1044
1045,B,-4.054526244,23.99999999,6.284270005,2.470133528,2.422155035,1440,-1.960008026,RH02,1045
1046,B,-1.850793645,24,9.004410913,2.556840174,2.558861087,1440,0.035815952,RH04,1046
1047,B,-3.195056974,24.00000001,-4.051180499,2.564250753,2.506352158,1440,-2.410410185,RH02,1047
1048,B,-2.556920151,24.00000001,16.32156732,2.474522229,2.477811702,1440,0.128674555,RH02,1048
1049,B,13.30618701,24.00000001,81.39600733,2.373402085,2.687571892,1440,12.89010631,RH02,1049
1050,B,4.509468264,24.00000001,56.93732808,2.506778937,2.726268201,1440,8.932439108,RH03,1050
1051,B,15.65413466,24.00000001,65.43178022,2.447995572,2.726340456,1440,11.40272063,RH04,1051
1052,B,18.94413169,24.00000002,96.25707885,2.387769721,2.793342954,1440,16.62246598,RH02,1052
1053,B,-5.188137729,23.99999999,6.336077324,2.525653237,2.492738191,1440,-1.381778717,RH02,1053
1054,B,15.51852801,23.99999999,36.76386935,2.461095168,2.617309078,1440,6.428344246,RH04,1054
1055,B,17.75361702,24.00000001,89.68393157,2.389651969,2.762500828,1440,15.28579553,RH03,1055
1056,B,-16.2071318,24.00000002,-22.15067358,2.525039956,2.325375936,1440,-8.207493418,RH04,1056
1057,B,5.438735761,24.00000001,55.45281022,2.394257877,2.572032017,1440,7.300075517,RH03,1057
1058,B,7.10375436,24.00000001,52.85063759,2.389435564,2.560331742,1440,7.029706996,RH04,1058
1059,B,7.187434795,24,36.8617034,2.434790656,2.551239332,1440,4.79146744,RH04,1059
1060,B,14.02048127,23.99999999,88.95744978,2.34348047,2.683307964,1440,13.95249117,RH03,1060
1061,B,3.407400844,24,81.26421214,2.324430028,2.584173213,1440,10.66277304,RH03,1061
1062,B,8.378387679,23.99999999,45.7895335,2.491035996,2.670541296,1440,7.330521661,RH02,1062
1063,B,16.2760364,23.99999999,87.13874872,2.384863933,2.739344098,1440,14.53535035,RH03,1063
1064,B,7.6839157,23.99999999,54.08224378,2.478607785,2.687729559,1440,8.538803911,RH04,1064
1065,B,2.119997803,24,25.88544717,2.491361775,2.560004739,1440,2.796414034,RH02,1065
1066,B,-3.496659605,23.99999999,8.936719015,2.53528749,2.523450123,1440,-0.522894646,RH02,1066
1067,B,9.840744201,24.00000003,59.36913618,2.496138337,2.742609338,1440,10.05707136,RH04,1067
1068,B,-0.109575081,24,34.94073499,2.499769291,2.602801076,1440,4.18137562,RH04,1068
1069,B,-3.424583261,24,8.555250469,2.490882745,2.462380316,1440,-1.176526417,RH03,1069
1070,B,-5.714828058,24.00000001,-4.45715168,2.584525755,2.522383192,1440,-2.604100875,RH04,1070
1071,B,8.344769947,24,47.10567897,2.466176347,2.642805157,1440,7.226732897,RH03,1071
1072,B,32.87263309,24.00000001,92.88137568,2.463791159,2.93272429,1440,19.21494969,RH04,1072
1073,B,20.22503866,23.99999998,53.85469916,2.480775914,2.736544979,1440,10.48558822,RH04,1073
1074,B,14.3872316,23.99999998,64.12734881,2.461698861,2.734274814,1440,11.15562192,RH02,1074
1075,B,10.47502656,23.99999999,51.22119516,2.447862099,2.644271907,1440,8.049649163,RH04,1075
1076,B,6.907032385,24.00000001,53.29257337,2.425882601,2.61050963,1440,7.56777143,RH04,1076
1077,B,10.10234254,23.99999999,28.99265474,2.48487677,2.59481558,1440,4.511702261,RH02,1077
1078,B,-5.073463806,24,27.2505039,2.414398348,2.435700809,1440,0.883245738,RH03,1078
1079,B,7.963347206,24.00000003,57.74508929,2.447858116,2.66357482,1440,8.824626577,RH04,1079
1080,B,12.64853461,24,42.17841417,2.461330624,2.630713031,1440,6.952103329,RH04,1080
1081,B,-6.329992041,23.99999997,34.95162239,2.489605837,2.565929404,1440,3.075412397,RH04,1081
1082,B,19.6695322,24,85.04144572,2.327421234,2.66563002,1440,13.9182002,RH02,1082
1083,B,3.144927207,23.99999999,32.38806515,2.483583455,2.581995473,1440,4.015387182,RH04,1083
1084,B,-0.762653772,23.99999999,14.17217578,2.468561772,2.467057629,1440,-0.055792959,RH03,1084
1085,B,13.69295859,24,57.294217,2.434396057,2.664932522,1440,9.457787174,RH04,1085
1086,B,0.911156503,24.00000001,34.03338102,2.488580017,2.587593049,1440,4.028083757,RH03,1086
1087,B,27.62449075,24.00000001,103.8338836,2.435088007,2.922717102,1440,19.96936242,RH02,1087
1088,B,10.59133345,24.00000002,66.14737511,2.414142779,2.665070205,1440,10.28531349,RH02,1088
1089,B,8.172022401,24.00000003,20.76396388,2.543072099,2.629583891,1440,3.519939367,RH04,1089
1090,B,8.846384359,24.00000001,46.87110259,2.518782193,2.714329051,1440,7.969920462,RH04,1090
1091,B,10.26452734,23.99999998,43.06479317,2.508856314,2.689550848,1440,7.37698616,RH02,1091
1092,B,-3.15552427,24.00000002,6.470967808,2.512212728,2.482875229,1440,-1.220831563,RH04,1092
1093,B,14.9977167,23.99999999,76.77183011,2.36565352,2.663143308,1440,12.22278644,RH03,1093
1094,B,-3.504520607,24,0.921363097,2.516283506,2.462623879,1440,-2.213558443,RH04,1094
1095,B,2.4397595,24.00000001,40.27707184,2.455215215,2.575950992,1440,4.935594022,RH03,1095
1096,B,1.516511471,23.99999999,4.915166708,2.522220302,2.506949693,1440,-0.635163976,RH03,1096
1097,B,16.61797506,24,89.17978053,2.423259193,2.801189366,1440,15.46981359,RH04,1097
1098,B,13.97787803,23.99999999,76.92770342,2.480530379,2.814360584,1440,13.63494149,RH04,1098
1099,B,16.79056493,24.00000001,90.34451039,2.385604155,2.756366722,1440,15.19921172,RH02,1099
1100,B,-0.236654082,24,15.10268134,2.459196772,2.460536039,1440,0.066998383,RH02,1100
1101,B,0.743619414,23.99999997,27.24806614,2.486113526,2.553800555,1440,2.754765518,RH02,1101
1102,B,-1.336068238,24.00000001,13.86244256,2.509400563,2.518420384,1440,0.347970578,RH04,1102
1103,B,14.94325897,24.00000001,69.16777635,2.535117689,2.857173422,1440,13.13075006,RH02,1103
1104,B,2.930874572,24,22.70376996,2.490628612,2.548054549,1440,2.343925822,RH02,1104
1105,B,5.619764806,24,46.9889054,2.488889386,2.662616624,1440,7.085494618,RH04,1105
1106,B,-7.820297434,23.99999999,12.60339246,2.499819753,2.475757795,1440,-1.018574808,RH03,1106
1107,B,-15.3428239,24,-31.96256129,2.579604311,2.358752323,1440,-9.094909178,RH03,1107
1108,B,-5.583189988,23.99999999,18.14485705,2.517240888,2.531910809,1440,0.556306329,RH04,1108
1109,B,10.50227988,24.00000002,60.53352267,2.446442913,2.683436656,1440,9.700981107,RH04,1109
1110,B,22.43728179,23.99999999,83.21599675,2.436522162,2.814535551,1440,15.48970612,RH04,1110
1111,B,-2.11491307,24.00000001,-0.566144874,2.564355994,2.525865682,1440,-1.616789614,RH04,1111
1112,B,4.512745441,23.99999999,23.19777479,2.496169669,2.563588906,1440,2.753781518,RH04,1112
1113,B,5.526072846,23.99999998,35.17189613,2.471687929,2.587165831,1440,4.725462459,RH02,1113
1114,B,6.501426097,24.00000002,51.47532141,2.414508479,2.585715685,1440,7.026468158,RH02,1114
1115,B,1.998080668,24,51.34549506,2.473120857,2.647052249,1440,7.087551668,RH04,1115
1116,B,15.78014353,23.99999999,59.2731495,2.42690189,2.671375878,1440,10.03708575,RH04,1116
1117,B,2.690455701,23.99999999,31.88362392,2.511432359,2.615493561,1440,4.228351493,RH04,1117
1118,B,-0.860631567,23.99999998,21.05810833,2.512365231,2.555839106,1440,1.749482507,RH04,1118
1119,B,14.20355287,23.99999999,63.17339016,2.441702381,2.702524157,1440,10.68758028,RH04,1119
1120,B,15.04366861,23.99999998,54.74177106,2.439868263,2.666106978,1440,9.2855551,RH03,1120
1121,B,1.521717561,24.00000001,37.99768438,2.444037575,2.547471387,1440,4.234226828,RH04,1121
1122,B,0.827185337,23.99999999,41.06295524,2.454340241,2.572201918,1440,4.812634474,RH04,1122
1123,B,11.0758169,24,72.32546218,2.496585709,2.804830919,1440,12.5740681,RH04,1123
1124,B,12.65828517,24.00000003,34.30066442,2.52448376,2.680942302,1440,6.392697465,RH04,1124
1125,B,10.00463537,24.00000001,65.8049463,2.469423479,2.73564323,1440,10.87519863,RH04,1125
1126,B,-1.674465724,23.99999999,29.6791122,2.490515764,2.56136709,1440,2.871276268,RH04,1126
1127,B,-14.49691095,24.00000001,-33.13151327,2.556459919,2.325676993,1440,-9.482937043,RH03,1127
1128,B,14.37737044,24.00000001,68.61631095,2.500494481,2.806111966,1440,12.47850858,RH03,1128
1129,B,5.480903078,24.00000001,49.64125786,2.479545129,2.661211609,1440,7.412812532,RH02,1129
1130,B,13.18897447,23.99999998,44.21233696,2.526697003,2.729507138,1440,8.278684022,RH04,1130
1131,B,7.576473745,24,39.3915912,2.526057495,2.686448427,1440,6.531149601,RH03,1131
1132,B,6.128935647,24.00000001,31.30697457,2.533335867,2.655245415,1440,4.956417779,RH02,1132
1133,B,10.78051265,24,36.31252603,2.49654751,2.64523622,1440,6.084071938,RH02,1133
1134,B,15.08521989,24,67.20162616,2.459131874,2.746961635,1440,11.78016997,RH04,1134
1135,B,13.75044867,24.00000001,106.2237099,2.334046272,2.74558544,1440,16.87281152,RH03,1135
1136,B,16.34454081,24.00000001,82.87574364,2.41031163,2.755036099,1440,14.1252413,RH03,1136
1137,B,-6.932807207,24.00000001,4.591333671,2.496433035,2.439277623,1440,-2.358996304,RH02,1137
1138,B,6.215921395,24,33.37973349,2.54682828,2.682817922,1440,5.522143568,RH04,1138
1139,B,-6.149385517,24.00000001,19.4354131,2.513081402,2.529882468,1440,0.642907446,RH03,1139
1140,B,8.497449265,24,43.14684865,2.485022838,2.651280968,1440,6.795494898,RH04,1140
1141,B,4.909472449,24.00000002,28.37593069,2.494868942,2.586106336,1440,3.724721819,RH04,1141
1142,B,-0.068652226,24.00000001,28.74037221,2.504769102,2.582393246,1440,3.145587326,RH04,1142
1143,B,8.575158156,24.00000001,37.63603299,2.443093976,2.570992182,1440,5.258275588,RH03,1143
1144,B,8.522288292,24.00000001,72.72651518,2.408384147,2.678539811,1440,11.06197382,RH02,1144
1145,B,6.962096492,24.00000001,37.53318761,2.426775937,2.542582401,1440,4.768732273,RH04,1145
1146,B,1.029443418,23.99999999,53.48721563,2.409547134,2.567436001,1440,6.46529083,RH03,1146
1147,B,8.829957336,24,81.95785394,2.429446674,2.748602851,1440,13.04467493,RH04,1147
1148,B,15.13776889,24.00000001,87.54645355,2.396051713,2.751912325,1440,14.58087175,RH04,1148
1149,B,18.7808988,23.99999998,81.97065059,2.374515651,2.712071471,1440,13.86278897,RH04,1149
1150,B,5.489400762,24.00000002,34.14677652,2.510106132,2.634136406,1440,5.052521567,RH04,1150
1151,B,6.416357622,23.99999999,85.89905416,2.302326958,2.586120504,1440,11.66491235,RH03,1151
1152,B,1.06670248,24,16.47521046,2.533125092,2.570777251,1440,1.509418041,RH04,1152
1153,B,16.04755621,24.00000001,78.70925086,2.477839686,2.826323895,1440,14.2407311,RH03,1153
1154,B,-2.590485907,24.00000003,45.47467668,2.411598981,2.521403201,1440,4.493999127,RH04,1154
1155,B,3.772266504,24.00000002,54.91874207,2.495168584,2.699030941,1440,8.300159064,RH04,1155
1156,B,7.062684769,24,41.06243087,2.482153707,2.632889689,1440,6.159957823,RH02,1156
1157,B,8.25639234,23.99999997,32.97471328,2.517065861,2.648679308,1440,5.368412132,RH02,1157
1158,B,0.141770725,23.99999999,20.47481022,2.453193674,2.477520404,1440,1.00660358,RH03,1158
1159,B,28.93306747,23.99999999,101.9861893,2.405957323,2.880342961,1440,19.45170941,RH02,1159
1160,B,17.56304766,24,56.09623526,2.492162339,2.751749371,1440,10.62394696,RH03,1160
1161,B,-6.459811309,23.99999999,-14.87522188,2.543048305,2.418034599,1440,-5.141719831,RH04,1161
1162,B,8.182047899,24,46.12051052,2.445777548,2.610455019,1440,6.750974089,RH04,1162
1163,B,8.030219566,24,53.12994689,2.485731605,2.694406472,1440,8.518215603,RH02,1163
1164,B,-0.622752861,23.99999999,40.09749211,2.444733145,2.549623774,1440,4.284395863,RH04,1164
1165,B,12.96535867,23.99999998,68.74299838,2.454044227,2.738979033,1440,11.65656249,RH04,1165
1166,B,8.338304836,24.00000002,22.59933203,2.49156971,2.569083155,1440,3.182284483,RH04,1166
1167,B,-6.273495552,24.00000001,19.82070698,2.487192367,2.496329557,1440,0.344610534,RH04,1167
1168,B,-7.431446523,23.99999998,-11.50546162,2.537745043,2.422100641,1440,-4.761790712,RH02,1168
1169,B,8.273118206,24.00000001,57.41836139,2.435795315,2.647088649,1440,8.652462123,RH04,1169
1170,B,4.857994875,23.99999999,52.63926289,2.412167294,2.581544499,1440,6.946631101,RH02,1170
1171,B,4.5708227,24.00000002,25.48941423,2.480896638,2.553367725,1440,2.967653506,RH04,1171
1172,B,-11.664572,24.00000001,-15.06518025,2.539351188,2.392765843,1440,-6.038134311,RH04,1172
1173,B,1.159999442,24,32.31606212,2.463126478,2.546769624,1440,3.417681124,RH04,1173
1174,B,36.21057788,24,130.1485428,2.394997711,3.0167359,1440,25.47963298,RH03,1174
1175,B,12.29071326,24.00000002,54.1249197,2.522849199,2.764588267,1440,9.860256646,RH03,1175
1176,B,17.12700203,24,77.09605922,2.532067263,2.896122581,1440,14.84928127,RH04,1176
1177,B,5.69228849,24,70.27557607,2.365927307,2.600128823,1440,9.6110737,RH03,1177
1178,B,11.45124822,23.99999999,51.55344176,2.467752309,2.676108661,1440,8.528787362,RH02,1178
1179,B,-2.158702359,23.99999999,27.78648944,2.464886313,2.516794374,1440,2.112670357,RH02,1179
1180,B,1.007184442,24.00000002,25.40259243,2.422963566,2.461820402,1440,1.617231743,RH04,1180
1181,B,16.54267481,24,41.17890476,2.550714459,2.760973559,1440,8.58235227,RH03,1181
1182,B,-1.224690109,23.99999998,8.349201617,2.510423024,2.495955171,1440,-0.607318203,RH03,1182
1183,B,-9.925257355,24.00000002,-16.10693565,2.539042686,2.394273144,1440,-5.957064842,RH04,1183
1184,B,11.0911834,24.00000001,85.65849879,2.382642156,2.710455401,1440,13.43101108,RH04,1184
1185,B,-6.480568785,23.99999999,20.92610984,2.429922831,2.423472407,1440,-0.259439018,RH03,1185
1186,B,-14.32865078,24,-8.568236744,2.496395812,2.353671803,1440,-5.868884538,RH04,1186
1187,B,-1.760286008,24,51.41729809,2.452976435,2.606246406,1440,6.24284235,RH04,1187
1188,B,11.34543514,24.00000002,11.34631317,2.580914152,2.650863041,1440,2.838953161,RH04,1188
1189,B,8.491779192,24.00000001,42.27252376,2.465023898,2.6205431,1440,6.369465301,RH04,1189
1190,B,12.78377315,24,74.8635072,2.466196972,2.781555219,1440,12.88656523,RH02,1190
1191,B,0.602713041,23.99999998,18.92764288,2.485654124,2.516050608,1440,1.237914319,RH04,1191
1192,B,1.919241275,24,31.76652298,2.44385625,2.521300486,1440,3.178997935,RH04,1192
1193,B,11.95759341,23.99999998,55.07531495,2.459226154,2.682041333,1440,9.123423167,RH04,1193
1194,B,8.53366695,24,67.57693857,2.433301993,2.689405795,1440,10.47720154,RH02,1194
1195,B,18.69069387,23.99999998,65.61866692,2.495859262,2.802827779,1440,12.55344462,RH04,1195
1196,B,5.995139375,24.00000001,44.71056945,2.431990932,2.577549641,1440,5.971971051,RH03,1196
1197,B,11.54287939,23.99999999,50.58715729,2.416789545,2.603727906,1440,7.685459319,RH04,1197
1198,B,22.5298161,23.99999997,69.27502554,2.492614994,2.828913237,1440,13.7635426,RH02,1198
1199,B,15.7790397,24,77.14245987,2.408688884,2.725517262,1440,12.98934267,RH04,1199
1200,B,20.44468586,23.99999999,84.15398874,2.466198814,2.851082799,1440,15.7451196,RH04,1200
1201,B,5.847456759,23.99999999,20.79905038,2.516244317,2.584999287,1440,2.802757372,RH04,1201
1202,B,2.790076782,23.99999999,51.25769676,2.396432296,2.546591176,1440,6.165106789,RH04,1202
1203,B,20.96714774,24.00000001,95.57211493,2.401226782,2.815976058,1440,16.9966319,RH04,1203
1204,B,14.35722804,24.00000001,65.62600226,2.500974945,2.793526308,1440,11.94679825,RH03,1204
1205,B,14.29321869,23.99999999,71.29494217,2.476853829,2.785818897,1440,12.62698103,RH04,1205
1206,B,7.24454166,24.00000001,41.54725395,2.495397116,2.653496335,1440,6.45304194,RH04,1206
1207,B,11.4505523,24,34.98372812,2.517439964,2.669966674,1440,6.231673434,RH04,1207
1208,B,-1.179366865,24.00000002,15.90165527,2.512881227,2.532654496,1440,0.784059828,RH02,1208
1209,B,-9.374521948,24,-29.99095708,2.601512887,2.419183515,1440,-7.515800351,RH04,1209
1210,B,0.404124742,24.00000002,39.37283946,2.447012561,2.55333872,1440,4.34572167,RH04,1210
1211,B,-2.459215523,24.00000001,-7.327715911,2.525713533,2.442911426,1440,-3.399533988,RH04,1211
1212,B,9.464948979,23.99999998,63.84064819,2.43758892,2.682210751,1440,10.01173624,RH02,1212
1213,B,5.765501365,23.99999999,32.80243198,2.449996747,2.548493096,1440,4.047460853,RH04,1213
1214,B,5.112971531,23.99999998,29.97097801,2.488070161,2.58475015,1440,3.95053193,RH02,1214
1215,B,12.32160943,24.00000002,47.49397083,2.460684924,2.652008585,1440,7.843426079,RH04,1215
1216,B,-1.880715564,24,38.32485253,2.423167094,2.508144685,1440,3.481032664,RH02,1216
1217,B,4.51140234,23.99999999,19.99184027,2.482454463,2.531051957,1440,1.995690089,RH03,1217
1218,B,-0.594682181,24.00000003,22.98770048,2.481916626,2.524413002,1440,1.727134286,RH03,1218
1219,B,14.41827475,23.99999999,81.65282536,2.405279668,2.735690866,1440,13.53803121,RH04,1219
1220,B,23.61352472,24,79.03759089,2.467685366,2.842421865,1440,15.34450803,RH02,1220
1221,B,11.33518675,23.99999999,61.73465299,2.440553681,2.683923456,1440,9.966818737,RH04,1221
1222,B,14.85830097,24.00000002,85.72276365,2.413802929,2.766693897,1440,14.44945075,RH04,1222
1223,B,18.1629704,24.00000001,45.29340094,2.46776724,2.673689339,1440,8.457024548,RH03,1223
1224,B,7.514501358,23.99999999,75.79754407,2.407961071,2.687713275,1440,11.448381,RH04,1224
1225,B,10.87697569,24.00000001,69.79760845,2.458104439,2.741263489,1440,11.5736931,RH04,1225
1226,B,-9.576397346,23.99999999,2.220289483,2.49421861,2.41598401,1440,-3.225783972,RH02,1226
1227,B,29.83854547,24,134.4777205,2.35109592,2.952965538,1440,24.66929658,RH02,1227
1228,B,1.154836422,24.00000001,2.45257506,2.525630403,2.499344583,1440,-1.086424913,RH02,1228
1229,B,20.53293334,24,69.61762262,2.496473596,2.828136512,1440,13.56486031,RH02,1229
1230,B,-0.003660004,24,31.95090293,2.47942841,2.562713932,1440,3.389673481,RH04,1230
1231,B,2.830899916,23.99999999,26.0839234,2.461136135,2.522926273,1440,2.536815633,RH04,1231
1232,B,3.597423665,23.99999999,49.86028843,2.454486901,2.621463458,1440,6.821195741,RH02,1232
1233,B,1.554848697,24.00000003,34.34520675,2.578403948,2.712057507,1440,5.391292381,RH03,1233
1234,B,-3.836749686,23.99999999,7.36145714,2.487921511,2.451608074,1440,-1.494268174,RH04,1234
1235,B,-14.73328807,24,-8.049197106,2.493290039,2.350269145,1440,-5.880935269,RH04,1235
1236,B,22.18260287,24.00000002,77.32650044,2.495967732,2.867541801,1440,15.19492684,RH03,1236
1237,B,15.51106262,23.99999999,58.93913356,2.463631262,2.718248683,1440,10.42881235,RH02,1237
1238,B,17.81481586,23.99999998,65.28493571,2.456085495,2.744644728,1440,11.82254849,RH04,1238
1239,B,14.38308007,24,47.89458468,2.462682803,2.664165242,1440,8.263857301,RH03,1239
1240,B,10.07669626,24.00000001,65.67789791,2.40019766,2.642343701,1440,9.933581231,RH04,1240
1241,B,15.13034059,23.99999999,67.77700376,2.419214824,2.696030208,1440,11.35382401,RH02,1241
1242,B,10.03998138,23.99999999,61.04517392,2.470974012,2.716918049,1440,10.04994166,RH03,1242
1243,B,7.333574773,23.99999999,52.76749525,2.423807707,2.60700703,1440,7.512553509,RH02,1243
1244,B,11.79232567,24.00000001,87.15548261,2.388495419,2.727527942,1440,13.88698233,RH02,1244
1245,B,6.398153494,23.99999996,37.55344298,2.481920655,2.614653425,1440,5.425234474,RH02,1245
1246,B,9.258092776,23.99999999,96.64907923,2.298153363,2.638435723,1440,13.97596213,RH04,1246
1247,B,7.422863937,23.99999999,17.92721228,2.511370084,2.571707723,1440,2.469450074,RH04,1247
1248,B,14.12913776,24,58.668496,2.428274917,2.664385746,1440,9.689536829,RH04,1248
1249,B,-2.000408207,24.00000001,28.38487323,2.404040352,2.438267878,1440,1.426906184,RH03,1249
1250,B,0.658091088,24,36.22893004,2.477178153,2.58098666,1440,4.228191232,RH04,1250
1251,B,-0.879395091,23.99999999,-8.278808901,2.577247494,2.513875315,1440,-2.630578527,RH04,1251
1252,B,13.55515807,23.99999998,48.56301366,2.478319568,2.685018737,1440,8.464267132,RH02,1252
1253,B,6.250627955,24,30.95700083,2.485065375,2.58930582,1440,4.264227457,RH04,1253
1254,B,22.5424109,23.99999998,75.59526339,2.510008576,2.880135812,1440,15.13002014,RH04,1254
1255,B,11.4435941,24,29.83560261,2.612204179,2.774614299,1440,6.582773845,RH03,1255
1256,B,-0.344422786,24.00000001,40.00278104,2.503984396,2.629856553,1440,5.107030609,RH04,1256
1257,B,9.375662227,24.00000001,94.17478742,2.359189343,2.709996198,1440,14.37172323,RH04,1257
1258,B,7.3150692,24,49.30877756,2.469876415,2.65361795,1440,7.509829089,RH04,1258
1259,B,0.428065084,23.99999999,30.27644028,2.460116586,2.531014878,1440,2.898018415,RH03,1259
1260,B,8.114451137,23.99999999,59.65219667,2.350589178,2.54184216,1440,7.882504049,RH04,1260
1261,B,7.06809783,24,34.28327062,2.488412758,2.611494522,1440,5.031986396,RH02,1261
1262,B,0.953790206,24,30.91076176,2.493041352,2.580008675,1440,3.535991879,RH04,1262
1263,B,1.882989553,24,64.99682357,2.403906226,2.613685791,1440,8.582061935,RH03,1263
1264,B,14.86012604,23.99999999,50.80268983,2.434317623,2.640632836,1440,8.477540475,RH03,1264
1265,B,5.048925772,24.00000001,43.68108643,2.481560755,2.63608239,1440,6.306056327,RH04,1265
1266,B,16.95979919,24.00000001,63.2811127,2.485000599,2.771480783,1440,11.71902447,RH02,1266
1267,B,16.59232955,24,64.89519929,2.440755531,2.717761065,1440,11.35594178,RH03,1267
1268,B,-5.176295543,24.00000001,27.69327757,2.45134775,2.4869085,1440,1.442871327,RH02,1268
1269,B,6.93017975,23.99999999,37.47369025,2.450947383,2.574677424,1440,5.077878113,RH04,1269
1270,B,29.7898414,24.00000001,91.38637787,2.433803046,2.874326209,1440,18.06314357,RH02,1270
1271,B,9.607144336,24.00000001,26.92104466,2.520941799,2.63230557,1440,4.548305949,RH04,1271
1272,B,7.799560567,23.99999997,44.90599702,2.427203739,2.578725954,1440,6.224384796,RH04,1272
1273,B,14.59069349,23.99999998,48.47501184,2.487660308,2.701054445,1440,8.735731522,RH04,1273
1274,B,8.312454162,24.00000003,62.36309267,2.349826104,2.55348403,1440,8.388198983,RH04,1274
1275,B,1.538288187,24,13.87243701,2.498126872,2.514067334,1440,0.64712874,RH04,1275
1276,B,4.874975754,24.00000002,24.96492593,2.507771991,2.588306814,1440,3.282413309,RH02,1276
1277,B,-0.133122818,24.00000001,23.92119445,2.423644495,2.451953151,1440,1.183266652,RH04,1277
1278,B,7.620581987,24,65.57760336,2.39833352,2.630212038,1440,9.507054,RH04,1278
1279,B,9.427543691,23.99999999,32.59435429,2.577368855,2.732407588,1440,6.293489795,RH04,1279
1280,B,-3.963135649,23.99999999,20.74404924,2.474466135,2.491933823,1440,0.699594906,RH04,1280
1281,B,3.571870754,23.99999998,50.31179836,2.424516437,2.583086748,1440,6.49529695,RH03,1281
1282,B,13.31990797,23.99999999,48.29904323,2.468358338,2.669593923,1440,8.246460358,RH03,1282
1283,B,11.07246222,24,50.43230141,2.486056693,2.694352867,1440,8.514988395,RH04,1283
1284,B,3.538259193,24,42.07064977,2.417449168,2.537208686,1440,4.920598704,RH04,1284
1285,B,5.175050161,24.00000002,70.15760911,2.370230799,2.603457456,1440,9.567020714,RH04,1285
1286,B,-0.504705863,24.00000001,26.15772959,2.431939898,2.471548572,1440,1.636858305,RH04,1286
1287,B,19.55385828,23.99999999,70.513329,2.462329459,2.78254026,1440,13.11345996,RH04,1287
1288,B,-6.92634545,24,-8.00277896,2.515083386,2.408952121,1440,-4.360711558,RH04,1288
1289,B,6.500561103,24.00000001,28.38756943,2.522638197,2.629418261,1440,4.348377552,RH03,1289
1290,B,21.92783455,23.99999999,81.6448464,2.446496012,2.819118568,1440,15.26305739,RH02,1290
1291,B,1.727807104,24.00000001,38.11866528,2.478498459,2.595075185,1440,4.751081271,RH02,1291
1292,B,5.568693055,24.00000001,58.98409845,2.43770353,2.646426451,1440,8.535929367,RH04,1292
1293,B,12.84671053,24,76.12474659,2.48378289,2.810967435,1440,13.35834155,RH04,1293
1294,B,4.728352921,24,70.81833793,2.383688618,2.622775264,1440,9.796306173,RH02,1294
1295,B,-6.709187568,24.00000002,24.48632598,2.409013998,2.41018797,1440,0.060910926,RH02,1295
1296,B,10.65776316,24,54.0316785,2.466598931,2.682494404,1440,8.832784831,RH04,1296
1297,B,9.574663003,23.99999999,81.3472184,2.356583931,2.650804979,1440,12.07270561,RH04,1297
1298,B,7.542393148,23.99999999,31.68457649,2.542295348,2.674230712,1440,5.365079083,RH04,1298
1299,B,6.964707334,24.00000002,34.38506293,2.552719985,2.697957256,1440,5.89810495,RH03,1299
1300,B,-4.142613496,24.00000001,50.21718189,2.41060549,2.535128104,1440,5.086797608,RH02,1300
1301,B,19.98678989,24.00000003,89.10423187,2.401188073,2.783802069,1440,15.68580118,RH02,1301
1302,B,-2.171536446,24.00000002,36.72627544,2.457937193,2.546740318,1440,3.616786223,RH02,1302
1303,B,13.39504763,24.00000001,72.46683933,2.422864593,2.715076928,1440,11.97098472,RH02,1303
1304,B,-5.458798683,24,27.14477968,2.485539644,2.529378203,1440,1.760033268,RH04,1304
1305,B,-2.266038938,24.00000001,17.0333486,2.474344131,2.481791783,1440,0.299054876,RH03,1305
1306,B,14.25277398,24.00000001,72.83503286,2.487062408,2.806159247,1440,13.03338098,RH02,1306
1307,B,13.44730271,24.00000001,65.05234554,2.445231457,2.712703851,1440,10.95308474,RH04,1307
1308,B,9.201156515,24,44.71666831,2.485252471,2.66112777,1440,7.189337398,RH04,1308
1309,B,-13.79582146,23.99999999,-2.586017427,2.547912137,2.451199385,1440,-4.023163698,RH03,1309
1310,B,5.559024277,23.99999998,54.2379414,2.463734364,2.660483946,1440,8.035003933,RH03,1310
1311,B,2.375515134,24,28.81216452,2.489765273,2.571691455,1440,3.338506472,RH04,1311
1312,B,-1.171741745,23.99999999,21.54670948,2.530824853,2.581627043,1440,2.03634951,RH03,1312
1313,B,16.41107938,24,49.87775189,2.532321262,2.774039344,1440,9.871048409,RH04,1313
1314,B,12.17645094,24.00000003,43.22360366,2.515623403,2.706492182,1440,7.79488222,RH04,1314
1315,B,1.705512492,23.99999999,10.55915647,2.539393094,2.55556022,1440,0.634900761,RH04,1315
1316,B,-0.7273679,24.00000001,27.14361863,2.569290259,2.659593761,1440,3.623962451,RH02,1316
1317,B,13.03294562,23.99999999,98.142417,2.345601001,2.722872975,1440,15.47013204,RH04,1317
1318,B,8.91965857,24.00000001,45.76229853,2.42728902,2.586796971,1440,6.553647875,RH03,1318
1319,B,3.84494455,24.00000001,44.8071819,2.49887537,2.659797264,1440,6.552171267,RH04,1319
1320,B,12.91364705,24,38.96985844,2.51170706,2.685273017,1440,7.096305973,RH04,1320
1321,B,7.635043198,23.99999999,34.83511884,2.546747556,2.694419914,1440,6.003057654,RH03,1321
1322,B,-1.984789299,24,29.99718107,2.440625937,2.494575112,1440,2.20939122,RH02,1322
1323,B,0.924674082,24,21.81226263,2.517573104,2.572831175,1440,2.233174141,RH02,1323
1324,B,-0.558852039,24.00000002,2.095277734,2.56680947,2.546690679,1440,-0.864659483,RH04,1324
1325,B,18.03692478,24,76.34783117,2.405043832,2.725568332,1440,13.15077422,RH04,1325
1326,B,11.66704539,23.99999999,42.58349739,2.458598603,2.625153775,1440,6.834606999,RH04,1326
1327,B,17.52377304,23.99999998,57.42013611,2.398779345,2.631959932,1440,9.599962246,RH04,1327
1328,B,15.19576475,24.00000001,90.29703763,2.347097265,2.698456446,1440,14.42429106,RH04,1328
1329,B,25.11854241,24,85.4992287,2.405281534,2.792634356,1440,15.89715294,RH04,1329
1330,B,1.550957466,24.00000001,23.85916418,2.481650497,2.535914081,1440,2.2145327,RH04,1330
1331,B,16.41851669,24,71.64225438,2.469323232,2.785177539,1440,12.91981494,RH04,1331
1332,B,6.194979967,24,45.6489479,2.484335253,2.652753946,1440,6.874384203,RH04,1332
1333,B,4.927011333,23.99999999,42.54812449,2.491452458,2.643932205,1440,6.217219072,RH04,1333
1334,B,-2.37217833,24.00000001,44.22951791,2.458699018,2.580024008,1440,4.938157677,RH02,1334
1335,B,11.30186732,24,27.98816999,2.499451578,2.614464893,1440,4.71512559,RH04,1335
1336,B,8.72379924,23.99999999,57.04909969,2.414462503,2.618487378,1440,8.3701368,RH04,1336
1337,B,-0.233236556,23.99999999,25.44709901,2.472935598,2.524518233,1440,2.102935453,RH03,1337
1338,B,13.24772072,24.00000001,32.08326731,2.532972805,2.684797007,1440,6.202069841,RH04,1338
1339,B,10.97909571,24,64.45022881,2.449507278,2.706568687,1440,10.51738228,RH04,1339
1340,B,2.431750569,24.00000002,24.31504558,2.528723043,2.604459375,1440,3.066119688,RH04,1340
1341,B,8.805785011,24,64.40251537,2.472526839,2.72915915,1440,10.47876881,RH04,1341
1342,B,-1.233865756,23.99999998,35.20327825,2.467178056,2.555962543,1440,3.614879919,RH03,1342
1343,B,18.20308305,23.99999999,72.60580656,2.436177974,2.75155777,1440,12.92553209,RH02,1343
1344,B,-9.943649987,24,33.94612793,2.437433631,2.477893473,1440,1.630217408,RH04,1344
