amount,transaction_type,merchant_category,location,device_used,is_fraud
23.32,transfer,entertainment,New York,atm,False
24.58,transfer,online,Tokyo,atm,False
13.24,transfer,online,Tokyo,mobile,False
32.67,transfer,online,New York,atm,False
5.36,transfer,online,Tokyo,atm,False
1384.5,deposit,entertainment,Tokyo,mobile,False
27.05,transfer,online,Tokyo,atm,False
26.02,transfer,entertainment,Tokyo,atm,False
74.25,transfer,online,Tokyo,mobile,False
1383.65,deposit,online,New York,atm,False
450.76,deposit,entertainment,New York,mobile,False
591.22,deposit,entertainment,New York,atm,False
33.04,transfer,online,Tokyo,mobile,False
9.31,transfer,entertainment,Tokyo,mobile,False
43.06,transfer,online,Tokyo,mobile,False
1266.19,deposit,online,Tokyo,atm,False
29.28,transfer,entertainment,New York,mobile,False
518.5,deposit,entertainment,New York,mobile,False
16.48,transfer,online,New York,mobile,False
19.37,transfer,entertainment,New York,mobile,False
963.92,deposit,online,Tokyo,mobile,False
1567.48,deposit,entertainment,New York,mobile,False
23.83,transfer,online,New York,atm,False
1197.31,deposit,online,Tokyo,mobile,False
1531.72,deposit,online,Tokyo,atm,False
988.6,deposit,online,Tokyo,mobile,False
681.62,deposit,entertainment,Tokyo,atm,False
23.17,transfer,online,New York,mobile,False
99.82,transfer,entertainment,Tokyo,mobile,False
44.03,transfer,online,Tokyo,atm,False
26.85,transfer,entertainment,Tokyo,atm,False
6.94,transfer,online,New York,mobile,False
763.68,deposit,online,New York,atm,False
23.27,transfer,online,Tokyo,mobile,False
7.11,transfer,entertainment,Tokyo,mobile,False
15.18,transfer,online,Tokyo,mobile,False
823.76,deposit,online,Tokyo,atm,False
1211.1,deposit,online,Tokyo,atm,False
25.04,transfer,entertainment,Tokyo,mobile,False
1328.03,deposit,entertainment,Tokyo,mobile,False
865.13,deposit,entertainment,Tokyo,mobile,False
674.61,deposit,online,Tokyo,atm,False
1358.86,deposit,entertainment,New York,atm,False
14.71,transfer,online,Tokyo,atm,False
1131.17,deposit,online,New York,mobile,False
1193.86,deposit,online,New York,mobile,False
490.66,deposit,entertainment,New York,atm,False
6.84,transfer,entertainment,New York,atm,False
19.51,transfer,online,Tokyo,atm,False
778.82,deposit,online,Tokyo,mobile,False
17.5,transfer,online,New York,atm,False
31.19,transfer,online,New York,mobile,False
1714.08,deposit,online,New York,mobile,False
15.64,transfer,entertainment,Tokyo,atm,False
2074.17,deposit,online,Tokyo,mobile,False
970.85,deposit,entertainment,Tokyo,mobile,False
1638.6,deposit,online,Tokyo,atm,False
1295.99,deposit,entertainment,Tokyo,mobile,False
20.69,transfer,entertainment,Tokyo,atm,False
803.47,deposit,online,New York,atm,False
27.81,transfer,online,New York,mobile,False
31.78,transfer,online,New York,mobile,False
923.67,deposit,online,New York,atm,False
0.01,deposit,online,Tokyo,atm,False
542.75,deposit,entertainment,New York,mobile,False
3.55,transfer,entertainment,Tokyo,mobile,False
1702.93,deposit,entertainment,New York,atm,False
18.19,transfer,entertainment,Tokyo,atm,False
11.16,transfer,entertainment,New York,atm,False
385.36,deposit,online,New York,mobile,False
20.36,transfer,online,New York,mobile,False
1465.36,deposit,entertainment,Tokyo,atm,False
13.04,transfer,entertainment,New York,atm,False
13.67,transfer,entertainment,Tokyo,atm,False
1135.81,deposit,online,Tokyo,atm,False
16.9,transfer,online,New York,atm,False
26.33,transfer,entertainment,Tokyo,mobile,False
19.44,transfer,entertainment,Tokyo,mobile,False
9.05,transfer,online,Tokyo,mobile,False
21.51,transfer,entertainment,Tokyo,mobile,False
1691.18,deposit,entertainment,Tokyo,mobile,False
22.41,transfer,entertainment,Tokyo,mobile,False
17.48,transfer,entertainment,New York,atm,False
39.61,transfer,entertainment,New York,atm,False
1570.91,deposit,entertainment,New York,mobile,False
24.02,transfer,online,New York,mobile,False
15.13,transfer,online,Tokyo,atm,False
1063.05,deposit,entertainment,New York,mobile,False
427.21,deposit,entertainment,Tokyo,mobile,False
499.2,deposit,online,Tokyo,mobile,False
1261.56,deposit,online,Tokyo,mobile,False
8.68,transfer,online,Tokyo,atm,False
30.91,transfer,online,New York,atm,False
1281.57,deposit,online,New York,mobile,False
10.08,transfer,entertainment,Tokyo,atm,False
1389.91,deposit,online,Tokyo,atm,False
20.39,transfer,online,New York,mobile,False
34.83,transfer,entertainment,New York,atm,False
35.14,transfer,entertainment,Tokyo,atm,False
755.56,deposit,online,Tokyo,mobile,False
9.98,transfer,online,Tokyo,mobile,False
2018.89,deposit,online,New York,mobile,False
421.05,deposit,online,New York,atm,False
10.34,transfer,entertainment,Tokyo,mobile,False
1395.82,deposit,entertainment,New York,atm,False
12.56,transfer,online,New York,mobile,False
39.02,transfer,online,New York,atm,False
1106.44,deposit,entertainment,Tokyo,atm,False
1263.76,deposit,entertainment,New York,atm,False
14.1,transfer,online,New York,mobile,False
14.16,transfer,online,Tokyo,atm,False
1082.81,deposit,online,Tokyo,mobile,False
558.79,deposit,entertainment,New York,mobile,False
883.74,deposit,entertainment,Tokyo,mobile,False
5.92,transfer,entertainment,New York,mobile,False
2021.39,deposit,online,New York,mobile,False
17.43,transfer,entertainment,New York,mobile,False
1217.92,deposit,entertainment,New York,mobile,False
1032.12,deposit,entertainment,New York,mobile,False
1791.15,deposit,online,Tokyo,mobile,False
26.76,transfer,online,Tokyo,mobile,False
21.62,transfer,entertainment,Tokyo,mobile,False
1510.32,deposit,entertainment,Tokyo,atm,False
348.88,deposit,entertainment,New York,mobile,False
1163,deposit,online,New York,atm,False
4.97,deposit,online,New York,mobile,False
1283.26,deposit,online,Tokyo,atm,False
551.71,deposit,online,New York,atm,False
20.05,transfer,entertainment,New York,mobile,False
394.65,deposit,online,Tokyo,atm,False
16.64,transfer,entertainment,New York,atm,False
114.99,transfer,online,Tokyo,mobile,False
467.23,deposit,online,Tokyo,atm,False
17.38,transfer,online,Tokyo,atm,False
14.64,transfer,online,New York,atm,False
21.44,transfer,entertainment,New York,atm,False
637.44,deposit,entertainment,Tokyo,mobile,False
1215.2,deposit,online,New York,atm,False
957.55,deposit,online,Tokyo,mobile,False
13.52,transfer,entertainment,New York,mobile,False
813.39,deposit,entertainment,Tokyo,mobile,False
702.45,deposit,entertainment,New York,atm,False
1127.97,deposit,online,Tokyo,atm,False
833.42,deposit,entertainment,New York,mobile,False
730.6,deposit,online,New York,atm,False
32.04,transfer,online,Tokyo,mobile,False
11.73,transfer,entertainment,Tokyo,atm,False
631.76,deposit,entertainment,New York,mobile,False
22.07,transfer,entertainment,Tokyo,mobile,False
21.66,transfer,online,Tokyo,mobile,False
22.39,transfer,entertainment,Tokyo,atm,False
1304.3,deposit,online,New York,atm,False
0.01,deposit,entertainment,New York,mobile,False
6.6,transfer,entertainment,New York,atm,False
13.89,transfer,online,Tokyo,mobile,False
43.78,transfer,entertainment,Tokyo,atm,False
28.13,transfer,online,New York,mobile,False
408.58,deposit,online,New York,mobile,False
1635.54,deposit,entertainment,Tokyo,mobile,False
98.57,transfer,online,New York,mobile,False
48.83,transfer,entertainment,New York,atm,False
165.24,transfer,online,New York,mobile,False
1404.98,deposit,entertainment,Tokyo,mobile,False
20.56,transfer,online,New York,atm,False
971.76,deposit,entertainment,New York,atm,False
470.91,deposit,online,New York,mobile,False
866.87,deposit,online,Tokyo,mobile,False
819.16,deposit,entertainment,Tokyo,mobile,False
9.95,transfer,entertainment,New York,mobile,False
54.55,transfer,online,New York,mobile,False
11.18,transfer,online,Tokyo,atm,False
10.67,transfer,entertainment,New York,mobile,False
11.79,transfer,entertainment,New York,atm,False
6.45,transfer,online,Tokyo,atm,False
38.57,transfer,online,Tokyo,atm,False
721.22,deposit,entertainment,New York,mobile,False
781.45,deposit,online,New York,mobile,False
14.71,transfer,online,Tokyo,mobile,False
19.77,transfer,online,New York,atm,False
26.63,transfer,online,New York,mobile,False
699.12,deposit,entertainment,Tokyo,atm,False
23.44,transfer,entertainment,New York,mobile,False
57.06,transfer,entertainment,New York,mobile,False
32.86,transfer,online,New York,mobile,False
813.69,deposit,online,New York,atm,False
25.11,transfer,online,New York,atm,False
16.88,transfer,entertainment,New York,mobile,False
1354.49,deposit,online,New York,mobile,False
26.58,transfer,entertainment,New York,atm,False
615.17,deposit,entertainment,Tokyo,mobile,False
547.21,deposit,entertainment,New York,mobile,False
821.67,deposit,online,New York,atm,False
32.69,transfer,entertainment,Tokyo,atm,False
1368.31,deposit,online,New York,mobile,False
11.41,transfer,online,Tokyo,atm,False
1379.45,deposit,online,New York,mobile,False
1438.32,deposit,online,Tokyo,atm,False
39.65,transfer,online,New York,mobile,False
1111.58,deposit,online,Tokyo,mobile,False
44.67,transfer,entertainment,Tokyo,mobile,False
32.87,transfer,entertainment,Tokyo,atm,False
7.59,transfer,online,New York,atm,False
766.1,deposit,online,Tokyo,mobile,False
543.49,deposit,entertainment,Tokyo,mobile,False
14.48,transfer,entertainment,Tokyo,atm,False
10.76,transfer,entertainment,New York,mobile,False
9.24,transfer,entertainment,New York,mobile,False
1428.56,deposit,entertainment,Tokyo,mobile,False
1866.68,deposit,online,New York,atm,False
1916.17,deposit,entertainment,New York,mobile,False
12.76,transfer,online,New York,atm,False
14.66,transfer,online,Tokyo,mobile,False
1443.01,deposit,online,New York,mobile,False
1520.24,deposit,entertainment,Tokyo,mobile,False
1247.53,deposit,entertainment,Tokyo,atm,False
814.42,deposit,online,Tokyo,atm,False
1532.25,deposit,entertainment,New York,mobile,False
1260.81,deposit,entertainment,Tokyo,atm,False
1203.72,deposit,online,New York,mobile,False
25.41,transfer,online,Tokyo,mobile,False
1312.88,deposit,entertainment,Tokyo,atm,False
12.2,transfer,online,Tokyo,atm,False
1150.82,deposit,online,New York,atm,False
1099.2,deposit,online,New York,atm,False
770.98,deposit,online,Tokyo,mobile,False
1405.37,deposit,online,Tokyo,atm,False
27.51,transfer,entertainment,New York,atm,False
33.93,transfer,online,New York,atm,False
1004.71,deposit,online,New York,atm,False
1610.93,deposit,entertainment,Tokyo,mobile,False
39.97,transfer,entertainment,Tokyo,atm,False
1394.44,deposit,entertainment,New York,mobile,False
11.89,transfer,online,Tokyo,atm,False
634.53,deposit,entertainment,Tokyo,atm,False
740.19,deposit,online,New York,mobile,False
1484.74,deposit,online,New York,atm,False
1412.73,deposit,online,New York,atm,False
1447.07,deposit,entertainment,Tokyo,mobile,False
46.4,transfer,entertainment,Tokyo,atm,False
442.05,deposit,online,New York,mobile,False
1449.84,deposit,online,New York,atm,False
1578.55,deposit,entertainment,Tokyo,atm,False
1167.47,deposit,online,Tokyo,atm,False
991.16,deposit,online,Tokyo,mobile,False
10.58,transfer,online,Tokyo,mobile,False
1309.05,deposit,online,New York,atm,False
11.29,transfer,entertainment,Tokyo,mobile,False
1592.97,deposit,online,Tokyo,mobile,False
845.56,deposit,online,New York,atm,False
5.96,transfer,entertainment,Tokyo,atm,False
59.85,transfer,entertainment,New York,mobile,False
13.27,transfer,entertainment,Tokyo,atm,False
1161.18,deposit,entertainment,New York,atm,False
532.03,deposit,online,Tokyo,mobile,False
1891.63,deposit,entertainment,Tokyo,mobile,False
8.17,transfer,entertainment,New York,mobile,False
9.05,transfer,entertainment,New York,mobile,False
10.61,transfer,entertainment,Tokyo,atm,False
610.4,deposit,entertainment,Tokyo,mobile,False
1063.19,deposit,entertainment,New York,mobile,False
338,deposit,online,New York,atm,False
1381.65,deposit,entertainment,Tokyo,mobile,False
22.46,transfer,online,Tokyo,atm,False
228.61,deposit,entertainment,New York,atm,False
1159.63,deposit,entertainment,Tokyo,mobile,False
362.83,deposit,online,New York,atm,False
1018.97,deposit,online,New York,atm,False
1752.08,deposit,entertainment,Tokyo,atm,False
10.91,transfer,entertainment,Tokyo,atm,False
25.93,transfer,entertainment,New York,atm,False
1615.4,deposit,entertainment,Tokyo,atm,False
13.87,transfer,entertainment,Tokyo,atm,False
5.02,transfer,entertainment,Tokyo,atm,False
365.06,deposit,online,New York,atm,False
1659.14,deposit,entertainment,Tokyo,mobile,False
44.97,transfer,online,Tokyo,atm,False
16.31,transfer,entertainment,Tokyo,atm,False
2252.34,deposit,entertainment,New York,atm,False
157.18,transfer,online,Tokyo,mobile,False
35.22,transfer,entertainment,New York,atm,False
8.95,transfer,entertainment,Tokyo,atm,False
83.12,transfer,entertainment,Tokyo,atm,False
6.29,transfer,online,New York,atm,False
631.41,deposit,entertainment,Tokyo,mobile,False
28.94,transfer,online,New York,atm,False
869.54,deposit,online,New York,mobile,False
39.75,transfer,online,New York,atm,False
3.32,transfer,entertainment,New York,atm,False
0.01,deposit,entertainment,New York,atm,False
42.47,transfer,online,Tokyo,atm,False
14.02,transfer,online,Tokyo,mobile,False
12.05,transfer,entertainment,Tokyo,mobile,False
541.1,deposit,entertainment,New York,mobile,False
1663.67,deposit,online,Tokyo,mobile,False
1376.32,deposit,entertainment,Tokyo,atm,False
894.49,deposit,online,Tokyo,mobile,False
11.89,transfer,entertainment,New York,atm,False
4.32,transfer,online,Tokyo,atm,False
613.45,deposit,online,Tokyo,mobile,False
1681.87,deposit,entertainment,New York,atm,False
995.39,deposit,online,Tokyo,atm,False
15.23,transfer,entertainment,Tokyo,mobile,False
161.18,deposit,entertainment,New York,mobile,False
8.05,transfer,online,New York,mobile,False
376.01,deposit,entertainment,New York,atm,False
17.62,transfer,entertainment,Tokyo,atm,False
12.36,transfer,entertainment,New York,mobile,False
28.46,transfer,entertainment,Tokyo,atm,False
648.17,deposit,online,Tokyo,atm,False
16.48,transfer,entertainment,New York,mobile,False
635.34,deposit,online,Tokyo,mobile,False
8.48,transfer,entertainment,Tokyo,mobile,False
62.36,transfer,online,New York,atm,False
767.75,deposit,online,Tokyo,mobile,False
4.05,transfer,entertainment,Tokyo,atm,False
37.2,transfer,entertainment,New York,atm,False
578.42,deposit,online,Tokyo,atm,False
28.78,transfer,entertainment,Tokyo,mobile,False
39.71,transfer,entertainment,New York,mobile,False
1002.66,deposit,online,Tokyo,mobile,False
469.55,deposit,online,Tokyo,mobile,False
18.61,transfer,online,Tokyo,mobile,False
1261.38,deposit,entertainment,Tokyo,mobile,False
1140.79,deposit,online,New York,atm,False
23.68,transfer,online,Tokyo,mobile,False
821.04,deposit,online,Tokyo,mobile,False
1722.96,deposit,entertainment,Tokyo,atm,False
966.4,deposit,entertainment,Tokyo,mobile,False
31.65,transfer,online,Tokyo,mobile,False
64.58,transfer,online,Tokyo,mobile,False
1489.23,deposit,online,New York,mobile,False
23.39,transfer,online,Tokyo,atm,False
8.69,transfer,online,Tokyo,atm,False
14.32,transfer,online,New York,mobile,False
5.74,transfer,entertainment,Tokyo,mobile,False
904.1,deposit,online,Tokyo,mobile,False
21.64,transfer,online,Tokyo,mobile,False
1105.81,deposit,entertainment,New York,mobile,False
598.85,deposit,entertainment,New York,mobile,False
78.87,transfer,online,Tokyo,atm,False
6.15,transfer,entertainment,New York,atm,False
21.07,transfer,entertainment,New York,atm,False
17.28,transfer,online,New York,mobile,False
1218.78,deposit,online,Tokyo,mobile,False
889.13,deposit,entertainment,New York,atm,False
23.57,transfer,online,Tokyo,atm,False
11.59,transfer,entertainment,Tokyo,atm,False
51.24,transfer,entertainment,Tokyo,mobile,False
827.67,deposit,online,Tokyo,atm,False
59.81,transfer,entertainment,New York,atm,False
4.72,transfer,entertainment,Tokyo,atm,False
9.86,transfer,entertainment,New York,mobile,False
977.23,deposit,entertainment,New York,mobile,False
685.78,deposit,entertainment,New York,atm,False
12.33,transfer,entertainment,Tokyo,mobile,False
11.12,transfer,entertainment,Tokyo,atm,False
27.81,transfer,entertainment,New York,atm,False
252.27,deposit,online,New York,atm,False
16.27,transfer,online,Tokyo,mobile,False
59.83,transfer,entertainment,Tokyo,mobile,False
564.55,deposit,online,Tokyo,atm,False
502.93,deposit,entertainment,New York,atm,False
665.75,deposit,online,New York,atm,False
936.02,deposit,entertainment,Tokyo,atm,False
859.83,deposit,entertainment,New York,atm,False
1006.4,deposit,online,Tokyo,mobile,False
38.02,transfer,entertainment,Tokyo,mobile,False
711.48,deposit,online,New York,mobile,False
10.59,transfer,entertainment,New York,mobile,False
2.84,transfer,online,Tokyo,mobile,False
343.43,deposit,online,New York,mobile,False
44.58,transfer,entertainment,New York,mobile,False
765.7,deposit,online,New York,atm,False
15.27,transfer,entertainment,New York,atm,False
936.92,deposit,online,Tokyo,atm,False
1079.01,deposit,online,New York,atm,False
13.66,transfer,entertainment,New York,mobile,False
1035.98,deposit,entertainment,Tokyo,mobile,False
1232.47,deposit,online,New York,atm,False
1468.97,deposit,online,New York,atm,False
5.36,transfer,online,New York,mobile,False
40.56,transfer,online,Tokyo,atm,False
1131.29,deposit,online,Tokyo,mobile,False
1466.88,deposit,entertainment,Tokyo,mobile,False
529.66,deposit,entertainment,Tokyo,atm,False
23.75,transfer,online,Tokyo,atm,False
11.28,transfer,entertainment,New York,mobile,False
1151.44,deposit,online,Tokyo,mobile,False
978.28,deposit,online,Tokyo,mobile,False
1211.49,deposit,online,Tokyo,mobile,False
0.01,deposit,online,Tokyo,mobile,False
892.56,deposit,online,Tokyo,atm,False
1337.32,deposit,entertainment,New York,mobile,False
41.74,transfer,entertainment,Tokyo,atm,False
1265.9,deposit,entertainment,New York,mobile,False
55.19,transfer,online,New York,mobile,False
37.89,transfer,entertainment,New York,atm,False
18.87,transfer,entertainment,New York,atm,False
4.63,transfer,entertainment,New York,atm,False
32.58,transfer,online,New York,atm,False
1798,deposit,online,Tokyo,mobile,False
15.25,transfer,entertainment,Tokyo,mobile,False
24.41,transfer,online,Tokyo,mobile,False
14.47,transfer,entertainment,Tokyo,atm,False
1245.81,deposit,entertainment,New York,mobile,False
24.98,transfer,online,New York,atm,False
1164.52,deposit,entertainment,New York,atm,False
13.73,transfer,online,New York,mobile,False
1190.57,deposit,online,Tokyo,atm,False
954.9,deposit,online,New York,atm,False
1129.1,deposit,entertainment,Tokyo,atm,False
995.97,deposit,online,New York,mobile,False
1110.31,deposit,online,New York,mobile,False
1945.45,deposit,entertainment,New York,mobile,False
130.82,transfer,entertainment,New York,mobile,False
21.34,transfer,entertainment,Tokyo,mobile,False
180.05,deposit,entertainment,New York,atm,False
6.3,transfer,online,Tokyo,atm,False
7.04,transfer,entertainment,New York,mobile,False
2268.3,deposit,entertainment,New York,mobile,False
1102.87,deposit,online,New York,mobile,False
32.7,transfer,entertainment,Tokyo,atm,False
785.42,deposit,entertainment,New York,mobile,False
19.44,transfer,entertainment,Tokyo,atm,False
604.23,deposit,online,New York,atm,False
1018.49,deposit,online,Tokyo,mobile,False
470.24,deposit,online,New York,atm,False
22.72,transfer,entertainment,New York,mobile,False
46.37,transfer,online,Tokyo,mobile,False
954.82,deposit,entertainment,New York,atm,False
23.19,transfer,entertainment,Tokyo,mobile,False
1408.73,deposit,entertainment,New York,mobile,False
1327.15,deposit,entertainment,Tokyo,atm,False
1159.35,deposit,online,New York,atm,False
8.6,transfer,entertainment,Tokyo,atm,False
1482.34,deposit,entertainment,Tokyo,mobile,False
162.77,deposit,online,New York,atm,False
683.51,deposit,online,New York,mobile,False
12.85,transfer,entertainment,Tokyo,atm,False
580.32,deposit,online,Tokyo,mobile,False
1713.92,deposit,online,New York,mobile,False
4.85,transfer,online,New York,atm,False
25.27,transfer,entertainment,Tokyo,mobile,False
1082.25,deposit,entertainment,Tokyo,atm,False
17.55,transfer,entertainment,Tokyo,atm,False
5.25,transfer,entertainment,Tokyo,atm,False
1513.96,deposit,online,New York,atm,False
23.16,transfer,online,Tokyo,mobile,False
45.63,transfer,online,Tokyo,mobile,False
629.85,deposit,entertainment,Tokyo,atm,False
127.39,deposit,online,New York,atm,False
7.62,transfer,entertainment,New York,atm,False
42.12,transfer,entertainment,New York,atm,False
46.43,transfer,entertainment,New York,mobile,False
12.12,transfer,online,New York,atm,False
1263.01,deposit,entertainment,Tokyo,atm,False
315.29,deposit,online,Tokyo,atm,False
1331.03,deposit,online,New York,atm,False
1324.79,deposit,online,New York,atm,False
2004.9,deposit,entertainment,New York,atm,False
241.67,deposit,online,Tokyo,atm,False
43.16,transfer,online,Tokyo,atm,False
482.27,deposit,online,Tokyo,atm,False
1425.59,deposit,entertainment,New York,mobile,False
1551.37,deposit,online,New York,mobile,False
4.79,transfer,entertainment,Tokyo,mobile,False
11.92,transfer,entertainment,New York,mobile,False
38.18,transfer,entertainment,Tokyo,atm,False
7.44,transfer,entertainment,New York,atm,False
9.03,transfer,online,New York,atm,False
26.67,transfer,entertainment,Tokyo,mobile,False
1069.19,deposit,entertainment,Tokyo,mobile,False
28.73,transfer,online,New York,mobile,False
21.16,transfer,entertainment,New York,atm,False
1592.13,deposit,entertainment,New York,atm,False
0.01,deposit,online,Tokyo,atm,False
19.39,transfer,online,New York,atm,False
0.01,deposit,online,New York,mobile,False
9.72,transfer,entertainment,New York,atm,False
1559.91,deposit,entertainment,Tokyo,mobile,False
540.86,deposit,online,Tokyo,mobile,False
1321.37,deposit,entertainment,New York,atm,False
1300.82,deposit,online,Tokyo,atm,False
481.39,deposit,online,Tokyo,mobile,False
987.88,deposit,entertainment,Tokyo,mobile,False
84.01,transfer,online,Tokyo,mobile,False
15.35,transfer,online,Tokyo,atm,False
11.01,transfer,entertainment,Tokyo,mobile,False
225.56,deposit,entertainment,Tokyo,atm,False
1828.82,deposit,entertainment,New York,atm,False
11.8,transfer,entertainment,Tokyo,mobile,False
1914.49,deposit,online,New York,atm,False
1225.24,deposit,entertainment,New York,mobile,False
160.3,transfer,online,Tokyo,atm,False
855.48,deposit,online,New York,mobile,False
1283.79,deposit,online,New York,atm,False
15.58,transfer,online,Tokyo,mobile,False
10.17,transfer,entertainment,Tokyo,atm,False
1616.47,deposit,entertainment,Tokyo,atm,False
15.24,transfer,entertainment,Tokyo,atm,False
16.95,transfer,entertainment,Tokyo,atm,False
1979.38,deposit,entertainment,Tokyo,atm,False
41.67,transfer,online,New York,mobile,False
590.01,deposit,online,New York,mobile,False
11.44,transfer,entertainment,New York,mobile,False
15.9,transfer,entertainment,New York,atm,False
1601.46,deposit,online,New York,mobile,False
621.4,deposit,entertainment,New York,atm,False
997.35,deposit,entertainment,Tokyo,atm,False
31.4,deposit,entertainment,New York,mobile,False
9.34,transfer,entertainment,Tokyo,atm,False
688.74,deposit,entertainment,Tokyo,mobile,False
85.47,transfer,online,Tokyo,mobile,False
16.31,transfer,online,New York,mobile,False
21.81,transfer,entertainment,Tokyo,mobile,False
17.46,transfer,online,New York,atm,False
681.5,deposit,entertainment,Tokyo,atm,False
18.76,transfer,online,Tokyo,mobile,False
5.89,transfer,online,New York,atm,False
25.25,transfer,entertainment,Tokyo,mobile,False
30.85,transfer,online,New York,mobile,False
870.47,deposit,online,New York,mobile,False
11.64,transfer,entertainment,Tokyo,atm,False
1780.77,deposit,online,Tokyo,atm,False
20.84,transfer,online,Tokyo,atm,False
6.28,transfer,online,Tokyo,atm,False
12.08,transfer,online,New York,atm,False
1763.52,deposit,online,Tokyo,atm,False
29.36,transfer,entertainment,New York,atm,False
1031.59,deposit,entertainment,New York,atm,False
16.67,transfer,entertainment,Tokyo,mobile,False
1482.92,deposit,online,New York,mobile,False
520.56,deposit,entertainment,New York,mobile,False
13.95,transfer,online,Tokyo,atm,False
13.01,transfer,entertainment,Tokyo,mobile,False
1063.81,deposit,online,Tokyo,atm,False
19.56,transfer,entertainment,Tokyo,atm,False
81.65,transfer,online,New York,mobile,False
15.97,transfer,entertainment,Tokyo,mobile,False
14.88,transfer,entertainment,Tokyo,mobile,False
970.63,deposit,online,Tokyo,atm,False
1186.99,deposit,online,Tokyo,atm,False
869.63,deposit,online,Tokyo,mobile,False
868.58,deposit,entertainment,Tokyo,atm,False
596.84,deposit,entertainment,New York,atm,False
720.27,deposit,online,New York,mobile,False
1320.72,deposit,online,Tokyo,atm,False
7.49,transfer,online,New York,mobile,False
28.04,transfer,online,New York,mobile,False
10.26,transfer,entertainment,New York,mobile,False
37.12,transfer,online,New York,mobile,False
24.54,transfer,entertainment,Tokyo,mobile,False
46.23,transfer,entertainment,Tokyo,atm,False
18.15,transfer,entertainment,Tokyo,mobile,False
819.31,deposit,entertainment,New York,atm,False
12.21,transfer,entertainment,Tokyo,atm,False
1209.42,deposit,entertainment,Tokyo,mobile,False
19,transfer,online,Tokyo,mobile,False
35.09,transfer,entertainment,Tokyo,mobile,False
11.17,transfer,online,Tokyo,mobile,False
10.14,transfer,online,Tokyo,atm,False
397.61,deposit,online,New York,atm,False
515.32,deposit,entertainment,New York,atm,False
1473.29,deposit,entertainment,New York,atm,False
907.02,deposit,online,Tokyo,atm,False
3.82,transfer,online,New York,atm,False
14.83,transfer,online,New York,mobile,False
60.68,transfer,entertainment,New York,atm,False
212.78,deposit,entertainment,Tokyo,atm,False
823.21,deposit,online,New York,atm,False
7.76,transfer,entertainment,New York,atm,False
682.55,deposit,entertainment,Tokyo,mobile,False
21.34,transfer,online,Tokyo,atm,False
2113.57,deposit,online,New York,atm,False
31.98,transfer,entertainment,Tokyo,mobile,False
1375.86,deposit,entertainment,Tokyo,mobile,False
27.09,transfer,entertainment,New York,atm,False
23.14,transfer,online,Tokyo,atm,False
40.04,transfer,online,Tokyo,mobile,False
1758.49,deposit,entertainment,Tokyo,atm,False
31.23,transfer,entertainment,New York,atm,False
1287.95,deposit,online,Tokyo,mobile,False
960.89,deposit,entertainment,New York,atm,False
819.01,deposit,entertainment,New York,atm,False
28.41,transfer,entertainment,Tokyo,atm,False
1616.2,deposit,online,Tokyo,mobile,False
825.15,deposit,online,New York,atm,False
42.04,transfer,online,Tokyo,mobile,False
17.64,transfer,entertainment,New York,mobile,False
11.8,transfer,online,New York,mobile,False
263.27,deposit,online,New York,atm,False
1208.58,deposit,online,Tokyo,atm,False
13.89,transfer,entertainment,New York,atm,False
1374.66,deposit,entertainment,New York,mobile,False
1095.06,deposit,entertainment,New York,atm,False
43.48,transfer,entertainment,New York,atm,False
28.17,transfer,online,New York,atm,False
11.86,transfer,entertainment,Tokyo,mobile,False
0.01,deposit,entertainment,Tokyo,mobile,False
587.55,deposit,entertainment,New York,mobile,False
1177.27,deposit,entertainment,New York,atm,False
2006.54,deposit,entertainment,Tokyo,atm,False
73.51,transfer,entertainment,New York,atm,False
894.76,deposit,entertainment,New York,mobile,False
1168.31,deposit,online,Tokyo,atm,False
1970.28,deposit,online,Tokyo,atm,False
46,transfer,online,Tokyo,mobile,False
1543.88,deposit,online,New York,atm,False
25.31,transfer,entertainment,Tokyo,mobile,False
509.1,deposit,entertainment,New York,mobile,False
14.43,transfer,entertainment,New York,mobile,False
521.55,deposit,entertainment,Tokyo,atm,False
12.65,transfer,online,Tokyo,mobile,False
8.5,transfer,online,Tokyo,mobile,False
22.89,transfer,entertainment,Tokyo,atm,False
64.83,transfer,entertainment,New York,atm,False
1587.27,deposit,online,Tokyo,atm,False
448.48,deposit,online,New York,mobile,False
1899.06,deposit,entertainment,New York,mobile,False
68.8,transfer,entertainment,Tokyo,atm,False
572.17,deposit,entertainment,Tokyo,atm,False
9.77,transfer,online,Tokyo,atm,False
37.47,transfer,entertainment,New York,mobile,False
617.53,deposit,entertainment,Tokyo,atm,False
484.94,deposit,online,New York,atm,False
16.22,transfer,online,Tokyo,mobile,False
36.13,transfer,online,New York,mobile,False
11.58,transfer,online,New York,mobile,False
20.35,transfer,online,New York,mobile,False
7.64,transfer,entertainment,Tokyo,atm,False
13.38,transfer,online,Tokyo,mobile,False
830.47,deposit,online,Tokyo,mobile,False
1487.4,deposit,entertainment,Tokyo,mobile,False
26.14,transfer,entertainment,New York,atm,False
28.6,transfer,entertainment,New York,mobile,False
708.69,deposit,online,Tokyo,mobile,False
7.11,deposit,entertainment,Tokyo,mobile,False
11.78,transfer,entertainment,New York,atm,False
976.48,deposit,online,New York,atm,False
1654.09,deposit,online,New York,atm,False
27.63,transfer,entertainment,Tokyo,mobile,False
1213.14,deposit,online,Tokyo,atm,False
10.87,transfer,entertainment,Tokyo,mobile,False
20.83,transfer,entertainment,Tokyo,mobile,False
22.29,transfer,online,Tokyo,mobile,False
740.04,deposit,online,Tokyo,mobile,False
10.67,transfer,online,New York,mobile,False
660.59,deposit,online,New York,atm,False
711.38,deposit,online,New York,mobile,False
15.45,transfer,entertainment,New York,atm,False
10.69,transfer,entertainment,Tokyo,mobile,False
849.34,deposit,online,New York,atm,False
8.61,transfer,online,New York,mobile,False
1467.87,deposit,online,New York,mobile,False
30.19,transfer,entertainment,Tokyo,atm,False
95.83,transfer,online,Tokyo,atm,False
16.9,transfer,online,New York,atm,False
632.18,deposit,online,New York,atm,False
943.13,deposit,entertainment,New York,atm,False
1114.73,deposit,entertainment,Tokyo,atm,False
10.62,transfer,online,New York,atm,False
4.98,transfer,online,New York,atm,False
883.81,deposit,entertainment,New York,atm,False
7.7,transfer,entertainment,Tokyo,mobile,False
942.95,deposit,entertainment,New York,mobile,False
1833.04,deposit,online,Tokyo,atm,False
1077.31,deposit,online,New York,atm,False
76.12,transfer,entertainment,New York,mobile,False
975.03,deposit,online,New York,mobile,False
1044.25,deposit,online,New York,mobile,False
2027.38,deposit,online,New York,mobile,False
587.04,deposit,entertainment,New York,mobile,False
12.52,transfer,entertainment,New York,mobile,False
243.88,deposit,online,New York,mobile,False
981.75,deposit,online,New York,atm,False
28.52,transfer,online,Tokyo,mobile,False
1315.94,deposit,entertainment,New York,mobile,False
8.08,transfer,online,New York,atm,False
35.98,transfer,online,New York,mobile,False
9.86,transfer,entertainment,New York,atm,False
562.66,deposit,online,Tokyo,mobile,False
990.22,deposit,online,New York,mobile,False
26.14,transfer,entertainment,Tokyo,mobile,False
18.79,transfer,online,Tokyo,mobile,False
9.29,transfer,online,New York,mobile,False
995.83,deposit,entertainment,Tokyo,mobile,False
219,deposit,online,Tokyo,mobile,False
14.47,transfer,online,New York,mobile,False
1741.55,deposit,entertainment,New York,mobile,False
64.7,transfer,online,Tokyo,mobile,False
1118.87,deposit,entertainment,Tokyo,atm,False
18.98,transfer,entertainment,Tokyo,mobile,False
1028.7,deposit,entertainment,Tokyo,mobile,False
667.42,deposit,online,Tokyo,mobile,False
41.66,transfer,online,Tokyo,atm,False
710.13,deposit,entertainment,Tokyo,atm,False
25.81,transfer,online,New York,atm,False
458.25,deposit,entertainment,New York,mobile,False
24,transfer,entertainment,Tokyo,atm,False
7.62,transfer,entertainment,New York,mobile,False
917.36,deposit,online,Tokyo,atm,False
5.42,transfer,online,Tokyo,atm,False
1256.41,deposit,entertainment,New York,atm,False
1506.97,deposit,entertainment,Tokyo,mobile,False
730.11,deposit,entertainment,Tokyo,mobile,False
24.86,transfer,online,New York,atm,False
1195.51,deposit,online,New York,mobile,False
14.21,transfer,entertainment,Tokyo,mobile,False
9.01,transfer,online,Tokyo,atm,False
1626.93,deposit,entertainment,Tokyo,mobile,False
24.03,transfer,online,Tokyo,atm,False
902.06,deposit,entertainment,Tokyo,mobile,False
58.36,transfer,online,New York,mobile,False
18.83,transfer,entertainment,New York,mobile,False
1682.02,deposit,entertainment,Tokyo,atm,False
420.74,deposit,entertainment,New York,atm,False
6.98,transfer,entertainment,New York,atm,False
42.61,transfer,entertainment,New York,mobile,False
76.51,transfer,online,New York,atm,False
56.72,transfer,online,Tokyo,mobile,False
841.26,deposit,online,Tokyo,atm,False
40.91,transfer,entertainment,Tokyo,mobile,False
5.06,transfer,online,Tokyo,atm,False
113.22,transfer,entertainment,Tokyo,atm,False
965.85,deposit,entertainment,New York,atm,False
1488.04,deposit,entertainment,Tokyo,mobile,False
1904.43,deposit,entertainment,Tokyo,mobile,False
776.15,deposit,entertainment,New York,atm,False
26.96,transfer,entertainment,New York,atm,False
37.46,transfer,online,New York,mobile,False
27.44,transfer,online,Tokyo,atm,False
14.29,transfer,entertainment,New York,mobile,False
13.7,transfer,entertainment,New York,atm,False
1982.12,deposit,online,New York,mobile,False
981.76,deposit,online,New York,atm,False
1029.18,deposit,online,Tokyo,mobile,False
747.45,deposit,online,Tokyo,mobile,False
24,transfer,online,New York,mobile,False
160.18,deposit,entertainment,Tokyo,atm,False
48.46,transfer,entertainment,New York,mobile,False
14.98,transfer,online,Tokyo,atm,False
15.2,transfer,entertainment,Tokyo,mobile,False
16.65,transfer,entertainment,Tokyo,mobile,False
7.45,transfer,entertainment,New York,atm,False
34.05,transfer,entertainment,Tokyo,mobile,False
839.45,deposit,online,Tokyo,mobile,False
1558.82,deposit,entertainment,Tokyo,mobile,False
999.27,deposit,online,Tokyo,mobile,False
746.59,deposit,entertainment,Tokyo,mobile,False
25.71,transfer,entertainment,Tokyo,mobile,False
288.44,deposit,entertainment,New York,atm,False
1668.77,deposit,entertainment,New York,atm,False
20.75,transfer,entertainment,New York,mobile,False
88.21,transfer,entertainment,Tokyo,atm,False
629.49,deposit,entertainment,New York,mobile,False
29.06,transfer,online,New York,mobile,False
9.23,transfer,online,Tokyo,mobile,False
42.7,transfer,entertainment,New York,atm,False
23.68,transfer,entertainment,Tokyo,mobile,False
1301.32,deposit,entertainment,Tokyo,mobile,False
752.39,deposit,entertainment,New York,atm,False
1009.48,deposit,online,Tokyo,atm,False
1050.49,deposit,entertainment,New York,atm,False
1809.9,deposit,entertainment,Tokyo,mobile,False
1187.36,deposit,online,Tokyo,mobile,False
11.14,transfer,entertainment,New York,atm,False
50.76,transfer,online,New York,mobile,False
33.36,transfer,entertainment,New York,atm,False
15.9,transfer,online,Tokyo,atm,False
19.79,transfer,entertainment,Tokyo,atm,False
32.48,transfer,online,Tokyo,mobile,False
669.07,deposit,entertainment,New York,atm,False
864.4,deposit,entertainment,New York,mobile,False
174.77,deposit,online,New York,mobile,False
1222.36,deposit,online,New York,mobile,False
781.13,deposit,online,Tokyo,mobile,False
828.68,deposit,entertainment,New York,mobile,False
1239.06,deposit,entertainment,Tokyo,mobile,False
70.99,transfer,online,Tokyo,mobile,False
1261.46,deposit,online,New York,atm,False
23.2,transfer,entertainment,New York,mobile,False
23,transfer,entertainment,Tokyo,atm,False
6.71,transfer,entertainment,New York,atm,False
2097.23,deposit,entertainment,New York,atm,False
1447.3,deposit,entertainment,New York,atm,False
1036.73,deposit,online,Tokyo,mobile,False
8.39,transfer,entertainment,New York,atm,True
29.26,transfer,online,Tokyo,atm,False
23.75,transfer,online,New York,atm,False
20.55,transfer,online,New York,mobile,False
34.87,transfer,online,Tokyo,atm,False
553.7,deposit,online,Tokyo,mobile,False
38.91,transfer,online,New York,mobile,False
1317.38,deposit,online,Tokyo,mobile,False
895.79,deposit,entertainment,Tokyo,mobile,False
9.55,transfer,online,Tokyo,mobile,False
45.29,transfer,entertainment,Tokyo,mobile,False
61.08,transfer,online,Tokyo,mobile,False
18.81,transfer,entertainment,New York,mobile,False
1359.26,deposit,entertainment,Tokyo,mobile,False
1427.53,deposit,entertainment,New York,mobile,False
1430.54,deposit,online,Tokyo,mobile,False
1532.88,deposit,online,New York,mobile,False
7.41,transfer,entertainment,New York,atm,False
10.39,transfer,entertainment,Tokyo,atm,False
27.5,transfer,entertainment,New York,mobile,False
1686,deposit,entertainment,Tokyo,atm,False
167.14,deposit,entertainment,Tokyo,mobile,False
1714.58,deposit,entertainment,New York,mobile,False
14.05,transfer,entertainment,New York,atm,False
1207.47,deposit,online,Tokyo,mobile,False
1554.56,deposit,online,New York,atm,False
1084.45,deposit,entertainment,Tokyo,mobile,False
13.69,transfer,online,New York,mobile,False
35.6,transfer,online,New York,mobile,False
41.43,transfer,entertainment,Tokyo,atm,False
1351.93,deposit,online,New York,atm,False
4.31,transfer,entertainment,New York,atm,False
77.77,transfer,online,New York,mobile,False
1529.03,deposit,online,Tokyo,mobile,False
1262.98,deposit,online,Tokyo,atm,False
9.94,transfer,entertainment,New York,atm,False
23.71,transfer,online,Tokyo,atm,False
15.8,transfer,entertainment,New York,mobile,False
1124.34,deposit,online,New York,atm,False
14.54,transfer,online,New York,atm,False
8.4,transfer,online,New York,atm,False
967.02,deposit,online,Tokyo,atm,False
1074.95,deposit,online,Tokyo,mobile,False
20.41,transfer,entertainment,New York,atm,False
14.19,transfer,online,Tokyo,atm,False
16.12,transfer,entertainment,New York,atm,False
17.4,transfer,entertainment,New York,mobile,False
1608.38,deposit,entertainment,Tokyo,atm,False
13.04,transfer,online,New York,mobile,False
9.27,transfer,online,New York,atm,False
559.58,deposit,online,New York,mobile,False
15.16,transfer,online,Tokyo,atm,False
1342.59,deposit,online,New York,mobile,False
9.63,transfer,online,New York,atm,False
321.38,deposit,entertainment,Tokyo,atm,False
262.22,deposit,online,Tokyo,mobile,False
3.44,transfer,entertainment,New York,atm,False
710.15,deposit,online,New York,mobile,False
1389.43,deposit,entertainment,Tokyo,atm,False
625.76,deposit,entertainment,New York,mobile,False
24.05,transfer,entertainment,New York,atm,False
26.91,transfer,entertainment,Tokyo,atm,False
2271.34,deposit,entertainment,Tokyo,atm,False
22.63,transfer,entertainment,New York,atm,False
1557.98,deposit,online,New York,atm,False
596.83,deposit,entertainment,New York,atm,False
16.26,transfer,online,New York,mobile,False
43.18,transfer,entertainment,Tokyo,mobile,False
1426.99,deposit,online,Tokyo,atm,False
60.72,transfer,online,Tokyo,atm,False
0.01,deposit,online,Tokyo,atm,False
335.24,deposit,online,New York,atm,False
165.26,deposit,entertainment,Tokyo,atm,False
71.2,transfer,online,Tokyo,mobile,False
1133.57,deposit,entertainment,New York,atm,False
6.99,transfer,entertainment,Tokyo,atm,False
587.77,deposit,entertainment,New York,mobile,False
41.9,transfer,entertainment,New York,atm,False
1521.36,deposit,entertainment,Tokyo,mobile,False
1955.12,deposit,entertainment,Tokyo,atm,False
33.1,transfer,online,Tokyo,atm,False
12.32,transfer,online,Tokyo,mobile,False
28.32,transfer,entertainment,Tokyo,atm,False
655.08,deposit,online,New York,mobile,False
948.6,deposit,online,New York,mobile,False
788.19,deposit,online,Tokyo,mobile,False
46.69,transfer,online,New York,mobile,False
995.88,deposit,entertainment,New York,mobile,False
1480.59,deposit,online,New York,mobile,False
744.6,deposit,entertainment,New York,atm,False
1044.99,deposit,online,Tokyo,atm,False
14.59,transfer,online,Tokyo,mobile,False
545.75,deposit,online,New York,mobile,False
12.21,deposit,online,Tokyo,mobile,False
14.17,transfer,entertainment,Tokyo,atm,False
24.95,transfer,online,New York,atm,False
29.65,transfer,entertainment,Tokyo,atm,False
14.11,transfer,online,Tokyo,mobile,False
1449.02,deposit,online,Tokyo,mobile,False
9.54,transfer,online,New York,atm,False
32.84,transfer,entertainment,New York,atm,False
4.61,transfer,entertainment,Tokyo,atm,False
675.27,deposit,online,New York,mobile,False
1015.32,deposit,entertainment,Tokyo,mobile,False
960.3,deposit,entertainment,New York,atm,False
1256.78,deposit,online,Tokyo,mobile,False
1626.77,deposit,entertainment,Tokyo,mobile,False
29.72,transfer,online,Tokyo,atm,False
735.8,deposit,entertainment,New York,mobile,False
30.3,transfer,online,Tokyo,mobile,False
23.22,transfer,online,Tokyo,mobile,False
7.66,transfer,online,Tokyo,mobile,False
904.56,deposit,online,Tokyo,atm,False
63.15,transfer,entertainment,Tokyo,mobile,False
24.04,transfer,entertainment,New York,mobile,False
1839.31,deposit,entertainment,Tokyo,mobile,False
36.49,transfer,online,Tokyo,atm,False
667.44,deposit,entertainment,Tokyo,atm,False
688.86,deposit,entertainment,Tokyo,mobile,False
18.55,transfer,entertainment,Tokyo,atm,False
785.8,deposit,online,Tokyo,atm,False
6.68,transfer,entertainment,Tokyo,atm,False
654.84,deposit,online,Tokyo,atm,False
26.96,transfer,entertainment,Tokyo,mobile,False
7.03,transfer,online,Tokyo,mobile,False
1122.74,deposit,entertainment,New York,mobile,False
43.86,transfer,online,New York,mobile,False
6.43,transfer,entertainment,New York,atm,False
842.48,deposit,online,Tokyo,mobile,False
8.3,transfer,entertainment,New York,mobile,False
931.99,deposit,online,New York,mobile,False
1596.32,deposit,online,Tokyo,mobile,False
631.15,deposit,entertainment,New York,mobile,False
75.96,transfer,online,Tokyo,mobile,False
1925.63,deposit,online,New York,atm,False
40.73,transfer,online,Tokyo,atm,False
25.48,transfer,entertainment,New York,atm,False
874.94,deposit,online,New York,mobile,False
39.73,transfer,entertainment,New York,mobile,False
1467.45,deposit,online,Tokyo,atm,False
1361.24,deposit,entertainment,New York,atm,False
24.19,transfer,online,New York,mobile,False
576.08,deposit,entertainment,Tokyo,mobile,False
348.53,deposit,entertainment,New York,mobile,False
1781.01,deposit,entertainment,New York,mobile,False
933.33,deposit,entertainment,New York,atm,False
21.46,transfer,entertainment,New York,atm,False
1355.86,deposit,online,New York,atm,False
840.32,deposit,online,Tokyo,atm,False
15.39,transfer,entertainment,Tokyo,atm,False
193.43,transfer,online,Tokyo,mobile,False
24.22,transfer,entertainment,New York,mobile,False
220.42,deposit,entertainment,Tokyo,mobile,False
869.83,deposit,online,New York,mobile,False
2332.01,deposit,online,Tokyo,mobile,False
14.02,transfer,entertainment,Tokyo,atm,False
14.66,transfer,online,Tokyo,mobile,False
1018.62,deposit,online,Tokyo,atm,False
514.49,deposit,entertainment,New York,atm,False
9.93,transfer,online,Tokyo,mobile,False
703.83,deposit,entertainment,New York,atm,False
6.16,transfer,entertainment,Tokyo,atm,False
21.61,transfer,online,Tokyo,mobile,False
58.25,transfer,online,Tokyo,mobile,False
33.67,transfer,entertainment,Tokyo,mobile,False
1578.36,deposit,entertainment,New York,mobile,False
827.5,deposit,entertainment,New York,mobile,False
561.54,deposit,online,Tokyo,mobile,False
101.49,transfer,entertainment,Tokyo,mobile,False
25.91,transfer,entertainment,New York,atm,False
33.65,transfer,entertainment,New York,atm,False
749.24,deposit,entertainment,Tokyo,atm,False
47.66,transfer,online,New York,mobile,False
8.2,transfer,entertainment,Tokyo,mobile,False
910.57,deposit,entertainment,New York,mobile,False
1937.83,deposit,entertainment,New York,mobile,False
889.7,deposit,online,Tokyo,mobile,False
782.08,deposit,entertainment,Tokyo,atm,False
11.27,transfer,online,New York,mobile,False
1392.62,deposit,entertainment,New York,atm,False
6.74,transfer,entertainment,New York,mobile,False
933.12,deposit,entertainment,Tokyo,atm,False
8.23,transfer,entertainment,New York,atm,False
578.5,deposit,online,Tokyo,mobile,False
1182.45,deposit,entertainment,Tokyo,atm,False
173.03,deposit,entertainment,New York,mobile,False
1343.1,deposit,entertainment,Tokyo,mobile,False
18.33,transfer,entertainment,Tokyo,atm,False
38.57,transfer,entertainment,New York,atm,False
13.47,transfer,online,Tokyo,mobile,False
351.64,deposit,entertainment,New York,mobile,False
272.98,deposit,entertainment,New York,atm,False
606.39,deposit,online,Tokyo,mobile,False
8.26,transfer,entertainment,New York,mobile,False
1305.94,deposit,online,Tokyo,mobile,False
697.43,deposit,online,New York,atm,False
17.15,transfer,online,New York,atm,False
0.01,deposit,online,Tokyo,atm,False
435.46,deposit,entertainment,New York,atm,False
8.69,transfer,online,New York,atm,False
1210.46,deposit,entertainment,Tokyo,atm,False
18.28,transfer,online,Tokyo,atm,False
1124.35,deposit,entertainment,New York,mobile,False
79.86,transfer,online,Tokyo,mobile,False
682.04,deposit,entertainment,Tokyo,atm,False
98.82,transfer,online,Tokyo,atm,False
12.95,transfer,online,Tokyo,atm,False
4.18,transfer,online,Tokyo,mobile,False
897.29,deposit,online,New York,atm,False
60.27,transfer,entertainment,Tokyo,atm,False
4.69,transfer,online,New York,atm,False
8.83,transfer,entertainment,New York,atm,False
1157.18,deposit,online,Tokyo,mobile,False
991.45,deposit,online,Tokyo,mobile,False
1465.02,deposit,entertainment,New York,mobile,False
8.09,transfer,online,New York,mobile,False
709.52,deposit,online,New York,mobile,False
931.53,deposit,online,New York,mobile,False
1346.72,deposit,entertainment,Tokyo,mobile,False
823.32,deposit,online,New York,mobile,False
13.41,transfer,entertainment,New York,atm,False
1148.35,deposit,online,New York,atm,False
252.34,deposit,online,New York,mobile,False
1430.26,deposit,entertainment,New York,atm,False
17.05,transfer,entertainment,New York,mobile,False
34.42,transfer,online,New York,mobile,False
13.66,transfer,entertainment,New York,mobile,False
28,transfer,entertainment,Tokyo,mobile,False
21.81,transfer,entertainment,Tokyo,mobile,False
662.86,deposit,online,New York,atm,False
0.01,deposit,entertainment,New York,mobile,False
1048.21,deposit,online,Tokyo,mobile,False
14.13,transfer,entertainment,New York,mobile,False
464.8,deposit,online,Tokyo,atm,False
1127.61,deposit,entertainment,New York,mobile,False
22.75,transfer,entertainment,New York,atm,False
19.85,transfer,online,New York,mobile,False
1312.75,deposit,entertainment,New York,atm,False
923.96,deposit,entertainment,Tokyo,mobile,False
24.56,transfer,online,New York,mobile,False
61.07,transfer,online,New York,mobile,False
5.94,transfer,online,New York,mobile,False
44.82,transfer,online,New York,mobile,False
27.83,transfer,entertainment,Tokyo,atm,False
14.57,transfer,online,Tokyo,atm,False
909.79,deposit,entertainment,Tokyo,mobile,False
31.7,transfer,entertainment,New York,atm,False
811.94,deposit,online,Tokyo,atm,False
64.1,transfer,entertainment,New York,atm,False
1164.2,deposit,entertainment,Tokyo,mobile,False
17.28,transfer,online,New York,atm,False
19.71,transfer,entertainment,New York,atm,False
16.09,transfer,entertainment,New York,atm,False
1502.06,deposit,entertainment,New York,mobile,False
766.61,deposit,online,Tokyo,atm,False
53.39,transfer,online,Tokyo,atm,False
1614.31,deposit,entertainment,Tokyo,atm,False
28.41,transfer,online,Tokyo,atm,False
9.56,transfer,entertainment,Tokyo,mobile,False
38.44,transfer,entertainment,New York,atm,False
19.82,transfer,entertainment,New York,mobile,False
1154.2,deposit,entertainment,New York,mobile,False
71.8,transfer,entertainment,Tokyo,mobile,False
492.06,deposit,online,New York,atm,False
1644.39,deposit,online,Tokyo,mobile,False
1646.73,deposit,online,New York,mobile,False
3.4,transfer,online,Tokyo,mobile,False
13.79,transfer,entertainment,Tokyo,mobile,False
25.78,transfer,entertainment,New York,atm,False
103.72,deposit,entertainment,New York,atm,False
5.42,transfer,entertainment,Tokyo,mobile,False
985.39,deposit,online,New York,mobile,False
16.6,transfer,entertainment,Tokyo,mobile,False
1164.49,deposit,entertainment,New York,mobile,False
635.73,deposit,entertainment,New York,atm,False
57.38,transfer,online,Tokyo,mobile,False
7.65,transfer,entertainment,Tokyo,atm,False
43.16,transfer,online,New York,mobile,False
757.28,deposit,online,New York,mobile,False
32.92,transfer,online,New York,mobile,False
29.6,transfer,online,Tokyo,atm,False
22.47,transfer,entertainment,New York,mobile,False
140.32,deposit,entertainment,New York,atm,False
16.6,transfer,entertainment,New York,mobile,False
1032.99,deposit,entertainment,New York,atm,False
755.49,deposit,entertainment,New York,mobile,False
15.95,transfer,online,New York,mobile,False
1418.63,deposit,online,New York,atm,False
204.45,deposit,entertainment,New York,atm,False
59.52,transfer,online,New York,mobile,False
15.46,transfer,online,New York,mobile,False
725.71,deposit,online,Tokyo,mobile,False
623.19,deposit,online,Tokyo,atm,False
12.33,transfer,online,Tokyo,atm,False
920.44,deposit,online,New York,mobile,False
505.61,deposit,online,Tokyo,mobile,False
10.81,transfer,online,Tokyo,atm,False
940.07,deposit,online,Tokyo,atm,False
11.84,transfer,entertainment,New York,mobile,False
19.44,transfer,online,Tokyo,mobile,False
345.07,deposit,online,Tokyo,atm,False
15.09,transfer,entertainment,New York,mobile,False
19.89,transfer,entertainment,New York,atm,False
67.45,transfer,entertainment,Tokyo,atm,False
23.42,transfer,online,New York,mobile,False
21.36,transfer,entertainment,New York,mobile,False
40.83,transfer,online,Tokyo,mobile,False
20.11,transfer,entertainment,Tokyo,mobile,False
1476.49,deposit,online,Tokyo,atm,False
19.02,transfer,online,New York,atm,False
15.41,transfer,entertainment,Tokyo,atm,False
8.18,transfer,entertainment,New York,mobile,False
0.01,deposit,online,New York,atm,False
964.15,deposit,entertainment,New York,mobile,False
14.32,transfer,online,Tokyo,mobile,False
32.88,transfer,entertainment,New York,mobile,False
1390.78,deposit,entertainment,Tokyo,atm,False
1463.08,deposit,entertainment,Tokyo,atm,False
19.8,transfer,entertainment,New York,mobile,False
1988.69,deposit,entertainment,New York,mobile,False
714.59,deposit,entertainment,Tokyo,mobile,False
56.36,transfer,online,Tokyo,mobile,False
28,transfer,entertainment,Tokyo,atm,False
1695.74,deposit,entertainment,New York,atm,False
1328.28,deposit,entertainment,Tokyo,atm,False
511.86,deposit,entertainment,Tokyo,mobile,False
1412.31,deposit,online,Tokyo,mobile,False
1117.11,deposit,online,Tokyo,atm,False
20.68,transfer,entertainment,New York,atm,False
786.5,deposit,online,Tokyo,atm,False
24.18,transfer,entertainment,Tokyo,mobile,False
27.12,transfer,entertainment,Tokyo,atm,False
1228.04,deposit,online,New York,mobile,False
1633.65,deposit,online,New York,mobile,False
157.35,transfer,online,New York,mobile,False
15.71,transfer,entertainment,Tokyo,mobile,False
16,transfer,entertainment,Tokyo,mobile,False
8.79,transfer,online,Tokyo,atm,False
10.7,transfer,online,Tokyo,mobile,False
21.34,transfer,online,New York,atm,False
781.77,deposit,online,New York,atm,False
35.58,transfer,online,New York,mobile,False
486.36,deposit,online,New York,mobile,False
3.21,transfer,entertainment,Tokyo,mobile,False
2215.45,deposit,entertainment,Tokyo,mobile,False
12.97,transfer,entertainment,New York,mobile,False
26.5,transfer,entertainment,Tokyo,atm,False
315.25,deposit,online,New York,mobile,False
25.31,transfer,online,New York,atm,False
20.06,transfer,online,New York,mobile,False
17.92,transfer,entertainment,New York,mobile,False
486.04,deposit,online,Tokyo,atm,False
17.2,transfer,entertainment,Tokyo,mobile,False
172.21,deposit,online,New York,atm,False
7.98,transfer,entertainment,Tokyo,atm,False
17.97,transfer,entertainment,New York,mobile,False
507.23,deposit,online,Tokyo,atm,False
18.55,transfer,online,Tokyo,mobile,False
11.49,transfer,online,New York,atm,False
29.18,transfer,online,Tokyo,mobile,False
12.87,transfer,entertainment,Tokyo,atm,False
19.78,transfer,entertainment,New York,mobile,False
24.96,transfer,entertainment,New York,atm,False
69.33,transfer,entertainment,New York,atm,False
12.48,transfer,entertainment,Tokyo,mobile,False
1373.34,deposit,online,Tokyo,mobile,False
39.22,transfer,entertainment,New York,atm,False
31.89,transfer,online,New York,atm,False
1462.36,deposit,entertainment,Tokyo,mobile,False
7.94,transfer,entertainment,Tokyo,mobile,False
92.07,transfer,online,Tokyo,mobile,False
1819.87,deposit,online,New York,atm,False
14.41,transfer,entertainment,Tokyo,atm,False
1593.33,deposit,entertainment,New York,atm,False
8.11,transfer,entertainment,New York,mobile,False
21.75,transfer,entertainment,New York,atm,False
1541.17,deposit,online,New York,mobile,False
19.78,transfer,online,New York,atm,False
783.22,deposit,online,New York,atm,False
2.97,transfer,online,Tokyo,mobile,False
659.83,deposit,entertainment,Tokyo,atm,False
26.55,transfer,online,New York,mobile,False
2143.37,deposit,entertainment,Tokyo,atm,False
697.83,deposit,entertainment,New York,mobile,False
12.96,transfer,online,Tokyo,mobile,False
1551.89,deposit,entertainment,Tokyo,mobile,False
1635.12,deposit,online,Tokyo,atm,False
745.14,deposit,entertainment,Tokyo,mobile,False
13.43,transfer,online,New York,mobile,False
796.42,deposit,entertainment,Tokyo,mobile,False
1414.91,deposit,entertainment,New York,mobile,False
893.98,deposit,online,New York,atm,False
21.29,transfer,online,New York,atm,False
1022.66,deposit,entertainment,Tokyo,atm,False
24.28,transfer,online,New York,mobile,False
1013.18,deposit,entertainment,New York,mobile,False
1069.22,deposit,entertainment,New York,atm,False
1481.29,deposit,online,New York,mobile,False
1399.47,deposit,entertainment,New York,atm,False
6.78,transfer,online,New York,atm,False
1379.61,deposit,online,New York,mobile,False
20.98,transfer,online,Tokyo,mobile,False
15.64,transfer,entertainment,Tokyo,mobile,False
901.56,deposit,entertainment,New York,atm,False
1177.05,deposit,entertainment,Tokyo,atm,False
540.93,deposit,entertainment,Tokyo,atm,False
54.72,transfer,entertainment,Tokyo,mobile,False
13.71,transfer,entertainment,Tokyo,atm,False
30.69,transfer,online,New York,mobile,False
31.14,transfer,entertainment,New York,atm,False
261.58,deposit,online,New York,atm,False
16.13,transfer,entertainment,Tokyo,atm,False
563.3,deposit,entertainment,New York,atm,False
22.68,transfer,entertainment,Tokyo,mobile,False
10.91,transfer,entertainment,New York,mobile,False
5.39,transfer,entertainment,New York,atm,False
67.84,transfer,online,New York,atm,False
2559.71,deposit,online,New York,mobile,False
13.73,transfer,online,Tokyo,atm,False
1118,deposit,online,New York,mobile,False
1291.24,deposit,entertainment,Tokyo,mobile,False
1510.14,deposit,entertainment,New York,mobile,False
8.17,transfer,entertainment,New York,atm,False
10.78,transfer,online,New York,atm,False
12.09,transfer,online,New York,mobile,False
5.64,transfer,entertainment,Tokyo,mobile,False
747.82,deposit,online,Tokyo,mobile,False
14.41,transfer,online,Tokyo,atm,False
847.14,deposit,entertainment,New York,mobile,False
771.99,deposit,online,New York,atm,False
539.35,deposit,entertainment,Tokyo,atm,False
17.19,transfer,entertainment,Tokyo,atm,False
20.98,transfer,entertainment,New York,mobile,False
7.51,transfer,online,New York,mobile,False
19.84,transfer,entertainment,New York,atm,False
18.78,transfer,entertainment,Tokyo,mobile,False
54.97,transfer,entertainment,Tokyo,atm,False
7.75,transfer,online,Tokyo,atm,False
52.13,transfer,online,New York,mobile,False
8.16,transfer,entertainment,New York,mobile,False
18.38,transfer,entertainment,Tokyo,atm,False
1344.99,deposit,online,New York,mobile,False
31.47,transfer,entertainment,New York,mobile,False
35.42,transfer,online,Tokyo,mobile,False
1250.1,deposit,entertainment,New York,atm,False
1339.65,deposit,entertainment,Tokyo,atm,False
952.51,deposit,online,New York,mobile,False
680.15,deposit,online,New York,atm,False
43.38,transfer,entertainment,New York,mobile,False
1164.43,deposit,entertainment,New York,atm,False
7.07,transfer,online,New York,atm,False
726.6,deposit,online,Tokyo,atm,False
412.72,deposit,online,Tokyo,atm,False
51.22,transfer,entertainment,New York,mobile,False
1642.24,deposit,entertainment,New York,mobile,False
9.64,transfer,entertainment,New York,mobile,False
21.65,transfer,entertainment,Tokyo,mobile,False
1070.87,deposit,online,New York,mobile,False
1862.67,deposit,entertainment,Tokyo,atm,False
1575.26,deposit,online,New York,mobile,False
23.01,transfer,entertainment,New York,atm,False
21.91,transfer,online,Tokyo,mobile,False
41.3,transfer,entertainment,New York,atm,False
13.36,transfer,entertainment,Tokyo,mobile,False
856.43,deposit,online,Tokyo,mobile,False
1441.68,deposit,entertainment,Tokyo,atm,False
719.3,deposit,entertainment,Tokyo,atm,False
1053.17,deposit,entertainment,Tokyo,atm,False
1370.95,deposit,online,Tokyo,atm,False
1202.54,deposit,entertainment,New York,mobile,False
1021.3,deposit,entertainment,New York,atm,False
4.76,transfer,entertainment,Tokyo,mobile,False
1234.91,deposit,entertainment,Tokyo,atm,False
7.74,transfer,entertainment,New York,mobile,False
21.94,transfer,online,Tokyo,atm,False
19.67,transfer,entertainment,Tokyo,mobile,False
362.43,deposit,online,New York,mobile,False
1857.23,deposit,online,New York,atm,False
1294.29,deposit,entertainment,Tokyo,atm,False
56.54,transfer,online,Tokyo,mobile,False
894.81,deposit,online,Tokyo,atm,False
51.24,deposit,online,Tokyo,atm,False
1024.93,deposit,online,New York,atm,False
1298.28,deposit,entertainment,New York,atm,False
990.28,deposit,entertainment,Tokyo,atm,False
584.24,deposit,online,New York,mobile,False
1219.64,deposit,online,New York,mobile,False
911.13,deposit,entertainment,New York,mobile,False
21.77,transfer,online,Tokyo,atm,False
1036.04,deposit,online,Tokyo,mobile,False
40.7,transfer,online,Tokyo,atm,False
15.01,transfer,entertainment,New York,atm,False
1758.65,deposit,online,Tokyo,mobile,False
37.99,transfer,entertainment,New York,atm,False
1046.38,deposit,entertainment,New York,atm,False
23.44,transfer,entertainment,Tokyo,mobile,False
9.58,transfer,entertainment,New York,mobile,False
8.68,transfer,entertainment,New York,mobile,False
49.77,transfer,online,Tokyo,mobile,False
26.06,transfer,online,New York,mobile,False
1550.8,deposit,entertainment,New York,atm,False
2293.28,deposit,entertainment,Tokyo,mobile,False
19.56,transfer,online,Tokyo,mobile,False
1285.12,deposit,online,Tokyo,mobile,False
863.59,deposit,entertainment,Tokyo,mobile,False
16.37,transfer,entertainment,Tokyo,mobile,True
19.18,transfer,online,New York,mobile,False
27.46,transfer,online,New York,atm,False
1184.44,deposit,entertainment,New York,atm,False
26.08,transfer,entertainment,Tokyo,atm,False
1502.11,deposit,entertainment,Tokyo,mobile,False
408.42,deposit,online,New York,mobile,False
19.77,transfer,online,New York,atm,False
16.57,transfer,entertainment,Tokyo,mobile,False
59.85,transfer,entertainment,Tokyo,atm,False
723.6,deposit,online,New York,mobile,False
7.73,transfer,entertainment,New York,atm,False
1501.09,deposit,online,New York,atm,False
31.47,transfer,online,New York,atm,False
1045.11,deposit,entertainment,New York,atm,False
352.48,deposit,online,Tokyo,atm,False
35.08,transfer,online,New York,mobile,False
18.21,transfer,entertainment,New York,atm,False
6.74,transfer,online,New York,atm,False
432.27,deposit,online,New York,atm,False
1060.98,deposit,entertainment,New York,mobile,False
4.93,transfer,online,New York,atm,False
46.71,transfer,online,New York,mobile,False
16.13,transfer,online,Tokyo,mobile,False
25.9,transfer,online,Tokyo,mobile,False
1678.33,deposit,entertainment,New York,mobile,False
24.55,transfer,entertainment,New York,atm,False
1369.18,deposit,online,New York,mobile,False
9.53,transfer,online,Tokyo,mobile,False
538.59,deposit,entertainment,Tokyo,mobile,False
21.83,transfer,online,Tokyo,mobile,False
590.18,deposit,online,Tokyo,mobile,False
43.37,transfer,online,Tokyo,atm,False
35.92,transfer,online,Tokyo,atm,False
17.72,transfer,online,New York,mobile,False
39.85,transfer,entertainment,Tokyo,atm,False
8.86,transfer,online,Tokyo,atm,False
24.66,transfer,entertainment,Tokyo,mobile,False
8.64,transfer,entertainment,Tokyo,mobile,False
57.26,transfer,entertainment,New York,atm,False
12.46,transfer,online,Tokyo,mobile,False
12.92,transfer,online,New York,mobile,False
24.71,transfer,online,New York,atm,False
12.85,transfer,entertainment,New York,atm,False
1106.27,deposit,entertainment,Tokyo,atm,False
32.29,transfer,online,New York,atm,False
894.78,deposit,entertainment,Tokyo,mobile,False
942.37,deposit,online,Tokyo,atm,False
1566.77,deposit,entertainment,New York,mobile,False
21.66,transfer,entertainment,New York,atm,False
1009.82,deposit,entertainment,New York,atm,False
20.15,transfer,online,Tokyo,atm,False
1776.85,deposit,entertainment,Tokyo,atm,False
1299.25,deposit,entertainment,New York,atm,False
40.93,transfer,entertainment,New York,atm,False
18.14,transfer,entertainment,New York,mobile,False
20.69,transfer,entertainment,Tokyo,mobile,False
1074.94,deposit,entertainment,New York,mobile,False
2071.95,deposit,entertainment,New York,atm,False
897.84,deposit,online,Tokyo,atm,False
750.02,deposit,online,Tokyo,atm,False
1689.89,deposit,online,Tokyo,mobile,False
1445.51,deposit,online,New York,mobile,False
15.14,transfer,online,Tokyo,mobile,False
1378.9,deposit,entertainment,Tokyo,mobile,False
19.95,transfer,entertainment,Tokyo,atm,False
542.1,deposit,online,Tokyo,atm,False
18.61,transfer,online,Tokyo,mobile,False
1217.15,deposit,entertainment,Tokyo,atm,False
655.47,deposit,entertainment,Tokyo,mobile,False
1764.51,deposit,entertainment,Tokyo,atm,False
758.85,deposit,entertainment,Tokyo,mobile,False
8.29,transfer,entertainment,New York,atm,False
795.16,deposit,entertainment,New York,mobile,False
1256.46,deposit,online,New York,atm,False
911.26,deposit,entertainment,New York,mobile,False
1195.2,deposit,entertainment,Tokyo,atm,False
347.09,deposit,entertainment,Tokyo,atm,False
1340.19,deposit,online,New York,mobile,False
10.69,transfer,online,Tokyo,atm,False
11.22,transfer,entertainment,Tokyo,mobile,False
1479.01,deposit,online,New York,atm,False
29.63,transfer,entertainment,New York,atm,False
12.15,transfer,entertainment,New York,atm,False
1296.75,deposit,entertainment,Tokyo,mobile,False
814.01,deposit,online,Tokyo,mobile,False
513.93,deposit,entertainment,Tokyo,mobile,False
1189.7,deposit,entertainment,New York,mobile,False
12.15,transfer,online,New York,atm,False
1608.79,deposit,online,New York,atm,False
877.99,deposit,online,New York,mobile,False
851.44,deposit,entertainment,New York,atm,False
32.14,transfer,online,Tokyo,mobile,False
123.65,transfer,online,New York,mobile,False
42.63,transfer,online,Tokyo,atm,False
16.77,transfer,entertainment,New York,mobile,False
11.73,transfer,online,New York,mobile,False
580.43,deposit,online,Tokyo,mobile,False
900.39,deposit,entertainment,New York,mobile,False
34.02,transfer,entertainment,Tokyo,atm,False
14.6,transfer,online,Tokyo,atm,False
60.12,transfer,online,New York,atm,False
38.62,transfer,online,Tokyo,atm,False
15.38,transfer,entertainment,Tokyo,atm,False
928.92,deposit,entertainment,Tokyo,atm,False
563.94,deposit,online,New York,mobile,False
1005.82,deposit,entertainment,Tokyo,mobile,False
1292.75,deposit,online,Tokyo,atm,False
30.06,transfer,online,Tokyo,mobile,False
898.71,deposit,online,New York,atm,False
1863.69,deposit,entertainment,New York,atm,False
56.54,transfer,online,Tokyo,mobile,False
43.35,transfer,online,New York,atm,False
18.66,transfer,entertainment,Tokyo,mobile,False
20.71,transfer,entertainment,Tokyo,mobile,False
448.55,deposit,entertainment,Tokyo,atm,False
1337.8,deposit,online,New York,atm,False
18.97,transfer,online,New York,mobile,False
10.81,transfer,entertainment,New York,mobile,False
1540.34,deposit,online,New York,mobile,False
13.3,transfer,online,Tokyo,atm,False
15.97,transfer,online,Tokyo,mobile,False
1064.59,deposit,entertainment,Tokyo,atm,False
19.51,transfer,entertainment,Tokyo,mobile,False
1135.83,deposit,online,Tokyo,mobile,False
1407.01,deposit,entertainment,New York,atm,False
24.92,transfer,entertainment,Tokyo,mobile,False
17.88,transfer,entertainment,New York,atm,False
25.51,transfer,online,Tokyo,atm,False
32.84,transfer,entertainment,Tokyo,atm,False
535.99,deposit,entertainment,Tokyo,atm,False
1149.55,deposit,entertainment,Tokyo,mobile,False
1082.66,deposit,entertainment,New York,mobile,False
961.1,deposit,entertainment,Tokyo,atm,False
841.89,deposit,online,Tokyo,atm,False
28.45,transfer,online,Tokyo,atm,False
29.67,transfer,online,Tokyo,mobile,False
21.9,transfer,entertainment,Tokyo,atm,False
40.26,transfer,entertainment,New York,atm,False
7.99,transfer,entertainment,Tokyo,atm,False
31.75,transfer,online,Tokyo,atm,False
35.35,transfer,entertainment,Tokyo,atm,False
1065.92,deposit,entertainment,New York,atm,False
423.02,deposit,entertainment,Tokyo,mobile,False
1782.96,deposit,online,Tokyo,atm,False
328.1,deposit,entertainment,New York,mobile,False
626.43,deposit,entertainment,New York,mobile,False
1343.14,deposit,entertainment,New York,atm,False
1078,deposit,online,New York,atm,False
52.16,transfer,entertainment,New York,mobile,False
22.11,transfer,entertainment,New York,atm,False
18.34,transfer,online,Tokyo,mobile,False
10.58,transfer,online,New York,atm,False
13.15,transfer,online,Tokyo,atm,False
11.76,transfer,online,New York,atm,False
1286.95,deposit,entertainment,Tokyo,atm,False
15.36,transfer,online,Tokyo,mobile,False
27.44,transfer,entertainment,New York,mobile,False
10.86,transfer,entertainment,New York,atm,False
971.1,deposit,entertainment,New York,mobile,False
20.32,transfer,entertainment,New York,atm,False
1414.93,deposit,online,Tokyo,mobile,False
60.61,transfer,entertainment,Tokyo,atm,False
21.8,transfer,online,New York,mobile,False
5.25,transfer,online,New York,mobile,False
1605.88,deposit,entertainment,New York,atm,False
0.01,deposit,entertainment,Tokyo,atm,False
26.61,transfer,entertainment,Tokyo,mobile,False
300.92,deposit,entertainment,New York,mobile,False
498.62,deposit,online,New York,mobile,False
1186.4,deposit,online,Tokyo,mobile,False
19.49,transfer,online,New York,atm,False
1233.83,deposit,online,Tokyo,atm,False
26.59,transfer,entertainment,Tokyo,atm,False
33.59,transfer,online,New York,atm,False
21.02,transfer,online,Tokyo,atm,False
330.91,deposit,entertainment,New York,mobile,False
1174.48,deposit,online,Tokyo,atm,False
4.34,transfer,entertainment,Tokyo,atm,False
15.19,transfer,online,Tokyo,mobile,False
1511.02,deposit,entertainment,New York,mobile,False
24.81,transfer,entertainment,Tokyo,atm,False
1755.2,deposit,online,New York,mobile,False
50.02,transfer,entertainment,New York,mobile,False
1950.43,deposit,entertainment,New York,atm,False
32.09,transfer,online,Tokyo,mobile,False
20.38,transfer,entertainment,Tokyo,atm,False
4.14,transfer,entertainment,Tokyo,mobile,False
24.71,transfer,online,New York,atm,False
1584.59,deposit,online,Tokyo,atm,False
1182.04,deposit,entertainment,New York,mobile,False
916.21,deposit,entertainment,Tokyo,atm,False
707.28,deposit,online,Tokyo,mobile,False
428.16,deposit,entertainment,New York,mobile,False
37.34,transfer,online,Tokyo,atm,False
1322.7,deposit,entertainment,New York,atm,False
34.79,transfer,entertainment,Tokyo,mobile,False
100.05,deposit,online,New York,mobile,False
1194.82,deposit,entertainment,New York,mobile,False
2031.84,deposit,online,New York,mobile,False
710.46,deposit,online,Tokyo,mobile,False
412.07,deposit,entertainment,Tokyo,mobile,False
583.63,deposit,online,New York,atm,False
9.5,transfer,online,New York,mobile,False
1128.12,deposit,entertainment,Tokyo,mobile,False
19.83,transfer,entertainment,New York,atm,False
1385.4,deposit,online,Tokyo,mobile,False
13.03,transfer,online,Tokyo,mobile,False
2063.84,deposit,entertainment,Tokyo,atm,False
1932.24,deposit,entertainment,New York,mobile,False
38.95,transfer,online,New York,atm,False
980.86,deposit,online,New York,atm,False
1662.83,deposit,entertainment,New York,mobile,False
31.05,transfer,online,New York,mobile,False
1282.72,deposit,online,New York,atm,False
356.66,deposit,online,Tokyo,atm,False
9.85,transfer,online,New York,atm,False
976.2,deposit,online,Tokyo,atm,False
17.64,transfer,online,Tokyo,mobile,False
4.94,transfer,entertainment,Tokyo,atm,False
31.43,transfer,online,New York,atm,False
1999.72,deposit,online,Tokyo,atm,False
673.82,deposit,entertainment,New York,mobile,False
1005.97,deposit,online,Tokyo,atm,False
12.5,transfer,online,Tokyo,mobile,False
1387.28,deposit,entertainment,Tokyo,atm,False
43.25,transfer,entertainment,Tokyo,mobile,False
23.09,transfer,online,Tokyo,atm,False
521.92,deposit,entertainment,Tokyo,atm,False
28.38,transfer,entertainment,Tokyo,atm,False
724.58,deposit,online,Tokyo,mobile,False
0.01,deposit,entertainment,Tokyo,mobile,False
5.2,transfer,online,New York,mobile,False
27.22,transfer,entertainment,Tokyo,atm,False
29.4,transfer,entertainment,Tokyo,atm,False
20.29,transfer,online,New York,mobile,False
987.96,deposit,entertainment,New York,mobile,False
27.49,transfer,entertainment,New York,atm,False
673.64,deposit,online,New York,atm,False
84.48,transfer,online,New York,mobile,False
56.35,transfer,entertainment,Tokyo,atm,False
31.33,transfer,entertainment,New York,atm,False
1086.75,deposit,entertainment,New York,atm,False
730.41,deposit,online,Tokyo,mobile,False
41.23,transfer,entertainment,Tokyo,atm,False
157.73,transfer,entertainment,Tokyo,mobile,False
25.28,transfer,online,New York,atm,False
32.58,transfer,online,New York,mobile,False
7.67,transfer,entertainment,New York,atm,False
20.87,transfer,entertainment,Tokyo,atm,False
1702.15,deposit,online,New York,atm,False
1248.25,deposit,online,New York,mobile,False
28.38,transfer,online,New York,mobile,False
497.48,deposit,entertainment,New York,mobile,False
1041.85,deposit,entertainment,Tokyo,atm,False
17.45,transfer,entertainment,Tokyo,atm,False
24.32,transfer,online,New York,atm,False
41.57,transfer,entertainment,New York,atm,False
2100.22,deposit,entertainment,New York,mobile,False
79.08,deposit,online,New York,atm,False
791.44,deposit,online,Tokyo,atm,False
10.62,transfer,entertainment,New York,mobile,False
50.7,transfer,online,New York,mobile,False
7.92,transfer,entertainment,Tokyo,atm,False
14.39,transfer,entertainment,New York,mobile,False
789.07,deposit,online,Tokyo,atm,False
22.33,transfer,entertainment,Tokyo,mobile,False
18.38,transfer,online,New York,mobile,False
1149.92,deposit,online,New York,atm,False
102.12,transfer,online,Tokyo,atm,False
75.77,transfer,online,Tokyo,mobile,False
23.12,transfer,entertainment,Tokyo,atm,False
1034.02,deposit,online,New York,mobile,False
18.98,transfer,online,New York,atm,False
21.91,transfer,entertainment,New York,mobile,False
1427.28,deposit,entertainment,Tokyo,mobile,False
1159.91,deposit,online,New York,mobile,False
1818.09,deposit,online,Tokyo,mobile,False
91.73,transfer,entertainment,Tokyo,atm,False
13.57,transfer,entertainment,Tokyo,atm,False
19.48,transfer,online,Tokyo,atm,False
8.99,transfer,entertainment,Tokyo,mobile,False
44.77,transfer,online,New York,atm,False
1692.5,deposit,entertainment,New York,atm,False
1002.41,deposit,entertainment,Tokyo,mobile,False
14.09,transfer,online,Tokyo,atm,False
182.59,transfer,entertainment,New York,atm,False
36.56,transfer,online,New York,mobile,False
1295.95,deposit,entertainment,New York,mobile,False
1222.74,deposit,entertainment,New York,atm,False
959.48,deposit,online,Tokyo,mobile,False
64.82,transfer,entertainment,New York,mobile,False
761.81,deposit,online,New York,atm,False
610.71,deposit,entertainment,Tokyo,atm,False
967.57,deposit,entertainment,New York,atm,False
932.4,deposit,entertainment,New York,mobile,False
46.03,transfer,entertainment,New York,mobile,False
8.86,transfer,entertainment,Tokyo,atm,False
1985.95,deposit,online,New York,mobile,False
19.08,transfer,online,Tokyo,mobile,False
1008.98,deposit,entertainment,New York,mobile,False
1205.73,deposit,entertainment,Tokyo,atm,False
1236.62,deposit,online,Tokyo,atm,False
58.61,transfer,entertainment,Tokyo,mobile,False
24.38,transfer,entertainment,New York,mobile,False
1228.26,deposit,entertainment,Tokyo,atm,False
1036.89,deposit,entertainment,New York,atm,False
1006.56,deposit,online,New York,atm,False
1178.71,deposit,online,New York,mobile,False
14.12,transfer,online,New York,mobile,False
16.67,transfer,entertainment,Tokyo,atm,False
1018.33,deposit,entertainment,Tokyo,atm,False
853.11,deposit,online,Tokyo,atm,False
431.01,deposit,entertainment,Tokyo,atm,False
955.45,deposit,online,Tokyo,atm,False
11.38,transfer,online,Tokyo,mobile,False
9.4,transfer,online,Tokyo,mobile,False
964.3,deposit,entertainment,New York,mobile,False
37.9,transfer,online,New York,mobile,False
21.89,transfer,online,Tokyo,mobile,False
1053.88,deposit,online,Tokyo,atm,False
128.15,transfer,online,Tokyo,mobile,False
24.85,transfer,online,Tokyo,atm,False
12.41,transfer,online,New York,atm,False
6.78,transfer,online,New York,mobile,False
15.22,transfer,online,Tokyo,atm,False
1131.48,deposit,entertainment,New York,atm,False
19.19,transfer,online,Tokyo,mobile,False
28.79,transfer,online,New York,mobile,False
44.28,transfer,entertainment,Tokyo,atm,False
1578.08,deposit,online,New York,mobile,False
23.04,transfer,entertainment,New York,mobile,False
1021.2,deposit,online,New York,atm,False
670.54,deposit,entertainment,Tokyo,mobile,False
712.87,deposit,entertainment,New York,mobile,False
483.9,deposit,online,New York,mobile,False
554.15,deposit,online,New York,atm,False
9.31,transfer,entertainment,Tokyo,atm,False
29.02,transfer,entertainment,Tokyo,atm,False
7.43,transfer,entertainment,New York,mobile,False
1024.81,deposit,entertainment,New York,mobile,False
18.13,transfer,online,New York,mobile,False
519.01,deposit,online,Tokyo,mobile,False
0.01,deposit,online,Tokyo,atm,False
11.73,transfer,online,Tokyo,mobile,False
1003.23,deposit,entertainment,New York,mobile,False
1727.64,deposit,online,Tokyo,mobile,False
19.92,transfer,entertainment,Tokyo,mobile,False
1187.88,deposit,online,Tokyo,mobile,False
83.62,transfer,entertainment,New York,mobile,False
63.56,transfer,entertainment,Tokyo,atm,False
14.4,transfer,entertainment,New York,mobile,False
11.92,transfer,online,New York,atm,False
5.84,transfer,entertainment,Tokyo,atm,False
26.26,transfer,online,Tokyo,mobile,False
5.52,transfer,online,New York,atm,False
1088.81,deposit,online,Tokyo,atm,False
138.88,deposit,online,New York,mobile,False
18.76,transfer,entertainment,Tokyo,atm,False
19.75,transfer,online,New York,atm,False
27.49,transfer,entertainment,Tokyo,atm,False
38.68,transfer,entertainment,Tokyo,mobile,False
9.19,transfer,entertainment,Tokyo,mobile,False
22.25,transfer,entertainment,Tokyo,atm,False
49.97,transfer,entertainment,Tokyo,atm,False
11.37,transfer,entertainment,Tokyo,atm,False
25.28,transfer,online,New York,atm,False
1681.31,deposit,online,Tokyo,atm,False
29.77,transfer,entertainment,Tokyo,atm,False
15.14,transfer,entertainment,Tokyo,mobile,False
1137.79,deposit,entertainment,Tokyo,mobile,False
862.36,deposit,online,New York,mobile,False
17.66,transfer,entertainment,New York,mobile,False
1108.57,deposit,online,Tokyo,atm,False
1527.17,deposit,entertainment,Tokyo,mobile,False
16.78,transfer,entertainment,Tokyo,atm,False
29.19,transfer,entertainment,Tokyo,mobile,False
2.48,transfer,entertainment,Tokyo,mobile,False
12.65,transfer,online,Tokyo,atm,False
1094.55,deposit,entertainment,Tokyo,mobile,False
41.19,transfer,entertainment,New York,mobile,False
4.02,transfer,entertainment,Tokyo,atm,False
16.2,transfer,online,New York,atm,False
1298.93,deposit,entertainment,New York,atm,False
16.53,transfer,entertainment,Tokyo,atm,False
554.17,deposit,online,New York,mobile,False
1699.59,deposit,online,New York,atm,False
31.08,transfer,online,New York,atm,False
18.86,transfer,entertainment,New York,mobile,False
13.24,transfer,online,New York,mobile,False
201.19,deposit,online,New York,mobile,False
11.64,transfer,online,New York,atm,False
727.36,deposit,entertainment,New York,mobile,False
1541.68,deposit,entertainment,Tokyo,mobile,False
38.35,transfer,online,Tokyo,atm,False
864.85,deposit,online,New York,atm,False
18.64,transfer,online,New York,atm,False
14.52,transfer,online,Tokyo,mobile,False
583.03,deposit,online,New York,atm,False
67.73,transfer,entertainment,Tokyo,mobile,False
610.02,deposit,online,Tokyo,mobile,False
15.59,transfer,entertainment,New York,mobile,False
616.32,deposit,online,Tokyo,atm,False
17.6,transfer,entertainment,New York,atm,False
0.01,deposit,online,New York,mobile,False
762.71,deposit,entertainment,Tokyo,mobile,False
888.94,deposit,online,New York,mobile,False
928.45,deposit,online,New York,atm,False
577.63,deposit,entertainment,Tokyo,mobile,False
12.64,transfer,online,Tokyo,atm,False
44.43,transfer,online,Tokyo,mobile,False
9.04,transfer,entertainment,New York,atm,False
16.28,transfer,online,New York,atm,False
1987.56,deposit,online,New York,atm,False
13.31,transfer,online,Tokyo,mobile,False
24.47,transfer,entertainment,New York,mobile,False
1423.11,deposit,entertainment,Tokyo,atm,False
13.54,transfer,entertainment,New York,mobile,False
12.67,transfer,online,Tokyo,mobile,False
9.41,transfer,entertainment,New York,atm,False
56.82,transfer,online,Tokyo,atm,False
531.65,deposit,entertainment,Tokyo,atm,False
544.09,deposit,entertainment,New York,atm,False
30.83,transfer,entertainment,Tokyo,mobile,False
1275.92,deposit,entertainment,Tokyo,atm,False
1656.14,deposit,entertainment,Tokyo,mobile,False
60.35,transfer,online,New York,atm,False
1482.33,deposit,online,Tokyo,mobile,False
1225.82,deposit,online,New York,mobile,False
34.29,transfer,online,New York,atm,False
1147.84,deposit,entertainment,New York,atm,False
1025.08,deposit,entertainment,Tokyo,mobile,False
501.69,deposit,entertainment,Tokyo,atm,False
1015.95,deposit,entertainment,Tokyo,mobile,False
17.18,transfer,online,Tokyo,atm,False
1226.8,deposit,entertainment,Tokyo,atm,False
654.29,deposit,entertainment,New York,atm,False
876.11,deposit,entertainment,Tokyo,mobile,False
13.42,transfer,entertainment,Tokyo,mobile,False
1081.85,deposit,online,New York,mobile,False
53.93,transfer,online,Tokyo,mobile,False
866.02,deposit,online,New York,atm,False
2101.68,deposit,online,Tokyo,mobile,False
1173.2,deposit,entertainment,New York,atm,False
11.47,transfer,online,Tokyo,mobile,False
1046.95,deposit,online,Tokyo,mobile,False
447.38,deposit,online,New York,mobile,False
11.46,transfer,online,Tokyo,mobile,False
1799.44,deposit,entertainment,New York,atm,False
91.43,transfer,online,New York,mobile,False
22.77,transfer,online,Tokyo,atm,False
1438.7,deposit,online,Tokyo,mobile,False
598.89,deposit,online,New York,mobile,False
16.06,transfer,online,New York,mobile,False
20.64,transfer,entertainment,New York,mobile,False
808.98,deposit,online,New York,mobile,False
10.35,transfer,online,New York,atm,False
868.07,deposit,online,New York,mobile,False
10.38,transfer,entertainment,New York,mobile,False
2092.84,deposit,entertainment,New York,mobile,False
789.3,deposit,entertainment,Tokyo,mobile,False
578.57,deposit,online,New York,atm,False
678.52,deposit,entertainment,Tokyo,mobile,False
1404.99,deposit,entertainment,Tokyo,atm,False
954.71,deposit,entertainment,Tokyo,atm,False
998.73,deposit,entertainment,New York,mobile,False
17.87,transfer,entertainment,Tokyo,atm,False
1025.97,deposit,entertainment,Tokyo,atm,False
848.13,deposit,entertainment,New York,mobile,False
35,transfer,online,Tokyo,atm,False
191.48,deposit,entertainment,New York,atm,False
16.37,transfer,online,Tokyo,atm,False
3.28,transfer,online,Tokyo,atm,False
44.43,transfer,online,Tokyo,mobile,False
27.4,transfer,online,Tokyo,atm,False
48.75,transfer,entertainment,New York,atm,False
947.05,deposit,entertainment,New York,mobile,False
11.41,transfer,online,Tokyo,mobile,False
15.08,transfer,entertainment,New York,mobile,False
639.87,deposit,entertainment,New York,atm,False
445.44,deposit,entertainment,Tokyo,mobile,False
760.32,deposit,entertainment,Tokyo,mobile,False
39.95,transfer,entertainment,Tokyo,mobile,False
61.82,transfer,entertainment,New York,atm,False
7.02,transfer,entertainment,New York,atm,False
1439.27,deposit,online,Tokyo,mobile,False
0.01,deposit,entertainment,Tokyo,mobile,False
210.99,deposit,entertainment,Tokyo,mobile,False
41.68,transfer,entertainment,New York,mobile,False
36.67,transfer,entertainment,New York,mobile,False
1512.78,deposit,entertainment,Tokyo,atm,False
0.01,deposit,entertainment,Tokyo,mobile,False
1811.35,deposit,online,New York,atm,False
773.78,deposit,online,New York,atm,False
1529.22,deposit,entertainment,Tokyo,atm,False
24.11,transfer,online,Tokyo,atm,False
813.86,deposit,entertainment,New York,atm,False
2503.16,deposit,entertainment,New York,mobile,False
35.55,transfer,online,New York,atm,False
1403.42,deposit,online,New York,atm,False
1351.61,deposit,entertainment,Tokyo,atm,False
1909.69,deposit,online,New York,atm,False
1566.76,deposit,entertainment,New York,atm,False
19.54,transfer,online,New York,atm,False
18.39,transfer,entertainment,Tokyo,atm,False
797.7,deposit,online,New York,mobile,False
47.61,transfer,online,New York,mobile,False
5.11,transfer,entertainment,New York,mobile,False
1954.55,deposit,entertainment,New York,atm,False
75.12,transfer,online,New York,mobile,False
14.89,transfer,entertainment,New York,atm,False
14.29,transfer,entertainment,New York,atm,False
541.04,deposit,entertainment,New York,atm,False
829.47,deposit,entertainment,Tokyo,mobile,False
218.05,deposit,entertainment,New York,mobile,False
896.29,deposit,online,New York,mobile,False
473.35,deposit,online,New York,atm,False
28.88,transfer,online,New York,atm,False
28.76,transfer,entertainment,Tokyo,mobile,False
20.06,transfer,online,Tokyo,atm,False
921.51,deposit,online,New York,atm,False
13.41,transfer,entertainment,Tokyo,atm,False
36.49,transfer,entertainment,Tokyo,atm,False
33.29,transfer,entertainment,Tokyo,mobile,False
27.4,transfer,entertainment,New York,atm,False
58.29,transfer,entertainment,New York,mobile,False
317.15,deposit,online,New York,atm,False
1047.23,deposit,entertainment,Tokyo,mobile,False
1352.67,deposit,entertainment,Tokyo,atm,False
625.76,deposit,online,Tokyo,mobile,False
1759.21,deposit,entertainment,New York,atm,False
11.15,transfer,entertainment,Tokyo,mobile,False
1198.62,deposit,online,Tokyo,mobile,False
13.4,transfer,online,New York,atm,False
14.68,transfer,online,Tokyo,atm,False
763,deposit,entertainment,New York,mobile,False
17.76,transfer,online,Tokyo,mobile,False
15.85,transfer,online,New York,atm,False
21.46,transfer,entertainment,Tokyo,mobile,False
26.03,transfer,entertainment,Tokyo,atm,False
792.95,deposit,entertainment,Tokyo,atm,False
10.2,transfer,entertainment,Tokyo,mobile,False
1551.27,deposit,entertainment,New York,mobile,False
17.3,transfer,online,Tokyo,atm,False
29.73,transfer,online,Tokyo,atm,False
1149.14,deposit,online,Tokyo,mobile,False
1516.03,deposit,online,Tokyo,mobile,False
9.22,transfer,entertainment,New York,mobile,False
1074.27,deposit,entertainment,New York,mobile,False
1327.36,deposit,entertainment,New York,atm,False
27.67,transfer,online,Tokyo,atm,False
512.77,deposit,entertainment,New York,atm,False
990.36,deposit,entertainment,New York,mobile,False
26.74,transfer,entertainment,Tokyo,mobile,False
1695.72,deposit,entertainment,New York,mobile,False
61.97,transfer,online,Tokyo,mobile,False
1281.41,deposit,online,New York,atm,False
1423.7,deposit,online,Tokyo,mobile,False
92.4,transfer,entertainment,Tokyo,mobile,False
238.44,deposit,entertainment,Tokyo,mobile,False
584.85,deposit,entertainment,New York,mobile,False
645.32,deposit,online,Tokyo,mobile,False
7.55,transfer,online,New York,mobile,False
1491.81,deposit,online,Tokyo,mobile,False
2278.56,deposit,entertainment,New York,mobile,False
4.98,transfer,entertainment,Tokyo,atm,False
1484.03,deposit,online,Tokyo,atm,False
13.02,transfer,online,New York,mobile,False
0.01,deposit,entertainment,Tokyo,atm,False
7.29,transfer,online,Tokyo,atm,False
1008.13,deposit,entertainment,Tokyo,atm,False
769.18,deposit,entertainment,New York,atm,False
4.62,transfer,entertainment,Tokyo,mobile,False
31,transfer,online,New York,atm,False
1222.63,deposit,online,New York,atm,False
644.95,deposit,online,Tokyo,atm,False
4.99,transfer,entertainment,New York,atm,False
37.86,transfer,online,New York,atm,False
1735.91,deposit,online,New York,atm,False
30.11,transfer,entertainment,New York,atm,False
0.01,deposit,online,New York,mobile,False
11.66,transfer,entertainment,Tokyo,atm,False
645.54,deposit,entertainment,Tokyo,mobile,False
37.08,transfer,entertainment,New York,mobile,False
35.18,transfer,entertainment,Tokyo,mobile,False
12.53,transfer,online,Tokyo,atm,False
200.57,deposit,online,New York,mobile,False
1493.24,deposit,online,Tokyo,atm,False
973.37,deposit,entertainment,New York,atm,False
1499.66,deposit,entertainment,New York,mobile,False
12.36,transfer,online,New York,mobile,False
11.1,transfer,entertainment,Tokyo,atm,False
1010.24,deposit,online,New York,atm,False
1175.41,deposit,online,Tokyo,mobile,False
1539.77,deposit,entertainment,New York,mobile,False
793.44,deposit,entertainment,Tokyo,mobile,False
22.97,transfer,entertainment,Tokyo,atm,False
20.29,transfer,online,Tokyo,mobile,False
2158.13,deposit,entertainment,Tokyo,mobile,False
672.16,deposit,online,Tokyo,mobile,False
773.24,deposit,online,Tokyo,mobile,False
1660.89,deposit,online,Tokyo,mobile,False
713.68,deposit,online,Tokyo,atm,False
7.89,transfer,online,New York,mobile,False
20.71,transfer,online,New York,mobile,False
6.41,transfer,entertainment,New York,mobile,False
1817.96,deposit,entertainment,New York,mobile,False
1647.3,deposit,entertainment,New York,atm,False
11.73,transfer,online,Tokyo,atm,False
1588.98,deposit,online,Tokyo,atm,False
281.18,deposit,entertainment,New York,atm,False
534.05,deposit,online,New York,mobile,False
1122.8,deposit,entertainment,New York,mobile,False
31.86,transfer,entertainment,Tokyo,mobile,False
73.49,transfer,entertainment,Tokyo,mobile,False
39.13,transfer,entertainment,Tokyo,atm,False
15.66,transfer,online,Tokyo,mobile,False
1534.66,deposit,online,Tokyo,mobile,False
1388.92,deposit,entertainment,Tokyo,atm,False
32.81,transfer,online,Tokyo,mobile,False
354.21,deposit,entertainment,Tokyo,atm,False
13.51,transfer,entertainment,New York,mobile,False
0.01,deposit,entertainment,New York,mobile,False
120.79,transfer,entertainment,Tokyo,mobile,False
55.82,transfer,entertainment,Tokyo,atm,False
2156.65,deposit,entertainment,New York,atm,False
840.71,deposit,entertainment,New York,atm,False
8.81,transfer,entertainment,New York,atm,False
645.38,deposit,online,Tokyo,atm,False
998.61,deposit,online,New York,mobile,False
59.45,transfer,entertainment,Tokyo,atm,False
1159.9,deposit,entertainment,Tokyo,mobile,False
143,deposit,entertainment,Tokyo,atm,False
18.1,transfer,entertainment,Tokyo,atm,False
14.37,transfer,entertainment,Tokyo,atm,False
10.56,transfer,online,New York,mobile,False
33.7,transfer,online,Tokyo,atm,False
38.41,transfer,entertainment,New York,mobile,False
49.92,transfer,entertainment,New York,mobile,False
52.63,transfer,online,Tokyo,mobile,False
25.55,transfer,entertainment,New York,atm,False
21.92,transfer,online,Tokyo,atm,False
1662.5,deposit,entertainment,New York,mobile,False
5.39,transfer,entertainment,Tokyo,mobile,False
6.2,transfer,entertainment,New York,atm,False
1202.76,deposit,entertainment,Tokyo,mobile,False
18.46,transfer,online,Tokyo,mobile,False
1521.92,deposit,online,New York,mobile,False
1842.64,deposit,online,New York,atm,False
26.08,transfer,entertainment,Tokyo,atm,False
218.91,deposit,online,New York,mobile,False
21,transfer,entertainment,Tokyo,mobile,False
75,transfer,entertainment,Tokyo,atm,False
203.92,deposit,online,Tokyo,atm,False
149.36,deposit,entertainment,Tokyo,mobile,False
14.52,transfer,online,Tokyo,mobile,False
11.99,transfer,online,New York,atm,False
14.31,transfer,entertainment,New York,mobile,False
48.5,transfer,entertainment,New York,mobile,False
39.4,transfer,entertainment,Tokyo,mobile,False
1288.45,deposit,online,Tokyo,atm,False
15.6,transfer,online,New York,mobile,False
19.57,transfer,online,Tokyo,mobile,False
0.01,deposit,online,Tokyo,mobile,False
822.67,deposit,entertainment,Tokyo,atm,False
724.7,deposit,entertainment,New York,atm,False
1144.54,deposit,entertainment,New York,mobile,False
13.72,transfer,online,New York,atm,False
769.16,deposit,online,Tokyo,atm,False
15.4,transfer,entertainment,New York,atm,False
21.54,transfer,online,New York,mobile,False
60.67,transfer,entertainment,Tokyo,atm,False
32.42,transfer,entertainment,New York,atm,False
967.42,deposit,online,Tokyo,atm,False
1463.57,deposit,entertainment,New York,atm,False
19.57,transfer,online,Tokyo,mobile,False
10.91,transfer,online,Tokyo,atm,False
1370.37,deposit,online,Tokyo,atm,False
61.07,transfer,entertainment,New York,mobile,False
1303.52,deposit,online,Tokyo,atm,False
1287.56,deposit,online,Tokyo,atm,False
1244.04,deposit,online,Tokyo,mobile,False
464.89,deposit,entertainment,New York,mobile,False
74.98,transfer,online,New York,mobile,False
8.16,transfer,online,New York,atm,False
1174.4,deposit,online,New York,atm,False
1740.79,deposit,online,Tokyo,atm,False
367.36,deposit,online,New York,atm,False
232.31,deposit,entertainment,Tokyo,mobile,False
221.97,deposit,entertainment,New York,mobile,False
516.25,deposit,entertainment,Tokyo,mobile,False
723.72,deposit,online,Tokyo,mobile,False
32.76,transfer,entertainment,New York,atm,False
7.32,transfer,entertainment,New York,atm,False
1020.12,deposit,online,New York,mobile,False
30.08,transfer,entertainment,Tokyo,mobile,False
71.88,transfer,entertainment,Tokyo,atm,False
899.96,deposit,online,Tokyo,atm,False
139.91,deposit,online,Tokyo,mobile,False
1561.91,deposit,online,Tokyo,mobile,False
848.27,deposit,online,New York,mobile,False
344.43,deposit,online,New York,mobile,False
21.31,transfer,online,New York,mobile,False
317.92,deposit,online,Tokyo,mobile,False
466.95,deposit,online,New York,atm,False
1616.75,deposit,entertainment,New York,atm,False
282.11,deposit,online,New York,atm,False
1292.59,deposit,entertainment,Tokyo,atm,False
2062.96,deposit,entertainment,New York,atm,False
31.89,transfer,online,New York,atm,False
1206.17,deposit,entertainment,Tokyo,mobile,False
525.11,deposit,entertainment,New York,mobile,False
1967.24,deposit,entertainment,New York,atm,False
817.41,deposit,online,Tokyo,atm,False
702.59,deposit,entertainment,New York,mobile,False
6.1,transfer,online,New York,mobile,False
1643.24,deposit,online,Tokyo,atm,False
8.49,transfer,online,New York,mobile,False
1383.6,deposit,entertainment,New York,atm,False
1350.69,deposit,entertainment,New York,mobile,False
16.68,transfer,online,Tokyo,atm,False
1837.22,deposit,entertainment,Tokyo,mobile,False
47.02,transfer,online,Tokyo,mobile,False
677.61,deposit,online,Tokyo,mobile,False
1229.24,deposit,online,New York,mobile,False
20.57,transfer,entertainment,Tokyo,mobile,False
19.73,transfer,entertainment,New York,atm,False
50.16,transfer,entertainment,New York,mobile,False
947.9,deposit,online,New York,atm,True
15.21,transfer,online,Tokyo,mobile,False
1103.03,deposit,online,Tokyo,mobile,False
30.46,transfer,entertainment,Tokyo,atm,False
56.61,transfer,entertainment,New York,mobile,False
902.21,deposit,entertainment,New York,atm,False
12.32,transfer,online,Tokyo,atm,False
545.78,deposit,online,New York,mobile,False
1959.19,deposit,online,New York,mobile,False
1543.26,deposit,online,Tokyo,atm,False
11.73,transfer,online,New York,mobile,False
656.13,deposit,entertainment,New York,mobile,False
11.18,transfer,entertainment,New York,mobile,False
800.84,deposit,online,New York,mobile,False
752.89,deposit,entertainment,New York,atm,False
46.31,transfer,entertainment,Tokyo,mobile,False
8.46,transfer,online,New York,atm,False
2338.84,deposit,entertainment,Tokyo,mobile,False
16.48,transfer,entertainment,Tokyo,mobile,False
1557.01,deposit,online,Tokyo,atm,False
44.5,transfer,entertainment,New York,atm,False
1408.35,deposit,entertainment,Tokyo,atm,False
16.31,transfer,entertainment,New York,atm,False
1171.97,deposit,online,Tokyo,mobile,False
13.23,transfer,entertainment,New York,atm,False
1040.15,deposit,online,Tokyo,atm,False
1209.56,deposit,online,New York,atm,False
1048.66,deposit,online,Tokyo,mobile,False
23.39,transfer,entertainment,New York,atm,False
13.93,transfer,online,Tokyo,atm,False
23.29,transfer,online,New York,mobile,False
57.22,transfer,entertainment,Tokyo,atm,False
754.84,deposit,online,New York,mobile,False
881.03,deposit,entertainment,Tokyo,mobile,False
315.23,deposit,online,New York,mobile,False
9.88,transfer,online,Tokyo,atm,False
13.7,transfer,entertainment,New York,mobile,False
12.26,transfer,online,New York,mobile,False
423.46,deposit,online,Tokyo,mobile,False
825.64,deposit,entertainment,New York,atm,False
1135.46,deposit,entertainment,New York,mobile,False
53.17,transfer,online,New York,mobile,False
23.61,transfer,entertainment,Tokyo,mobile,False
55.45,transfer,online,Tokyo,atm,False
1051.62,deposit,entertainment,Tokyo,atm,False
21.93,transfer,entertainment,Tokyo,mobile,False
1093.64,deposit,entertainment,New York,atm,False
1582.59,deposit,entertainment,Tokyo,mobile,False
1039.19,deposit,entertainment,New York,atm,False
19.53,transfer,entertainment,Tokyo,mobile,False
8.87,transfer,entertainment,Tokyo,mobile,False
11.99,transfer,entertainment,Tokyo,mobile,False
29.28,transfer,online,New York,atm,False
540.29,deposit,online,Tokyo,atm,False
975.66,deposit,entertainment,New York,mobile,False
819.39,deposit,entertainment,New York,atm,False
755.57,deposit,online,New York,mobile,False
84.55,transfer,entertainment,Tokyo,mobile,False
6.41,transfer,online,New York,mobile,False
5.75,transfer,online,New York,atm,False
929.27,deposit,online,Tokyo,atm,False
1330,deposit,online,Tokyo,atm,False
1237.2,deposit,entertainment,Tokyo,mobile,False
33.51,transfer,entertainment,Tokyo,mobile,False
17.48,transfer,entertainment,Tokyo,atm,False
25.04,transfer,online,New York,mobile,False
1298.24,deposit,online,New York,atm,False
19.28,transfer,online,New York,mobile,False
1088.3,deposit,entertainment,New York,atm,False
600.41,deposit,online,Tokyo,atm,False
680.98,deposit,entertainment,New York,mobile,False
1250.4,deposit,online,New York,mobile,False
48.68,transfer,entertainment,Tokyo,mobile,False
16.65,transfer,entertainment,New York,mobile,False
1325.13,deposit,online,New York,mobile,False
408.36,deposit,online,New York,mobile,False
31.9,transfer,online,New York,mobile,False
29.83,transfer,online,Tokyo,atm,False
19.72,transfer,online,New York,mobile,False
13.02,transfer,entertainment,New York,mobile,False
15.76,transfer,online,Tokyo,mobile,False
783.15,deposit,online,Tokyo,mobile,False
151.24,deposit,entertainment,Tokyo,mobile,False
6.95,transfer,online,Tokyo,atm,False
1088.74,deposit,online,Tokyo,mobile,False
17.39,transfer,entertainment,New York,atm,False
21.25,transfer,online,Tokyo,atm,False
1462.44,deposit,online,Tokyo,atm,False
7.81,transfer,entertainment,New York,mobile,False
0.01,deposit,online,New York,mobile,False
17.47,transfer,entertainment,New York,atm,False
1170.67,deposit,entertainment,Tokyo,atm,False
34.89,transfer,online,Tokyo,mobile,False
203.63,deposit,online,New York,atm,False
910.03,deposit,online,Tokyo,atm,False
741,deposit,entertainment,Tokyo,atm,False
22.54,transfer,entertainment,Tokyo,atm,False
22.69,transfer,online,Tokyo,mobile,False
2367.41,deposit,entertainment,Tokyo,atm,False
24.29,transfer,entertainment,Tokyo,atm,False
834.01,deposit,online,Tokyo,mobile,False
600.76,deposit,online,Tokyo,atm,False
31.49,transfer,entertainment,New York,mobile,False
15.3,transfer,entertainment,New York,mobile,False
35.96,transfer,online,New York,mobile,False
15.77,transfer,entertainment,Tokyo,mobile,False
29.92,transfer,entertainment,Tokyo,mobile,False
27.42,transfer,online,New York,atm,False
10.81,transfer,online,Tokyo,mobile,False
6.66,transfer,entertainment,New York,atm,False
9.21,transfer,online,New York,mobile,False
860.44,deposit,online,Tokyo,atm,False
369.77,deposit,online,New York,mobile,False
183.44,deposit,entertainment,Tokyo,mobile,False
593.86,deposit,online,Tokyo,mobile,False
32.97,transfer,online,New York,mobile,False
702.7,deposit,online,New York,mobile,False
786.5,deposit,entertainment,New York,mobile,False
17.65,transfer,online,Tokyo,mobile,False
928.49,deposit,entertainment,New York,mobile,False
1121.58,deposit,online,New York,mobile,False
1092.01,deposit,entertainment,New York,mobile,False
10.03,transfer,entertainment,Tokyo,atm,False
1748.31,deposit,entertainment,New York,atm,False
1314.33,deposit,online,New York,atm,False
891.76,deposit,entertainment,Tokyo,mobile,False
27.34,transfer,entertainment,Tokyo,atm,False
20.66,transfer,entertainment,Tokyo,mobile,False
858.2,deposit,online,Tokyo,mobile,False
23.06,transfer,online,New York,mobile,False
1327.27,deposit,online,New York,atm,True
454.22,deposit,entertainment,Tokyo,mobile,False
1766.92,deposit,entertainment,Tokyo,mobile,False
22.55,transfer,entertainment,New York,atm,False
576.48,deposit,online,Tokyo,mobile,False
257.85,deposit,online,Tokyo,atm,False
1533.23,deposit,entertainment,New York,mobile,False
303.36,deposit,entertainment,Tokyo,atm,False
2081.31,deposit,online,New York,mobile,False
1473.37,deposit,online,New York,atm,False
25.2,transfer,entertainment,Tokyo,mobile,False
32.34,transfer,entertainment,New York,atm,False
848.65,deposit,online,Tokyo,atm,False
1569.01,deposit,online,Tokyo,mobile,False
885.83,deposit,entertainment,New York,atm,False
1177.78,deposit,online,Tokyo,atm,False
1355.74,deposit,online,Tokyo,atm,False
9.88,transfer,entertainment,New York,mobile,False
602.87,deposit,entertainment,New York,atm,False
1650.88,deposit,online,New York,atm,False
343.33,deposit,online,Tokyo,atm,False
16.03,transfer,entertainment,New York,atm,False
29.88,transfer,online,Tokyo,atm,False
693.21,deposit,entertainment,New York,atm,False
16.86,transfer,entertainment,Tokyo,mobile,False
10.09,transfer,entertainment,Tokyo,atm,False
863.65,deposit,entertainment,Tokyo,mobile,False
13.06,transfer,online,New York,atm,False
15.21,transfer,entertainment,Tokyo,mobile,False
25.85,transfer,online,Tokyo,mobile,False
31.7,transfer,entertainment,New York,atm,False
31.17,transfer,online,New York,atm,False
911.87,deposit,online,New York,atm,False
500.66,deposit,entertainment,Tokyo,mobile,False
248.88,deposit,entertainment,Tokyo,mobile,False
1591.55,deposit,online,New York,atm,False
1874.14,deposit,online,Tokyo,atm,False
20.76,transfer,online,Tokyo,atm,False
1380.37,deposit,online,Tokyo,atm,False
997.49,deposit,online,Tokyo,atm,False
424.61,deposit,online,Tokyo,atm,False
274.73,deposit,online,New York,atm,False
20.21,transfer,entertainment,Tokyo,atm,False
32.11,transfer,entertainment,New York,atm,False
12.76,transfer,online,New York,mobile,False
23.92,transfer,entertainment,Tokyo,mobile,False
1508.48,deposit,online,New York,mobile,False
39.92,transfer,online,New York,mobile,False
6.9,transfer,online,Tokyo,mobile,False
515.96,deposit,online,Tokyo,atm,False
15.4,transfer,online,New York,atm,False
6.18,transfer,online,Tokyo,atm,False
2046.12,deposit,online,New York,atm,False
512.85,deposit,entertainment,Tokyo,mobile,False
69.63,transfer,entertainment,New York,atm,False
7.42,transfer,entertainment,Tokyo,atm,False
20.1,transfer,entertainment,New York,atm,False
1818.96,deposit,online,Tokyo,atm,False
1367.52,deposit,entertainment,Tokyo,atm,False
513.97,deposit,online,Tokyo,mobile,False
1397.45,deposit,online,Tokyo,mobile,False
1050.21,deposit,entertainment,New York,atm,False
13.62,transfer,entertainment,Tokyo,mobile,False
9.05,transfer,online,Tokyo,mobile,False
14.62,transfer,entertainment,New York,atm,False
10.18,transfer,online,Tokyo,mobile,False
696.83,deposit,online,Tokyo,atm,False
623.63,deposit,online,Tokyo,mobile,False
29.32,transfer,entertainment,Tokyo,mobile,False
9.73,transfer,online,Tokyo,mobile,False
14.84,transfer,online,New York,mobile,False
392.43,deposit,entertainment,Tokyo,atm,False
34.21,transfer,entertainment,Tokyo,mobile,False
993.91,deposit,online,Tokyo,mobile,False
130.73,deposit,online,Tokyo,mobile,False
1351.53,deposit,online,Tokyo,mobile,False
471.96,deposit,entertainment,Tokyo,mobile,False
13.43,transfer,online,Tokyo,mobile,False
4.15,transfer,entertainment,New York,mobile,False
7.22,transfer,online,Tokyo,mobile,False
19.21,transfer,entertainment,New York,atm,False
447.44,deposit,entertainment,New York,atm,False
822.4,deposit,entertainment,New York,mobile,False
781.7,deposit,online,New York,mobile,False
650.61,deposit,online,New York,atm,False
1214.29,deposit,online,New York,atm,False
622.31,deposit,online,New York,atm,False
1379.64,deposit,online,New York,atm,False
562.11,deposit,online,Tokyo,mobile,False
47.56,transfer,online,Tokyo,atm,False
17.54,transfer,online,New York,mobile,False
26.16,transfer,online,New York,mobile,False
10.96,transfer,online,Tokyo,atm,False
12.08,transfer,online,New York,atm,False
129.57,transfer,entertainment,Tokyo,mobile,False
43.14,transfer,online,Tokyo,mobile,False
641.94,deposit,online,New York,atm,False
824.83,deposit,online,New York,mobile,False
8.42,transfer,online,New York,atm,False
2306.53,deposit,entertainment,New York,mobile,False
682.73,deposit,online,New York,mobile,False
1248.52,deposit,entertainment,Tokyo,atm,False
1036.48,deposit,online,New York,atm,False
1160.05,deposit,entertainment,New York,atm,False
13.9,transfer,online,Tokyo,atm,False
1202.73,deposit,entertainment,Tokyo,atm,False
28.13,transfer,entertainment,New York,atm,False
13.27,transfer,online,New York,atm,False
14.19,transfer,entertainment,Tokyo,atm,False
3.19,transfer,entertainment,Tokyo,atm,False
26.87,transfer,online,Tokyo,atm,False
7.22,transfer,online,Tokyo,atm,False
1140.74,deposit,entertainment,New York,mobile,False
762.89,deposit,entertainment,New York,atm,False
697.22,deposit,entertainment,Tokyo,atm,False
37.1,transfer,entertainment,Tokyo,mobile,False
881.13,deposit,online,New York,mobile,False
777.71,deposit,entertainment,New York,mobile,False
19.75,transfer,entertainment,New York,mobile,False
9.59,transfer,online,New York,mobile,False
1511.05,deposit,entertainment,New York,atm,False
1529.57,deposit,online,New York,atm,False
2349.94,deposit,online,New York,atm,False
27.57,transfer,online,Tokyo,atm,False
1701.7,deposit,online,New York,atm,False
26.79,transfer,entertainment,New York,mobile,False
28.69,transfer,entertainment,Tokyo,mobile,False
9.79,transfer,online,New York,mobile,False
49.29,transfer,online,New York,atm,False
48.32,transfer,entertainment,Tokyo,mobile,False
45.8,transfer,entertainment,Tokyo,atm,False
2115.5,deposit,entertainment,Tokyo,mobile,False
571.28,deposit,entertainment,Tokyo,mobile,False
46.5,transfer,entertainment,Tokyo,atm,False
39.96,transfer,online,Tokyo,mobile,False
7.67,transfer,online,New York,atm,False
15.02,transfer,entertainment,New York,mobile,False
65.37,transfer,entertainment,New York,atm,False
1183.24,deposit,online,New York,atm,False
1444.34,deposit,online,Tokyo,atm,False
766.32,deposit,entertainment,New York,atm,False
17.84,transfer,online,New York,mobile,False
52.92,deposit,online,Tokyo,mobile,False
25.6,transfer,entertainment,New York,mobile,False
13.62,transfer,online,Tokyo,mobile,False
1245.49,deposit,online,Tokyo,atm,False
46.63,transfer,online,New York,mobile,False
20.93,transfer,online,New York,mobile,False
35.78,transfer,entertainment,New York,atm,False
7.56,transfer,online,New York,atm,False
897.4,deposit,entertainment,Tokyo,mobile,False
15.08,transfer,online,Tokyo,atm,False
817.16,deposit,entertainment,Tokyo,atm,False
0.01,deposit,online,Tokyo,atm,False
1355.53,deposit,online,New York,atm,False
32.43,transfer,online,New York,mobile,False
29.39,transfer,online,New York,mobile,False
24.51,transfer,online,New York,mobile,False
3.11,transfer,online,Tokyo,atm,False
394.43,deposit,online,New York,atm,False
21.3,transfer,entertainment,Tokyo,atm,False
1009.03,deposit,entertainment,Tokyo,mobile,False
8.15,transfer,entertainment,New York,mobile,False
25.21,transfer,entertainment,New York,atm,False
1782.9,deposit,online,Tokyo,atm,False
1116.72,deposit,entertainment,Tokyo,mobile,False
1150.79,deposit,online,New York,mobile,False
16,transfer,entertainment,New York,atm,False
21.6,transfer,entertainment,Tokyo,mobile,False
27.04,transfer,entertainment,Tokyo,mobile,False
1007.71,deposit,online,New York,mobile,False
19.89,transfer,entertainment,Tokyo,mobile,False
16.5,transfer,online,Tokyo,mobile,False
11.6,transfer,entertainment,Tokyo,atm,False
1574.74,deposit,online,New York,mobile,False
1517.97,deposit,entertainment,Tokyo,atm,False
3.39,transfer,online,New York,mobile,False
22.9,transfer,online,New York,mobile,False
40.14,transfer,online,New York,atm,False
8.62,transfer,entertainment,Tokyo,mobile,True
1572.74,deposit,online,New York,atm,False
873.54,deposit,online,New York,atm,False
23.76,transfer,online,New York,atm,False
756.88,deposit,online,Tokyo,atm,False
28.09,transfer,entertainment,Tokyo,atm,False
14.08,transfer,online,New York,atm,False
294.3,deposit,entertainment,Tokyo,atm,False
43.07,transfer,online,New York,atm,False
917.79,deposit,entertainment,Tokyo,mobile,False
11.92,transfer,online,Tokyo,mobile,False
6.95,transfer,entertainment,New York,mobile,False
448.48,deposit,entertainment,Tokyo,atm,False
10.01,transfer,online,Tokyo,mobile,False
780.74,deposit,online,Tokyo,mobile,False
1039.82,deposit,entertainment,New York,atm,False
25.05,transfer,entertainment,Tokyo,atm,False
267.24,deposit,entertainment,Tokyo,mobile,False
1242.59,deposit,entertainment,Tokyo,atm,False
10.73,transfer,online,New York,mobile,False
731.43,deposit,entertainment,New York,atm,False
15.32,transfer,entertainment,New York,mobile,False
14.97,transfer,online,Tokyo,mobile,False
29.21,transfer,entertainment,Tokyo,mobile,False
799.67,deposit,online,New York,mobile,False
1924.22,deposit,entertainment,New York,mobile,False
1958.05,deposit,online,New York,mobile,False
16.94,transfer,entertainment,New York,atm,False
1313.63,deposit,online,New York,atm,False
12.33,transfer,online,New York,mobile,False
570.75,deposit,online,New York,mobile,False
31.27,transfer,online,New York,mobile,False
626.35,deposit,entertainment,Tokyo,atm,False
1085.01,deposit,entertainment,Tokyo,atm,False
28.55,transfer,entertainment,New York,mobile,False
12.59,transfer,online,New York,mobile,False
1659.1,deposit,online,New York,mobile,False
18.61,transfer,entertainment,Tokyo,mobile,False
3.03,transfer,online,Tokyo,atm,False
33.01,transfer,online,Tokyo,mobile,False
1041.97,deposit,online,Tokyo,atm,False
1429.66,deposit,entertainment,New York,atm,False
37.77,transfer,entertainment,New York,atm,False
38.54,transfer,online,New York,atm,False
1331.91,deposit,entertainment,New York,mobile,False
13,transfer,online,New York,mobile,False
38.92,transfer,online,Tokyo,mobile,False
1679.65,deposit,online,Tokyo,atm,False
407.56,deposit,entertainment,Tokyo,atm,False
1602.49,deposit,online,Tokyo,atm,False
808.59,deposit,entertainment,New York,atm,False
16.26,transfer,online,New York,mobile,False
7.75,transfer,entertainment,Tokyo,mobile,False
1006.14,deposit,entertainment,New York,atm,False
1146,deposit,entertainment,Tokyo,mobile,False
2079.88,deposit,entertainment,Tokyo,atm,False
10.4,transfer,entertainment,Tokyo,mobile,False
1317.01,deposit,entertainment,New York,atm,False
40.33,transfer,online,New York,atm,False
27.21,transfer,entertainment,Tokyo,atm,False
5.81,transfer,entertainment,Tokyo,mobile,False
15.42,transfer,online,New York,atm,False
1119.75,deposit,online,New York,atm,False
11.38,transfer,online,New York,mobile,False
15.6,transfer,entertainment,New York,mobile,False
1549.58,deposit,entertainment,New York,mobile,False
70.73,transfer,entertainment,Tokyo,atm,False
22.88,transfer,entertainment,New York,atm,False
106.37,transfer,entertainment,Tokyo,atm,False
0.01,deposit,entertainment,New York,atm,False
14,transfer,online,New York,mobile,False
917.59,deposit,online,Tokyo,mobile,False
1758.9,deposit,entertainment,New York,mobile,False
1108.56,deposit,entertainment,New York,mobile,False
737.9,deposit,online,Tokyo,mobile,False
954.46,deposit,entertainment,New York,atm,False
1129.65,deposit,entertainment,New York,mobile,False
1304.01,deposit,online,New York,atm,False
21.56,transfer,entertainment,Tokyo,atm,False
128.02,transfer,entertainment,New York,mobile,False
56.59,transfer,online,Tokyo,atm,False
825.32,deposit,online,Tokyo,atm,False
12.32,transfer,online,New York,mobile,False
31.14,transfer,online,New York,atm,False
90.46,transfer,entertainment,Tokyo,atm,False
8.5,transfer,online,New York,mobile,False
6.31,transfer,online,Tokyo,mobile,False
929.55,deposit,entertainment,Tokyo,mobile,False
1844.02,deposit,entertainment,Tokyo,mobile,False
56.57,transfer,entertainment,New York,atm,False
10.95,transfer,entertainment,New York,mobile,False
1336.61,deposit,entertainment,Tokyo,atm,False
510.69,deposit,online,New York,atm,False
36.95,transfer,online,Tokyo,atm,False
1111.59,deposit,entertainment,Tokyo,atm,False
31.12,transfer,online,New York,mobile,False
1335.75,deposit,entertainment,Tokyo,mobile,False
19.66,transfer,online,New York,atm,False
296.45,deposit,online,Tokyo,atm,False
8.9,transfer,entertainment,Tokyo,atm,False
1139.13,deposit,entertainment,Tokyo,atm,False
38.42,transfer,entertainment,New York,atm,False
23.08,transfer,entertainment,Tokyo,atm,False
1151.87,deposit,entertainment,Tokyo,mobile,False
36.55,transfer,entertainment,New York,atm,False
15.71,transfer,online,New York,atm,False
14.59,transfer,entertainment,Tokyo,mobile,False
740.04,deposit,entertainment,Tokyo,atm,False
11.15,transfer,online,New York,atm,False
5.45,transfer,online,Tokyo,mobile,False
981.99,deposit,entertainment,Tokyo,mobile,False
667.22,deposit,entertainment,New York,mobile,False
8.54,transfer,entertainment,Tokyo,mobile,False
27.09,transfer,online,New York,atm,False
43.57,transfer,entertainment,Tokyo,atm,False
799.77,deposit,online,Tokyo,mobile,False
167.67,deposit,online,New York,atm,True
13.18,transfer,online,Tokyo,mobile,False
458.83,deposit,entertainment,Tokyo,atm,False
17.8,transfer,online,Tokyo,mobile,False
28.55,transfer,entertainment,New York,mobile,False
24.55,transfer,entertainment,New York,atm,False
558.37,deposit,entertainment,New York,mobile,False
20.76,transfer,entertainment,Tokyo,atm,False
607.09,deposit,online,New York,atm,False
7.8,transfer,entertainment,Tokyo,atm,False
32.87,transfer,online,New York,atm,False
32.83,transfer,online,New York,atm,False
440.06,deposit,entertainment,New York,atm,False
40.26,transfer,entertainment,Tokyo,mobile,False
1099.36,deposit,entertainment,Tokyo,mobile,False
1871.53,deposit,online,New York,atm,False
1103.52,deposit,online,New York,mobile,False
14.64,transfer,entertainment,Tokyo,atm,False
13.45,transfer,entertainment,New York,mobile,False
22.46,transfer,entertainment,New York,atm,False
1107.61,deposit,entertainment,New York,atm,False
1155.69,deposit,online,New York,atm,True
1345.59,deposit,online,New York,mobile,False
1059.29,deposit,online,Tokyo,atm,False
21.06,transfer,online,Tokyo,mobile,False
28.59,transfer,entertainment,New York,mobile,False
974.87,deposit,online,Tokyo,mobile,False
21.78,transfer,online,Tokyo,atm,False
13.79,transfer,entertainment,Tokyo,atm,False
7.49,transfer,online,Tokyo,mobile,False
49.53,transfer,online,New York,mobile,False
501.8,deposit,online,New York,mobile,False
705.58,deposit,online,New York,atm,True
6.42,transfer,entertainment,New York,mobile,False
179.49,deposit,entertainment,New York,mobile,False
0.01,deposit,online,Tokyo,mobile,False
1672.66,deposit,online,New York,atm,False
41.4,transfer,online,Tokyo,atm,False
55.27,transfer,entertainment,Tokyo,mobile,False
22.71,transfer,online,Tokyo,mobile,False
1481.42,deposit,entertainment,New York,mobile,False
10.58,transfer,entertainment,Tokyo,atm,False
1457.82,deposit,online,New York,atm,False
713.02,deposit,entertainment,Tokyo,mobile,False
72.47,transfer,online,New York,atm,False
657.5,deposit,entertainment,New York,mobile,False
14.34,transfer,entertainment,New York,atm,False
1250.8,deposit,online,New York,mobile,False
13.39,transfer,entertainment,Tokyo,mobile,False
51.4,transfer,entertainment,New York,atm,False
64.46,transfer,online,New York,mobile,False
627.28,deposit,online,New York,atm,False
37.57,transfer,entertainment,New York,atm,False
1813.7,deposit,online,New York,mobile,False
1169.04,deposit,entertainment,New York,atm,False
50.76,transfer,entertainment,Tokyo,atm,False
1068.03,deposit,online,Tokyo,atm,False
956.17,deposit,entertainment,Tokyo,mobile,False
22.61,transfer,online,New York,mobile,False
2343.71,deposit,entertainment,New York,mobile,False
16.8,transfer,online,New York,mobile,False
96.56,deposit,online,New York,mobile,False
981,deposit,online,New York,mobile,False
937.43,deposit,online,Tokyo,mobile,False
539.49,deposit,entertainment,Tokyo,atm,False
74,deposit,online,Tokyo,atm,False
1089.48,deposit,entertainment,New York,atm,False
20.37,transfer,online,Tokyo,mobile,False
1993.39,deposit,online,New York,atm,False
492.8,deposit,online,New York,atm,False
5.87,transfer,online,New York,atm,False
1560.85,deposit,entertainment,Tokyo,mobile,False
15.05,transfer,online,Tokyo,mobile,False
58.17,transfer,online,New York,atm,False
1163.46,deposit,online,Tokyo,atm,False
22.95,transfer,online,Tokyo,atm,False
951.75,deposit,online,New York,mobile,False
1265.62,deposit,online,New York,mobile,False
34.09,transfer,entertainment,New York,mobile,False
11.47,transfer,entertainment,Tokyo,atm,False
14.62,transfer,online,New York,mobile,False
973.63,deposit,online,New York,atm,False
538.15,deposit,online,New York,atm,False
31.93,transfer,online,Tokyo,mobile,False
1916.3,deposit,online,New York,atm,False
17.8,transfer,entertainment,New York,mobile,False
238.92,deposit,entertainment,Tokyo,mobile,False
867.16,deposit,entertainment,New York,mobile,False
50.18,transfer,online,Tokyo,mobile,False
712.61,deposit,entertainment,Tokyo,atm,False
9.72,transfer,entertainment,New York,atm,False
320.93,deposit,online,Tokyo,mobile,False
18.18,transfer,entertainment,Tokyo,mobile,False
1404.81,deposit,entertainment,New York,atm,False
657.81,deposit,online,New York,atm,False
12.6,transfer,entertainment,New York,mobile,False
34.09,transfer,online,New York,atm,False
20.14,transfer,online,New York,mobile,False
26.99,transfer,entertainment,New York,mobile,False
4.3,transfer,entertainment,Tokyo,mobile,False
1198.59,deposit,entertainment,Tokyo,mobile,False
552.44,deposit,online,Tokyo,mobile,False
994.92,deposit,entertainment,New York,atm,False
1051.16,deposit,entertainment,New York,mobile,False
188.11,deposit,entertainment,New York,mobile,False
9.15,transfer,entertainment,New York,mobile,False
1547.07,deposit,online,Tokyo,mobile,False
24.67,transfer,entertainment,Tokyo,mobile,False
685.62,deposit,online,New York,atm,False
1081.79,deposit,online,New York,atm,False
1036.12,deposit,online,Tokyo,mobile,False
211.44,deposit,entertainment,New York,mobile,False
252.12,deposit,online,Tokyo,mobile,False
1109.24,deposit,entertainment,Tokyo,mobile,False
1332.92,deposit,online,Tokyo,mobile,False
1298.05,deposit,entertainment,Tokyo,atm,False
22.49,transfer,entertainment,New York,mobile,False
17.54,transfer,entertainment,Tokyo,atm,False
7.92,transfer,entertainment,New York,mobile,False
32.72,transfer,entertainment,Tokyo,atm,False
21.27,transfer,online,Tokyo,atm,False
489.15,deposit,entertainment,New York,atm,False
27.65,transfer,online,New York,mobile,False
1113.21,deposit,online,Tokyo,mobile,False
1355.55,deposit,entertainment,Tokyo,atm,False
978.16,deposit,entertainment,New York,atm,False
43.93,transfer,entertainment,New York,atm,False
1730.75,deposit,online,New York,atm,False
2151.8,deposit,entertainment,Tokyo,mobile,False
1411.63,deposit,online,New York,atm,False
13.38,transfer,online,New York,mobile,False
9.52,transfer,online,New York,atm,False
39.06,transfer,entertainment,Tokyo,atm,False
1381.59,deposit,online,New York,mobile,False
15.08,transfer,entertainment,New York,atm,False
1064.23,deposit,entertainment,Tokyo,atm,False
1265.6,deposit,entertainment,New York,atm,False
985.25,deposit,online,Tokyo,atm,False
8.2,transfer,online,New York,mobile,False
1048.8,deposit,entertainment,New York,atm,False
1.11,deposit,online,New York,mobile,False
1195.64,deposit,entertainment,Tokyo,mobile,False
45.21,transfer,entertainment,New York,mobile,False
1768.22,deposit,online,New York,mobile,False
38,transfer,online,New York,atm,False
1414.82,deposit,entertainment,New York,atm,False
26.86,transfer,online,New York,atm,False
1420.76,deposit,entertainment,Tokyo,atm,False
12.85,transfer,online,Tokyo,mobile,False
1625.26,deposit,entertainment,New York,atm,False
635.27,deposit,online,New York,mobile,False
14.2,transfer,entertainment,New York,mobile,False
1027.17,deposit,entertainment,Tokyo,mobile,False
454.3,deposit,online,New York,mobile,False
7.92,transfer,online,New York,atm,False
17.22,transfer,entertainment,Tokyo,atm,False
7.42,transfer,entertainment,Tokyo,mobile,False
1270.81,deposit,entertainment,Tokyo,atm,False
55.18,transfer,entertainment,Tokyo,mobile,False
1194.99,deposit,entertainment,New York,atm,False
721.08,deposit,online,Tokyo,mobile,False
84.65,transfer,entertainment,New York,atm,False
26.9,transfer,online,New York,mobile,False
808.26,deposit,entertainment,Tokyo,atm,False
28.87,transfer,online,New York,atm,False
24.56,transfer,entertainment,Tokyo,mobile,False
5.87,transfer,entertainment,Tokyo,atm,False
1083.92,deposit,online,Tokyo,atm,False
30.38,transfer,entertainment,Tokyo,atm,False
1105.44,deposit,entertainment,New York,atm,False
634,deposit,entertainment,New York,mobile,False
589.51,deposit,entertainment,New York,mobile,False
980.79,deposit,online,New York,atm,False
1325.81,deposit,entertainment,Tokyo,mobile,False
633.28,deposit,entertainment,Tokyo,atm,False
11.75,transfer,online,Tokyo,mobile,False
34.87,transfer,entertainment,Tokyo,mobile,False
163.14,deposit,entertainment,Tokyo,mobile,False
1296.22,deposit,entertainment,Tokyo,mobile,False
7.16,transfer,online,Tokyo,atm,False
1241.44,deposit,online,Tokyo,mobile,False
64.65,transfer,online,Tokyo,mobile,False
41.54,transfer,entertainment,Tokyo,atm,False
9.1,transfer,entertainment,New York,mobile,False
1037.6,deposit,entertainment,Tokyo,atm,False
17.64,transfer,entertainment,New York,mobile,False
36.94,transfer,online,Tokyo,atm,False
50.67,transfer,entertainment,Tokyo,mobile,False
1446.28,deposit,online,New York,atm,False
703.23,deposit,online,New York,atm,False
1769.7,deposit,entertainment,New York,mobile,False
21.98,transfer,online,New York,atm,False
16.12,transfer,entertainment,New York,mobile,False
41.17,transfer,entertainment,Tokyo,atm,False
10.33,transfer,online,Tokyo,atm,False
0.01,deposit,online,Tokyo,mobile,False
48.14,transfer,online,New York,mobile,True
167.41,deposit,online,New York,mobile,False
24.76,deposit,online,Tokyo,atm,False
51.96,transfer,online,Tokyo,mobile,False
35.42,transfer,online,Tokyo,mobile,False
3.81,transfer,online,New York,atm,False
722.19,deposit,online,Tokyo,atm,False
869.51,deposit,online,New York,atm,False
12.1,transfer,entertainment,Tokyo,mobile,False
1113.32,deposit,online,Tokyo,atm,False
1533.96,deposit,online,Tokyo,mobile,False
1529.23,deposit,entertainment,Tokyo,atm,False
1238.89,deposit,entertainment,New York,mobile,False
27.24,transfer,entertainment,New York,atm,False
34.66,transfer,online,New York,atm,False
1769.54,deposit,entertainment,New York,mobile,False
10.78,transfer,entertainment,New York,atm,False
21.97,transfer,online,New York,atm,False
28.06,transfer,entertainment,New York,atm,False
1439.65,deposit,online,New York,atm,False
1139.67,deposit,online,New York,atm,False
526.53,deposit,entertainment,Tokyo,mobile,False
1559.53,deposit,entertainment,New York,mobile,False
632.96,deposit,entertainment,Tokyo,mobile,False
14.4,transfer,entertainment,New York,atm,False
9.15,transfer,online,Tokyo,atm,False
14.01,transfer,entertainment,Tokyo,atm,False
2296.89,deposit,online,Tokyo,atm,False
940.07,deposit,entertainment,Tokyo,atm,False
808.83,deposit,online,New York,atm,False
20.17,transfer,entertainment,New York,mobile,False
17.93,transfer,entertainment,New York,mobile,False
30.81,transfer,online,Tokyo,atm,False
9.25,transfer,online,New York,atm,False
1188.37,deposit,online,Tokyo,atm,False
57.88,transfer,entertainment,Tokyo,mobile,False
1642.03,deposit,online,Tokyo,atm,False
1408.07,deposit,online,Tokyo,mobile,False
15.5,transfer,entertainment,Tokyo,atm,False
599,deposit,online,New York,atm,False
770.65,deposit,entertainment,Tokyo,atm,False
757.89,deposit,entertainment,New York,atm,False
8.77,transfer,online,New York,atm,False
39.73,transfer,entertainment,New York,atm,False
36.88,transfer,online,Tokyo,atm,False
82.06,transfer,entertainment,New York,atm,False
16.78,transfer,online,New York,mobile,False
7.2,transfer,entertainment,New York,atm,False
16.4,transfer,entertainment,Tokyo,atm,False
10.79,transfer,entertainment,New York,atm,False
844.9,deposit,entertainment,New York,atm,False
1134.6,deposit,online,Tokyo,atm,False
83.46,deposit,online,Tokyo,mobile,False
1082.84,deposit,online,Tokyo,atm,False
45.71,transfer,entertainment,Tokyo,mobile,False
15.93,transfer,online,Tokyo,mobile,False
1459.92,deposit,online,New York,atm,False
1057.77,deposit,online,Tokyo,mobile,False
1151.09,deposit,entertainment,Tokyo,mobile,False
15.44,transfer,entertainment,Tokyo,mobile,False
1500.3,deposit,entertainment,Tokyo,atm,False
9.17,transfer,entertainment,New York,atm,False
1186.84,deposit,online,New York,atm,False
12.68,transfer,entertainment,New York,mobile,False
17.59,transfer,entertainment,Tokyo,mobile,False
1017.59,deposit,online,Tokyo,mobile,False
18.14,transfer,entertainment,Tokyo,mobile,False
56.47,transfer,entertainment,New York,atm,False
18.41,transfer,online,New York,mobile,False
16.26,transfer,online,New York,atm,False
2061.12,deposit,entertainment,New York,mobile,False
40.12,transfer,entertainment,Tokyo,atm,False
41.1,transfer,online,New York,mobile,False
582.27,deposit,online,New York,atm,False
1917.69,deposit,entertainment,New York,atm,False
1513.76,deposit,entertainment,New York,mobile,False
1139.31,deposit,entertainment,Tokyo,mobile,False
12.42,transfer,entertainment,New York,atm,False
2017.85,deposit,online,Tokyo,mobile,False
21.73,transfer,entertainment,Tokyo,atm,False
21.15,transfer,online,New York,atm,False
1956.5,deposit,online,New York,atm,False
709.4,deposit,online,New York,mobile,False
38,transfer,online,Tokyo,atm,False
25.36,transfer,online,New York,atm,False
659.33,deposit,online,New York,mobile,False
10.88,transfer,online,New York,mobile,False
256.99,deposit,entertainment,Tokyo,mobile,False
896.94,deposit,online,New York,mobile,False
1721.36,deposit,online,New York,atm,False
10.9,transfer,online,New York,atm,False
64.44,transfer,entertainment,New York,mobile,False
366.04,deposit,entertainment,New York,atm,False
1294.28,deposit,online,New York,mobile,False
1446.42,deposit,online,New York,atm,False
301.87,deposit,online,Tokyo,atm,False
1547.58,deposit,online,New York,atm,False
1898.48,deposit,entertainment,Tokyo,atm,False
193.69,deposit,entertainment,New York,mobile,False
14.55,transfer,entertainment,New York,atm,False
69.14,transfer,entertainment,Tokyo,mobile,False
957.14,deposit,entertainment,Tokyo,mobile,False
78.63,transfer,entertainment,Tokyo,mobile,False
664.65,deposit,entertainment,Tokyo,mobile,False
1147.48,deposit,entertainment,Tokyo,atm,False
126.19,transfer,online,Tokyo,atm,False
6.42,transfer,online,New York,mobile,False
1030.35,deposit,online,New York,mobile,False
1068.92,deposit,online,New York,atm,False
1304.52,deposit,entertainment,New York,atm,False
1070.91,deposit,online,Tokyo,atm,False
883.35,deposit,online,New York,atm,False
14.29,transfer,entertainment,Tokyo,mobile,False
13.31,transfer,entertainment,Tokyo,mobile,False
1444.8,deposit,entertainment,Tokyo,mobile,False
1703.6,deposit,online,New York,mobile,False
34.76,transfer,online,New York,mobile,False
1600.86,deposit,online,New York,atm,False
986.88,deposit,online,New York,atm,False
34.62,transfer,online,New York,mobile,False
3.01,transfer,online,Tokyo,atm,False
10.22,transfer,entertainment,New York,mobile,False
62.17,transfer,online,Tokyo,mobile,False
17.93,transfer,online,Tokyo,atm,False
1683.66,deposit,entertainment,Tokyo,mobile,False
1164.25,deposit,entertainment,Tokyo,mobile,False
28.51,transfer,entertainment,New York,atm,False
14.88,transfer,entertainment,New York,mobile,False
1341.09,deposit,entertainment,New York,mobile,False
1078.36,deposit,entertainment,New York,atm,False
991.71,deposit,online,New York,atm,False
11.03,transfer,entertainment,New York,atm,False
32.22,transfer,entertainment,New York,atm,False
1027.62,deposit,online,Tokyo,atm,False
9.11,transfer,entertainment,New York,atm,False
564.07,deposit,entertainment,Tokyo,mobile,False
21.71,transfer,online,New York,mobile,False
58.98,transfer,entertainment,Tokyo,atm,False
11.51,transfer,online,Tokyo,mobile,False
1246.85,deposit,online,New York,atm,False
1220.23,deposit,entertainment,Tokyo,mobile,False
1074.37,deposit,online,New York,atm,False
12.74,transfer,online,New York,mobile,False
1693.22,deposit,online,Tokyo,mobile,False
1157.06,deposit,entertainment,New York,atm,False
39.34,transfer,online,New York,mobile,False
14.41,transfer,online,New York,atm,False
14.08,transfer,entertainment,Tokyo,mobile,False
25.49,transfer,online,New York,atm,False
1182.12,deposit,online,Tokyo,mobile,False
1444.42,deposit,online,Tokyo,mobile,False
45.78,transfer,entertainment,Tokyo,mobile,False
1029.95,deposit,entertainment,Tokyo,mobile,False
20.33,transfer,entertainment,Tokyo,atm,False
1048.71,deposit,entertainment,New York,atm,False
0.01,deposit,entertainment,Tokyo,mobile,False
40.32,transfer,online,Tokyo,mobile,False
2037,deposit,entertainment,Tokyo,atm,False
1829.38,deposit,entertainment,Tokyo,atm,False
14.22,transfer,online,Tokyo,atm,False
274.39,deposit,entertainment,Tokyo,atm,False
13.04,transfer,online,Tokyo,mobile,False
45.33,transfer,entertainment,Tokyo,atm,False
30.84,transfer,online,New York,atm,False
383.13,deposit,online,New York,mobile,False
1114.04,deposit,entertainment,New York,atm,False
4.62,transfer,online,Tokyo,atm,False
0.01,deposit,entertainment,Tokyo,mobile,False
30.59,transfer,entertainment,Tokyo,mobile,False
24.5,transfer,online,Tokyo,mobile,False
692.97,deposit,online,New York,atm,False
540.93,deposit,online,New York,mobile,False
19.88,transfer,online,New York,mobile,False
18.49,transfer,entertainment,Tokyo,mobile,False
45.06,transfer,online,Tokyo,mobile,False
15.24,transfer,online,New York,mobile,False
893.99,deposit,entertainment,New York,mobile,False
7.23,transfer,entertainment,New York,atm,False
1055.65,deposit,entertainment,Tokyo,atm,False
15.22,transfer,entertainment,Tokyo,atm,False
27.22,transfer,entertainment,New York,mobile,False
1787.31,deposit,entertainment,New York,atm,False
40.96,transfer,entertainment,New York,atm,False
877.19,deposit,entertainment,Tokyo,mobile,False
55.04,deposit,online,Tokyo,atm,False
1212.83,deposit,online,Tokyo,mobile,False
33.51,transfer,entertainment,New York,mobile,True
13.56,transfer,online,Tokyo,mobile,False
34.88,transfer,online,New York,atm,False
18.3,transfer,entertainment,Tokyo,mobile,False
23.38,transfer,online,Tokyo,mobile,False
16.98,transfer,entertainment,New York,mobile,False
635.54,deposit,online,Tokyo,mobile,False
28.3,transfer,online,New York,mobile,False
9.45,transfer,entertainment,New York,mobile,False
27.23,transfer,entertainment,New York,atm,False
391.18,deposit,online,Tokyo,mobile,False
18.56,transfer,online,Tokyo,atm,False
1246.4,deposit,online,New York,atm,True
15.07,transfer,online,New York,atm,False
1982.76,deposit,entertainment,New York,atm,False
9,transfer,online,Tokyo,atm,False
11.92,transfer,online,New York,mobile,False
13.23,transfer,entertainment,New York,mobile,False
40.6,transfer,online,Tokyo,atm,False
1011.26,deposit,online,New York,mobile,False
18.2,transfer,online,New York,atm,False
1902.24,deposit,online,New York,atm,False
657.8,deposit,online,New York,atm,False
1530.18,deposit,online,New York,atm,False
38.73,transfer,entertainment,New York,mobile,False
15.41,transfer,entertainment,Tokyo,mobile,False
517.69,deposit,online,New York,mobile,False
1096.23,deposit,online,New York,atm,False
1263.51,deposit,entertainment,Tokyo,mobile,False
29.51,transfer,entertainment,Tokyo,mobile,False
31.84,transfer,entertainment,New York,mobile,False
15.5,transfer,online,New York,atm,False
38.34,transfer,online,Tokyo,atm,False
4.73,transfer,entertainment,Tokyo,mobile,False
0.01,deposit,entertainment,New York,atm,False
13.81,transfer,online,New York,mobile,False
123.58,deposit,entertainment,New York,atm,False
15.93,transfer,online,Tokyo,atm,False
1074.89,deposit,online,New York,atm,False
28.22,transfer,online,Tokyo,atm,False
9.59,transfer,entertainment,New York,atm,False
10.74,transfer,online,New York,atm,False
1598.16,deposit,online,Tokyo,mobile,True
1741.5,deposit,entertainment,New York,atm,False
18.73,transfer,entertainment,Tokyo,atm,False
1374.06,deposit,entertainment,Tokyo,mobile,False
1733.58,deposit,online,New York,mobile,False
28.67,transfer,entertainment,Tokyo,mobile,False
920.83,deposit,online,New York,mobile,False
12.97,transfer,online,Tokyo,mobile,False
527.8,deposit,entertainment,New York,atm,False
36.04,transfer,entertainment,New York,atm,False
11.43,transfer,online,New York,mobile,False
1604.37,deposit,entertainment,New York,mobile,False
20.95,transfer,online,New York,atm,False
1221.4,deposit,online,Tokyo,atm,False
1620.26,deposit,entertainment,New York,mobile,False
934.81,deposit,online,New York,mobile,False
20.58,transfer,online,Tokyo,atm,False
2132.06,deposit,online,Tokyo,mobile,False
586.84,deposit,entertainment,Tokyo,mobile,False
21.59,transfer,entertainment,Tokyo,mobile,False
711.47,deposit,entertainment,New York,mobile,False
7.6,transfer,entertainment,Tokyo,mobile,False
7.3,transfer,entertainment,New York,mobile,False
837.03,deposit,online,Tokyo,mobile,False
15.75,transfer,online,Tokyo,mobile,False
28.22,transfer,online,New York,mobile,False
17.29,transfer,entertainment,New York,mobile,False
1318.05,deposit,online,New York,mobile,False
0.01,deposit,online,New York,mobile,False
20.46,transfer,online,New York,mobile,False
14.57,transfer,entertainment,New York,mobile,False
29.43,transfer,online,New York,mobile,False
560.57,deposit,entertainment,New York,mobile,False
15.65,transfer,online,New York,atm,False
23.41,transfer,entertainment,Tokyo,atm,False
5.86,transfer,entertainment,Tokyo,mobile,False
714.61,deposit,online,New York,atm,False
6.95,transfer,entertainment,New York,mobile,False
41.62,transfer,entertainment,New York,atm,False
18.73,transfer,entertainment,New York,mobile,False
597.65,deposit,entertainment,Tokyo,mobile,False
1498.06,deposit,online,New York,atm,False
1424.73,deposit,entertainment,Tokyo,mobile,False
6.24,transfer,online,Tokyo,mobile,False
1068.14,deposit,online,New York,mobile,False
64.23,transfer,entertainment,Tokyo,atm,False
1058.06,deposit,entertainment,New York,atm,False
772.64,deposit,online,Tokyo,mobile,False
1497.53,deposit,entertainment,Tokyo,mobile,False
1152.81,deposit,online,Tokyo,mobile,False
1440.29,deposit,online,New York,atm,False
625.23,deposit,entertainment,New York,atm,False
1156.32,deposit,online,Tokyo,atm,False
2186.4,deposit,online,New York,atm,False
6.1,transfer,online,New York,mobile,False
16.94,transfer,online,Tokyo,mobile,False
9.58,transfer,online,Tokyo,atm,False
5.01,transfer,online,New York,mobile,False
0.01,deposit,online,Tokyo,atm,False
23.12,transfer,online,Tokyo,atm,False
1784.93,deposit,entertainment,Tokyo,mobile,False
17.69,transfer,entertainment,Tokyo,atm,False
41.29,transfer,online,New York,atm,False
69.57,transfer,online,New York,atm,False
1142.64,deposit,entertainment,Tokyo,mobile,False
56.45,transfer,entertainment,Tokyo,atm,False
0.01,deposit,entertainment,Tokyo,atm,False
1089.59,deposit,online,New York,mobile,False
15.43,transfer,online,New York,atm,False
1254.63,deposit,entertainment,New York,mobile,False
821.36,deposit,online,Tokyo,atm,False
7.22,transfer,entertainment,Tokyo,atm,False
733.39,deposit,online,New York,atm,False
793.57,deposit,online,Tokyo,mobile,False
685.06,deposit,entertainment,Tokyo,mobile,False
8.06,transfer,entertainment,New York,atm,False
22.03,transfer,online,Tokyo,mobile,False
8.94,transfer,online,Tokyo,mobile,False
238.7,deposit,entertainment,New York,atm,False
14.58,transfer,entertainment,Tokyo,mobile,False
505.55,deposit,online,Tokyo,atm,False
2011.64,deposit,online,New York,mobile,False
246.34,deposit,entertainment,Tokyo,atm,False
923.02,deposit,online,Tokyo,mobile,False
75.1,transfer,online,New York,mobile,False
770.05,deposit,entertainment,Tokyo,mobile,False
1293.99,deposit,online,New York,mobile,False
3.15,transfer,online,Tokyo,mobile,False
35.28,transfer,entertainment,New York,atm,False
3.28,transfer,online,Tokyo,mobile,False
1005.84,deposit,entertainment,Tokyo,atm,False
22.73,transfer,online,Tokyo,mobile,False
360.99,deposit,online,New York,atm,False
19.62,transfer,online,Tokyo,atm,False
1046.84,deposit,entertainment,Tokyo,atm,False
950.24,deposit,online,Tokyo,mobile,False
1846.49,deposit,online,New York,mobile,False
19.11,transfer,online,Tokyo,atm,False
1015.56,deposit,entertainment,New York,mobile,False
88.9,transfer,entertainment,New York,mobile,False
1013.18,deposit,online,New York,atm,False
38.75,transfer,entertainment,Tokyo,mobile,False
37.38,transfer,entertainment,New York,atm,False
18.84,transfer,online,Tokyo,atm,False
59.64,transfer,online,Tokyo,atm,False
51.22,transfer,online,New York,atm,False
101.86,transfer,online,New York,atm,False
1695.56,deposit,entertainment,New York,atm,False
7.94,transfer,entertainment,New York,atm,False
12.13,transfer,entertainment,New York,mobile,False
24.26,transfer,online,New York,atm,False
35.4,transfer,entertainment,New York,mobile,False
823.09,deposit,entertainment,New York,mobile,False
23.14,transfer,entertainment,New York,mobile,False
8.37,transfer,online,Tokyo,mobile,False
34.78,transfer,entertainment,Tokyo,atm,False
62.31,transfer,entertainment,New York,mobile,False
49.36,transfer,online,New York,mobile,False
1392.29,deposit,online,New York,atm,False
21.53,transfer,online,New York,atm,False
636.33,deposit,entertainment,New York,mobile,False
1030.73,deposit,online,New York,mobile,False
750.69,deposit,online,New York,atm,False
89.41,transfer,entertainment,New York,atm,False
467.58,deposit,entertainment,New York,mobile,False
1458.81,deposit,online,New York,atm,False
1149.35,deposit,online,New York,atm,False
1897.06,deposit,online,Tokyo,mobile,False
9.97,transfer,entertainment,New York,atm,False
15.27,transfer,online,New York,mobile,False
1545.27,deposit,online,Tokyo,atm,False
17.35,transfer,online,Tokyo,atm,False
882.79,deposit,entertainment,Tokyo,atm,False
1077.97,deposit,entertainment,New York,mobile,False
1445.08,deposit,online,New York,mobile,False
1245.36,deposit,entertainment,Tokyo,atm,False
25.21,transfer,online,Tokyo,mobile,False
808.86,deposit,online,Tokyo,mobile,False
0.01,deposit,online,New York,atm,False
1450.89,deposit,online,Tokyo,mobile,False
28.7,transfer,entertainment,New York,atm,False
19.84,transfer,entertainment,Tokyo,mobile,False
10.15,transfer,online,New York,mobile,False
14.68,transfer,entertainment,Tokyo,mobile,False
18.79,transfer,entertainment,Tokyo,atm,False
1132.99,deposit,entertainment,Tokyo,atm,False
630.92,deposit,online,New York,mobile,False
10.51,transfer,online,Tokyo,mobile,False
1398.18,deposit,online,New York,atm,False
855.72,deposit,online,Tokyo,mobile,False
2031.47,deposit,online,New York,mobile,False
1444.35,deposit,online,Tokyo,atm,False
10.94,transfer,online,Tokyo,atm,False
11.5,transfer,entertainment,New York,mobile,False
1008.17,deposit,online,New York,mobile,False
785.17,deposit,entertainment,Tokyo,mobile,False
416.07,deposit,entertainment,New York,atm,False
68.22,transfer,online,Tokyo,mobile,False
382.47,deposit,entertainment,Tokyo,atm,False
1061.19,deposit,entertainment,New York,mobile,False
687.64,deposit,online,New York,atm,False
1267.78,deposit,entertainment,Tokyo,atm,False
29.41,transfer,entertainment,Tokyo,atm,False
1386.83,deposit,entertainment,Tokyo,atm,False
312.78,deposit,online,New York,atm,False
941.5,deposit,online,New York,atm,False
1097.73,deposit,entertainment,Tokyo,mobile,False
11.6,transfer,entertainment,Tokyo,atm,False
11.45,transfer,entertainment,Tokyo,mobile,False
9.6,transfer,online,New York,atm,False
571.15,deposit,entertainment,Tokyo,mobile,False
17.74,transfer,online,Tokyo,atm,False
30.4,transfer,entertainment,New York,atm,False
22.28,transfer,entertainment,New York,atm,False
13.23,transfer,online,Tokyo,mobile,False
1489.15,deposit,online,New York,mobile,False
531.56,deposit,online,Tokyo,atm,False
18.45,transfer,online,Tokyo,mobile,False
11.84,transfer,entertainment,Tokyo,atm,False
1091.36,deposit,entertainment,Tokyo,atm,False
23.58,transfer,online,Tokyo,atm,False
22.56,transfer,entertainment,Tokyo,mobile,False
31.82,transfer,entertainment,Tokyo,mobile,False
2042.7,deposit,online,New York,mobile,False
1630.88,deposit,online,Tokyo,mobile,False
457.04,deposit,online,New York,atm,False
423.96,deposit,entertainment,New York,atm,False
1232.42,deposit,online,New York,mobile,False
694.09,deposit,online,Tokyo,atm,False
1616.61,deposit,online,New York,atm,False
1067.9,deposit,online,Tokyo,mobile,False
38.85,transfer,online,Tokyo,atm,False
8.35,transfer,entertainment,Tokyo,mobile,False
14.87,transfer,online,New York,atm,False
27.68,transfer,entertainment,Tokyo,atm,False
1732.96,deposit,entertainment,New York,atm,False
8.29,transfer,entertainment,Tokyo,mobile,False
1256.93,deposit,online,Tokyo,mobile,False
5.76,transfer,online,New York,atm,False
18.74,transfer,entertainment,New York,atm,False
621.79,deposit,entertainment,New York,atm,False
19.65,transfer,entertainment,New York,mobile,False
4.78,transfer,online,New York,atm,True
880.22,deposit,entertainment,New York,mobile,False
331.52,deposit,entertainment,Tokyo,atm,False
14.67,transfer,online,New York,mobile,False
8.56,transfer,entertainment,New York,atm,False
1129.94,deposit,entertainment,New York,atm,False
1.95,transfer,online,New York,atm,False
878.82,deposit,entertainment,New York,atm,False
21.82,transfer,entertainment,Tokyo,mobile,False
1409.19,deposit,entertainment,Tokyo,mobile,False
59.73,transfer,entertainment,Tokyo,atm,False
7.77,transfer,online,Tokyo,mobile,False
731.89,deposit,online,New York,atm,False
1566.38,deposit,entertainment,New York,atm,False
1198.88,deposit,online,New York,atm,False
17.49,transfer,entertainment,Tokyo,atm,False
29.13,transfer,online,New York,atm,False
30.88,transfer,online,Tokyo,mobile,False
1595.96,deposit,entertainment,New York,mobile,False
12.19,transfer,entertainment,New York,atm,False
7.78,transfer,entertainment,Tokyo,atm,False
73.7,transfer,entertainment,Tokyo,mobile,False
26.9,transfer,online,New York,atm,False
8.14,transfer,online,New York,mobile,False
594.87,deposit,online,Tokyo,atm,False
193.76,deposit,online,Tokyo,atm,False
1356.75,deposit,online,Tokyo,mobile,False
28.43,transfer,online,New York,mobile,False
1734.99,deposit,entertainment,Tokyo,atm,False
18.56,transfer,online,New York,mobile,False
34.81,transfer,online,New York,atm,True
81.23,transfer,online,Tokyo,mobile,False
662.76,deposit,entertainment,New York,atm,False
157.36,deposit,online,New York,atm,False
44.33,transfer,online,New York,atm,False
1186.86,deposit,online,New York,atm,False
29.18,transfer,entertainment,Tokyo,mobile,False
15.48,transfer,online,New York,atm,False
1030.55,deposit,entertainment,Tokyo,mobile,False
44.36,transfer,online,Tokyo,atm,False
18.11,transfer,online,Tokyo,mobile,False
1493.3,deposit,online,Tokyo,atm,False
36.67,transfer,online,New York,mobile,False
4.54,transfer,entertainment,Tokyo,atm,False
822.11,deposit,online,Tokyo,mobile,False
12.59,transfer,entertainment,Tokyo,atm,False
818.45,deposit,entertainment,New York,mobile,False
22.28,transfer,entertainment,New York,atm,False
148.59,deposit,entertainment,New York,atm,False
980.72,deposit,entertainment,New York,mobile,False
19.8,transfer,entertainment,Tokyo,atm,False
15,transfer,online,Tokyo,atm,False
11.92,transfer,entertainment,Tokyo,mobile,False
9.89,transfer,online,Tokyo,atm,False
8.28,transfer,online,Tokyo,atm,False
18.18,transfer,entertainment,New York,mobile,False
1226.62,deposit,entertainment,Tokyo,atm,False
23.02,transfer,entertainment,Tokyo,atm,False
120.95,transfer,entertainment,Tokyo,mobile,False
28.73,transfer,online,Tokyo,mobile,False
2.23,transfer,online,New York,mobile,False
477.81,deposit,entertainment,Tokyo,atm,False
921.6,deposit,online,New York,atm,False
12.71,transfer,entertainment,Tokyo,atm,False
31.49,transfer,entertainment,Tokyo,mobile,False
22.15,transfer,entertainment,New York,atm,False
52.2,transfer,entertainment,Tokyo,atm,False
1209.41,deposit,online,Tokyo,mobile,False
1056.76,deposit,entertainment,Tokyo,mobile,False
17.42,transfer,entertainment,New York,atm,False
12.22,transfer,entertainment,Tokyo,mobile,False
1635.07,deposit,entertainment,Tokyo,atm,False
10.67,transfer,online,New York,mobile,False
851.47,deposit,entertainment,Tokyo,mobile,False
15.01,transfer,online,Tokyo,atm,False
25.99,transfer,online,Tokyo,atm,False
2.41,transfer,entertainment,New York,atm,False
14.98,transfer,entertainment,New York,atm,False
1105.19,deposit,online,New York,atm,False
18.02,transfer,online,Tokyo,atm,False
601.89,deposit,online,New York,atm,False
22.85,transfer,online,New York,atm,False
12.07,transfer,entertainment,Tokyo,mobile,False
10.21,transfer,online,New York,mobile,False
159.28,deposit,entertainment,New York,mobile,False
18.29,transfer,entertainment,New York,mobile,False
8.88,transfer,online,New York,mobile,False
817.04,deposit,online,New York,atm,False
6.53,transfer,entertainment,Tokyo,atm,False
25.28,transfer,entertainment,Tokyo,atm,False
6.18,transfer,entertainment,Tokyo,atm,False
67.53,transfer,online,New York,atm,False
743.58,deposit,entertainment,New York,atm,False
151.02,deposit,entertainment,Tokyo,mobile,False
16.04,transfer,entertainment,Tokyo,atm,False
26.8,transfer,entertainment,Tokyo,mobile,False
8.17,transfer,entertainment,Tokyo,atm,False
262.99,deposit,entertainment,New York,atm,False
26.36,transfer,online,New York,mobile,False
30.2,transfer,entertainment,New York,mobile,False
1078.04,deposit,online,Tokyo,atm,False
658.83,deposit,online,New York,mobile,False
24.87,transfer,online,Tokyo,atm,False
33.19,deposit,entertainment,New York,mobile,False
638.16,deposit,entertainment,New York,atm,False
22.43,transfer,online,Tokyo,mobile,False
27.41,transfer,online,Tokyo,atm,False
2122.99,deposit,online,New York,atm,False
45.44,transfer,online,New York,atm,False
12.11,transfer,online,Tokyo,mobile,False
15.21,transfer,online,Tokyo,atm,False
12.13,transfer,online,New York,atm,False
74.29,transfer,online,Tokyo,atm,False
20.01,transfer,entertainment,New York,mobile,False
10.58,transfer,entertainment,Tokyo,atm,False
48.49,transfer,online,New York,mobile,False
98.1,deposit,entertainment,Tokyo,atm,False
6.31,transfer,entertainment,New York,atm,False
1128.91,deposit,entertainment,Tokyo,atm,False
890.29,deposit,entertainment,Tokyo,atm,False
732.72,deposit,online,Tokyo,mobile,False
31.73,transfer,entertainment,New York,atm,False
1459.77,deposit,entertainment,New York,mobile,False
788.52,deposit,entertainment,New York,mobile,False
1119.12,deposit,online,Tokyo,mobile,False
10.39,transfer,entertainment,Tokyo,mobile,False
10.53,transfer,online,New York,atm,False
14.16,transfer,entertainment,Tokyo,mobile,False
1383.89,deposit,entertainment,Tokyo,mobile,False
1156.61,deposit,online,New York,atm,False
14,transfer,online,New York,mobile,False
830.64,deposit,online,New York,atm,False
495.39,deposit,online,New York,mobile,False
544.39,deposit,online,New York,atm,False
1079.06,deposit,online,Tokyo,atm,False
852.48,deposit,online,New York,atm,False
26.5,transfer,online,New York,mobile,False
931.69,deposit,entertainment,New York,mobile,False
945.68,deposit,online,Tokyo,atm,False
16.23,transfer,entertainment,New York,mobile,False
605.31,deposit,online,Tokyo,atm,False
22.97,transfer,entertainment,Tokyo,atm,False
40.96,transfer,online,New York,mobile,False
897.86,deposit,entertainment,Tokyo,atm,False
291.69,deposit,entertainment,New York,atm,False
5.98,transfer,online,Tokyo,mobile,False
25.46,transfer,online,New York,atm,False
9.43,transfer,online,Tokyo,mobile,False
21.63,transfer,entertainment,New York,mobile,False
15.16,transfer,online,Tokyo,atm,False
124.06,deposit,online,Tokyo,atm,False
13.52,transfer,online,New York,atm,False
10.48,transfer,entertainment,New York,atm,False
27.56,transfer,entertainment,Tokyo,mobile,False
2369.39,deposit,entertainment,New York,mobile,False
51,transfer,online,Tokyo,atm,False
20.46,transfer,online,New York,mobile,False
7.34,transfer,online,New York,atm,False
15.32,transfer,online,Tokyo,mobile,False
1039.31,deposit,entertainment,New York,mobile,False
12.78,transfer,entertainment,Tokyo,atm,False
17.4,transfer,online,Tokyo,mobile,False
37.06,transfer,online,Tokyo,mobile,False
1045.69,deposit,entertainment,Tokyo,mobile,False
12.23,transfer,entertainment,Tokyo,atm,False
37.93,transfer,entertainment,New York,mobile,False
577.85,deposit,entertainment,New York,mobile,False
107.52,deposit,entertainment,Tokyo,atm,False
160.01,transfer,entertainment,Tokyo,atm,False
23.23,transfer,entertainment,New York,mobile,False
56.1,transfer,entertainment,New York,mobile,False
1191.01,deposit,entertainment,New York,mobile,False
37.18,transfer,online,Tokyo,atm,True
23.49,transfer,entertainment,Tokyo,mobile,False
28.52,transfer,entertainment,New York,mobile,False
193.3,deposit,entertainment,New York,atm,False
20.95,transfer,entertainment,New York,mobile,False
7.69,transfer,entertainment,New York,atm,False
537.61,deposit,online,Tokyo,atm,False
1589.96,deposit,entertainment,Tokyo,atm,False
1272.52,deposit,online,Tokyo,atm,False
14.02,transfer,entertainment,New York,mobile,False
24.62,transfer,entertainment,Tokyo,atm,False
0.01,deposit,entertainment,New York,mobile,False
8.21,transfer,online,Tokyo,mobile,False
1020.61,deposit,entertainment,New York,atm,False
134.66,transfer,online,New York,mobile,False
30.4,transfer,online,Tokyo,atm,False
547.07,deposit,online,New York,mobile,False
18.49,transfer,entertainment,New York,mobile,False
1661.92,deposit,entertainment,New York,atm,False
26.72,transfer,online,Tokyo,mobile,False
24.26,transfer,entertainment,New York,atm,False
838.33,deposit,entertainment,Tokyo,mobile,False
87.3,transfer,online,New York,atm,False
20.87,transfer,entertainment,Tokyo,mobile,False
13.57,transfer,entertainment,New York,atm,False
16.19,transfer,online,Tokyo,atm,False
549.87,deposit,entertainment,Tokyo,mobile,False
936.77,deposit,online,New York,atm,False
39.6,transfer,online,New York,atm,False
1583.86,deposit,online,New York,mobile,False
89.04,deposit,online,Tokyo,atm,False
11.71,transfer,entertainment,Tokyo,atm,False
8.79,transfer,online,Tokyo,mobile,False
17.76,transfer,entertainment,New York,atm,False
13.68,transfer,entertainment,New York,mobile,False
23.31,transfer,online,New York,mobile,False
1424.63,deposit,online,Tokyo,atm,False
908.42,deposit,entertainment,Tokyo,mobile,False
150.83,deposit,entertainment,New York,mobile,False
6.79,transfer,online,New York,atm,False
21.65,transfer,online,New York,atm,False
1807.33,deposit,online,New York,mobile,False
1413.08,deposit,online,Tokyo,mobile,False
1690.25,deposit,online,Tokyo,atm,False
761.94,deposit,entertainment,New York,mobile,False
20.08,transfer,online,New York,atm,False
12.24,transfer,entertainment,New York,atm,False
36.08,transfer,entertainment,New York,mobile,False
650.42,deposit,entertainment,New York,atm,False
5.96,transfer,entertainment,Tokyo,mobile,False
1202.34,deposit,online,Tokyo,atm,False
10.79,transfer,online,New York,atm,False
1604.6,deposit,entertainment,New York,mobile,False
690.4,deposit,online,New York,mobile,False
1384.02,deposit,online,New York,mobile,False
5.38,transfer,online,New York,mobile,False
248.65,deposit,online,Tokyo,mobile,False
740.42,deposit,online,New York,atm,False
2093.86,deposit,online,New York,mobile,False
105.72,deposit,entertainment,Tokyo,atm,False
16.01,transfer,online,Tokyo,mobile,False
19.58,transfer,online,New York,atm,False
877.74,deposit,online,Tokyo,mobile,False
18.9,transfer,entertainment,Tokyo,mobile,False
18.92,transfer,online,New York,mobile,False
18.26,transfer,entertainment,New York,mobile,False
627.96,deposit,entertainment,Tokyo,mobile,False
9.63,transfer,online,New York,atm,False
57.18,transfer,online,Tokyo,mobile,False
792,deposit,online,Tokyo,mobile,False
16.95,transfer,online,New York,mobile,False
24.14,transfer,online,Tokyo,atm,False
17.97,transfer,entertainment,Tokyo,atm,False
13.23,transfer,online,Tokyo,mobile,False
8.38,transfer,online,Tokyo,mobile,False
9.68,transfer,entertainment,Tokyo,atm,False
24.95,transfer,entertainment,New York,mobile,False
20.72,transfer,entertainment,New York,mobile,False
1266.99,deposit,online,Tokyo,mobile,False
59.04,transfer,online,New York,atm,False
644.44,deposit,entertainment,Tokyo,mobile,False
460.96,deposit,online,Tokyo,atm,False
1192.63,deposit,online,Tokyo,mobile,False
6.15,transfer,entertainment,New York,atm,False
2140.19,deposit,entertainment,New York,mobile,False
17.88,transfer,entertainment,New York,atm,False
0.01,deposit,entertainment,New York,atm,False
419.3,deposit,online,New York,atm,False
32.35,transfer,online,New York,atm,False
1383.14,deposit,entertainment,Tokyo,mobile,False
19.17,transfer,entertainment,Tokyo,atm,False
36.27,transfer,online,New York,mobile,False
24.82,transfer,entertainment,Tokyo,mobile,False
948.47,deposit,entertainment,Tokyo,mobile,False
17.22,transfer,online,New York,mobile,False
936.32,deposit,online,New York,atm,False
21.56,transfer,online,New York,mobile,False
45.78,transfer,entertainment,Tokyo,atm,False
12.05,transfer,online,New York,mobile,False
1066.22,deposit,online,New York,atm,False
962.48,deposit,online,New York,mobile,False
18.56,transfer,online,New York,atm,False
11.52,transfer,online,Tokyo,atm,False
725.43,deposit,online,Tokyo,atm,False
13.62,transfer,online,Tokyo,mobile,False
528.38,deposit,online,Tokyo,atm,False
1553.27,deposit,online,New York,atm,False
94.38,transfer,online,New York,mobile,False
21.27,transfer,online,New York,mobile,False
939.51,deposit,online,Tokyo,atm,False
22.31,transfer,entertainment,Tokyo,mobile,False
187.27,deposit,entertainment,New York,atm,False
643.07,deposit,entertainment,Tokyo,mobile,False
22.21,transfer,online,Tokyo,mobile,False
13.8,transfer,online,Tokyo,atm,False
890.6,deposit,entertainment,Tokyo,atm,False
870.44,deposit,online,New York,atm,False
1049.24,deposit,entertainment,New York,mobile,False
716.24,deposit,entertainment,Tokyo,atm,False
738.9,deposit,entertainment,New York,mobile,False
20.51,transfer,online,New York,atm,False
8.25,transfer,entertainment,New York,atm,False
1191.85,deposit,entertainment,Tokyo,atm,False
739.03,deposit,entertainment,New York,atm,False
1347.8,deposit,online,New York,atm,False
217.46,deposit,entertainment,Tokyo,atm,False
15.68,transfer,online,Tokyo,mobile,False
1068.88,deposit,online,New York,atm,False
0.01,deposit,online,Tokyo,mobile,False
20.89,transfer,online,Tokyo,mobile,True
1260.03,deposit,entertainment,Tokyo,mobile,False
1969.72,deposit,online,New York,mobile,False
10.14,transfer,entertainment,Tokyo,atm,False
15.21,transfer,online,Tokyo,mobile,False
5.81,transfer,online,Tokyo,mobile,False
42.39,transfer,online,New York,mobile,False
34.66,transfer,online,New York,mobile,False
834.78,deposit,entertainment,Tokyo,mobile,False
0.01,deposit,entertainment,Tokyo,atm,False
579.33,deposit,online,Tokyo,atm,False
18.04,transfer,entertainment,New York,mobile,False
20.93,transfer,entertainment,New York,atm,False
13,transfer,entertainment,New York,mobile,False
1845.83,deposit,online,Tokyo,atm,False
1322.62,deposit,entertainment,Tokyo,atm,False
22.84,transfer,entertainment,New York,mobile,False
7.58,transfer,entertainment,New York,mobile,False
13.66,transfer,entertainment,Tokyo,atm,False
755.12,deposit,online,Tokyo,atm,False
68.44,transfer,online,New York,atm,False
21.7,transfer,online,Tokyo,mobile,False
175.84,deposit,online,Tokyo,atm,False
1291.92,deposit,online,New York,atm,False
14.55,transfer,entertainment,New York,mobile,False
1343.05,deposit,online,New York,mobile,False
1897.49,deposit,online,New York,atm,False
956.12,deposit,entertainment,Tokyo,atm,False
23.64,transfer,online,Tokyo,atm,False
32.59,transfer,online,Tokyo,mobile,False
854.73,deposit,entertainment,Tokyo,mobile,False
223.41,deposit,online,Tokyo,mobile,False
467.91,deposit,online,Tokyo,atm,False
1065.2,deposit,entertainment,New York,atm,False
1461.55,deposit,entertainment,New York,mobile,False
27.09,transfer,online,New York,mobile,False
376.94,deposit,entertainment,Tokyo,mobile,False
63.71,transfer,entertainment,Tokyo,mobile,False
0.01,deposit,online,New York,mobile,False
15.75,transfer,entertainment,New York,atm,False
1528.81,deposit,entertainment,Tokyo,atm,False
71.82,transfer,entertainment,Tokyo,atm,False
533.72,deposit,online,New York,mobile,False
945.61,deposit,online,Tokyo,atm,False
743.44,deposit,online,New York,atm,False
1086.44,deposit,entertainment,New York,mobile,False
1608.45,deposit,entertainment,New York,atm,False
637.52,deposit,online,New York,mobile,False
8.64,transfer,entertainment,New York,mobile,False
750.82,deposit,online,New York,mobile,False
8.86,transfer,online,New York,mobile,False
1383.77,deposit,entertainment,Tokyo,atm,False
13.49,transfer,online,New York,mobile,False
28.53,transfer,entertainment,New York,atm,False
1614.89,deposit,online,New York,mobile,False
1180.49,deposit,entertainment,Tokyo,atm,False
17.86,transfer,entertainment,Tokyo,atm,False
625.92,deposit,entertainment,Tokyo,atm,False
1090.74,deposit,entertainment,New York,atm,False
565.4,deposit,online,Tokyo,mobile,False
16.83,transfer,entertainment,New York,atm,False
1818.77,deposit,online,Tokyo,mobile,False
0.01,deposit,entertainment,Tokyo,atm,False
149.96,deposit,entertainment,New York,atm,False
45.59,transfer,entertainment,New York,atm,False
6.94,transfer,online,New York,atm,False
1714.18,deposit,entertainment,New York,mobile,False
11.91,transfer,online,New York,mobile,False
33.19,transfer,online,Tokyo,atm,False
30.94,transfer,online,Tokyo,atm,False
25.86,transfer,online,Tokyo,mobile,False
1096.22,deposit,entertainment,Tokyo,mobile,False
445.8,deposit,entertainment,New York,atm,False
190.3,deposit,entertainment,Tokyo,atm,False
1852.91,deposit,entertainment,New York,mobile,False
17.23,transfer,online,New York,mobile,False
14.09,transfer,entertainment,Tokyo,atm,False
1347.96,deposit,online,New York,mobile,False
1239.84,deposit,entertainment,New York,atm,False
26.45,transfer,entertainment,Tokyo,atm,False
26.75,transfer,online,New York,mobile,False
40.07,transfer,online,New York,mobile,False
1534.84,deposit,online,Tokyo,atm,False
26.23,transfer,online,New York,mobile,False
26.47,transfer,entertainment,New York,mobile,False
1457.45,deposit,entertainment,New York,atm,False
790.61,deposit,online,New York,mobile,False
844.93,deposit,entertainment,Tokyo,atm,False
1993.46,deposit,online,New York,atm,False
561.07,deposit,entertainment,Tokyo,atm,False
19.92,transfer,entertainment,New York,mobile,False
27.2,transfer,online,Tokyo,mobile,False
878.96,deposit,entertainment,Tokyo,atm,False
782.48,deposit,online,Tokyo,mobile,False
1219.72,deposit,online,Tokyo,mobile,False
1226.49,deposit,entertainment,New York,atm,False
33.11,transfer,online,Tokyo,atm,False
412.79,deposit,online,New York,mobile,False
35.44,transfer,online,New York,atm,False
1305.16,deposit,online,New York,atm,False
1214.31,deposit,entertainment,New York,mobile,False
16.51,transfer,entertainment,Tokyo,atm,False
585.15,deposit,online,Tokyo,atm,False
74.8,transfer,entertainment,Tokyo,mobile,False
7.73,transfer,online,New York,mobile,False
1574.94,deposit,online,Tokyo,mobile,False
18.92,transfer,entertainment,Tokyo,atm,False
14.99,transfer,entertainment,New York,atm,False
24.63,transfer,online,Tokyo,atm,False
5.95,transfer,online,Tokyo,atm,False
48.11,transfer,entertainment,New York,mobile,False
1339.52,deposit,entertainment,New York,mobile,False
23.38,transfer,online,Tokyo,atm,False
11.96,transfer,entertainment,Tokyo,atm,False
1267.6,deposit,online,Tokyo,atm,False
910.15,deposit,online,Tokyo,mobile,False
34.09,transfer,online,Tokyo,mobile,False
1442.8,deposit,entertainment,New York,atm,False
10.9,transfer,online,New York,mobile,False
637.41,deposit,online,Tokyo,atm,False
15.19,transfer,entertainment,Tokyo,atm,False
978.51,deposit,online,Tokyo,mobile,False
14.77,transfer,entertainment,New York,mobile,False
10.71,transfer,entertainment,New York,atm,False
1171.74,deposit,online,New York,mobile,False
1167.27,deposit,entertainment,New York,atm,False
1096.51,deposit,entertainment,Tokyo,atm,False
12.09,transfer,entertainment,New York,mobile,False
22.76,transfer,online,New York,atm,False
22.16,transfer,online,Tokyo,atm,False
2.41,transfer,entertainment,Tokyo,mobile,False
26.72,transfer,entertainment,Tokyo,mobile,False
19.68,transfer,online,Tokyo,mobile,False
920.45,deposit,entertainment,Tokyo,atm,False
37.1,transfer,entertainment,New York,mobile,False
1140.02,deposit,online,New York,mobile,False
30.51,transfer,entertainment,New York,atm,False
7.8,transfer,online,Tokyo,atm,False
912.11,deposit,entertainment,New York,mobile,False
6.87,transfer,entertainment,New York,atm,False
18.02,transfer,online,Tokyo,mobile,False
14.6,transfer,entertainment,New York,mobile,False
805.21,deposit,entertainment,New York,atm,False
1316.4,deposit,entertainment,Tokyo,atm,False
867.76,deposit,online,New York,atm,False
29.84,transfer,entertainment,Tokyo,mobile,False
14.62,transfer,online,Tokyo,mobile,False
23.03,transfer,entertainment,Tokyo,atm,False
1524.98,deposit,online,New York,atm,False
27.76,transfer,online,New York,atm,False
1058.58,deposit,online,New York,atm,False
1662.96,deposit,online,New York,mobile,False
1315.48,deposit,entertainment,Tokyo,mobile,False
8.12,transfer,online,New York,atm,False
1393.89,deposit,entertainment,Tokyo,atm,False
1690.08,deposit,entertainment,New York,atm,False
1710.15,deposit,online,New York,mobile,False
1247.22,deposit,online,New York,mobile,False
4.63,transfer,entertainment,Tokyo,mobile,False
86.82,transfer,online,New York,mobile,False
36.4,transfer,online,Tokyo,atm,False
1621.35,deposit,entertainment,Tokyo,atm,False
8.19,transfer,entertainment,New York,atm,False
717.01,deposit,entertainment,New York,mobile,False
16.03,transfer,online,Tokyo,atm,False
8.66,transfer,entertainment,Tokyo,atm,False
0.01,deposit,online,New York,mobile,False
16.52,transfer,entertainment,Tokyo,atm,False
15.51,transfer,entertainment,New York,mobile,False
16.37,transfer,entertainment,New York,atm,False
538.05,deposit,online,Tokyo,atm,False
15.71,transfer,online,Tokyo,mobile,False
16.13,transfer,online,New York,mobile,False
1227.61,deposit,entertainment,Tokyo,atm,False
1993.23,deposit,entertainment,Tokyo,atm,False
29.41,transfer,online,New York,mobile,False
29.18,transfer,online,New York,mobile,False
21.03,transfer,entertainment,New York,atm,False
105.74,deposit,online,New York,mobile,False
11.96,transfer,online,Tokyo,mobile,False
9.77,transfer,online,New York,mobile,False
844.91,deposit,entertainment,New York,atm,False
10.05,transfer,online,New York,atm,False
846.78,deposit,online,Tokyo,atm,False
1576.57,deposit,online,New York,mobile,False
26.75,transfer,entertainment,New York,atm,False
361.14,deposit,entertainment,New York,atm,False
31.02,transfer,online,Tokyo,mobile,False
13.33,transfer,entertainment,Tokyo,mobile,False
781.05,deposit,entertainment,New York,atm,False
23.23,transfer,online,Tokyo,atm,False
17.56,transfer,entertainment,New York,mobile,False
2107.17,deposit,entertainment,Tokyo,atm,False
1144.69,deposit,online,New York,mobile,False
1350.26,deposit,entertainment,New York,mobile,False
1582.29,deposit,online,New York,atm,False
1927.65,deposit,entertainment,Tokyo,mobile,False
573.01,deposit,entertainment,Tokyo,mobile,False
630.67,deposit,entertainment,Tokyo,mobile,False
3.69,transfer,entertainment,Tokyo,atm,False
16.33,transfer,online,Tokyo,mobile,False
35.91,transfer,online,Tokyo,mobile,False
245.28,deposit,entertainment,New York,mobile,False
9.49,transfer,online,New York,mobile,False
71.24,transfer,entertainment,Tokyo,mobile,False
14.44,transfer,online,Tokyo,atm,False
14.41,transfer,online,Tokyo,atm,False
21.99,transfer,online,Tokyo,mobile,False
1712.17,deposit,online,New York,mobile,False
1302.59,deposit,online,New York,mobile,False
15,transfer,online,New York,atm,False
15.98,transfer,entertainment,Tokyo,atm,False
686.27,deposit,online,Tokyo,mobile,False
31.26,transfer,entertainment,Tokyo,mobile,False
1068.72,deposit,entertainment,Tokyo,atm,False
29.05,transfer,entertainment,Tokyo,atm,False
1320.12,deposit,entertainment,New York,mobile,False
1451.59,deposit,entertainment,Tokyo,atm,False
2092.34,deposit,online,New York,mobile,False
827.97,deposit,online,New York,mobile,False
955.08,deposit,online,Tokyo,atm,False
1671.33,deposit,entertainment,Tokyo,mobile,False
456.37,deposit,online,New York,mobile,False
640.38,deposit,entertainment,Tokyo,mobile,False
11.17,transfer,online,Tokyo,mobile,False
1360.41,deposit,online,New York,atm,False
1946.16,deposit,online,New York,mobile,False
14.6,transfer,online,New York,atm,False
31.38,transfer,entertainment,New York,atm,False
59.33,transfer,entertainment,New York,mobile,False
28.24,transfer,entertainment,Tokyo,atm,False
60.2,transfer,online,New York,mobile,False
1446.67,deposit,entertainment,New York,mobile,False
70.03,transfer,online,Tokyo,atm,False
28.56,transfer,entertainment,New York,mobile,False
11.15,transfer,online,Tokyo,atm,False
24.91,transfer,entertainment,Tokyo,mobile,False
806.31,deposit,entertainment,New York,mobile,False
10.36,transfer,online,Tokyo,atm,False
1169.99,deposit,online,Tokyo,mobile,False
17.57,transfer,online,Tokyo,atm,False
277.71,deposit,entertainment,Tokyo,atm,False
1124.08,deposit,entertainment,Tokyo,mobile,False
25.73,transfer,online,New York,atm,False
2281.2,deposit,entertainment,New York,atm,False
347.68,deposit,entertainment,New York,atm,False
118.08,deposit,entertainment,Tokyo,mobile,False
21.05,transfer,online,New York,mobile,False
9.56,transfer,entertainment,New York,mobile,False
16.78,transfer,online,Tokyo,atm,False
1056.06,deposit,online,Tokyo,mobile,False
171.78,transfer,online,Tokyo,mobile,False
1185.65,deposit,online,New York,mobile,False
595.73,deposit,entertainment,New York,atm,False
28.65,transfer,online,New York,mobile,False
18.57,transfer,entertainment,Tokyo,mobile,False
18.48,transfer,online,New York,mobile,False
49.25,transfer,online,Tokyo,atm,False
1410.97,deposit,entertainment,New York,atm,False
16.27,transfer,entertainment,Tokyo,mobile,False
1956.85,deposit,online,New York,mobile,False
43.86,transfer,entertainment,Tokyo,atm,False
5.28,transfer,online,New York,atm,False
559.51,deposit,entertainment,Tokyo,atm,False
943.95,deposit,entertainment,Tokyo,atm,False
22.36,transfer,online,New York,atm,False
1042.19,deposit,entertainment,Tokyo,mobile,False
6.21,transfer,online,Tokyo,mobile,False
828.95,deposit,entertainment,New York,atm,False
1319.37,deposit,entertainment,Tokyo,atm,False
713.22,deposit,entertainment,New York,atm,False
12.09,transfer,entertainment,New York,mobile,False
570.55,deposit,online,Tokyo,atm,False
21.56,transfer,online,New York,atm,False
1197.26,deposit,entertainment,Tokyo,atm,False
73.56,transfer,entertainment,Tokyo,atm,False
1199.14,deposit,entertainment,Tokyo,mobile,False
1159.19,deposit,online,Tokyo,atm,False
7.08,transfer,online,New York,mobile,False
36.75,transfer,entertainment,New York,mobile,False
1589.49,deposit,entertainment,New York,atm,False
30.04,transfer,online,Tokyo,mobile,False
1277.63,deposit,entertainment,Tokyo,atm,False
25.14,transfer,entertainment,Tokyo,atm,False
996.97,deposit,entertainment,Tokyo,atm,False
1555.34,deposit,online,Tokyo,atm,False
1054.46,deposit,online,Tokyo,atm,False
867.8,deposit,online,New York,atm,False
20.53,transfer,online,New York,mobile,False
518.32,deposit,entertainment,Tokyo,mobile,False
1712.68,deposit,entertainment,New York,mobile,False
1011.84,deposit,entertainment,Tokyo,mobile,False
41.2,transfer,entertainment,New York,atm,False
20.56,transfer,online,New York,atm,False
1088.99,deposit,entertainment,New York,mobile,False
1385.67,deposit,online,New York,atm,False
1623.35,deposit,online,Tokyo,mobile,False
4.41,transfer,online,Tokyo,mobile,False
1381.46,deposit,online,Tokyo,mobile,False
7.36,transfer,online,Tokyo,mobile,False
55.63,transfer,entertainment,New York,mobile,False
8.17,transfer,online,New York,mobile,False
257.38,deposit,online,New York,mobile,False
0.01,deposit,online,Tokyo,mobile,False
10.3,transfer,entertainment,New York,atm,False
15.16,transfer,entertainment,New York,mobile,False
359.75,deposit,entertainment,New York,mobile,False
8.29,transfer,online,Tokyo,mobile,False
14.58,transfer,online,New York,atm,False
39.99,transfer,online,Tokyo,atm,False
1195.57,deposit,online,Tokyo,mobile,False
14.51,transfer,entertainment,New York,mobile,False
24.23,transfer,entertainment,New York,mobile,False
28.38,transfer,entertainment,Tokyo,mobile,False
26.36,transfer,entertainment,New York,mobile,False
1071.92,deposit,online,Tokyo,mobile,False
897.71,deposit,entertainment,Tokyo,atm,False
464.51,deposit,entertainment,New York,atm,False
1774.87,deposit,entertainment,Tokyo,mobile,False
39.18,transfer,online,Tokyo,mobile,False
1128.42,deposit,entertainment,Tokyo,atm,False
1292.18,deposit,entertainment,Tokyo,mobile,False
14.49,transfer,entertainment,New York,atm,False
76.9,transfer,online,Tokyo,mobile,False
90.38,deposit,entertainment,Tokyo,mobile,False
4.19,transfer,online,New York,mobile,False
1244.1,deposit,online,Tokyo,atm,False
1137.9,deposit,online,New York,mobile,False
1002.23,deposit,entertainment,New York,atm,False
430.21,deposit,entertainment,New York,mobile,False
23.3,transfer,online,New York,mobile,False
1274.96,deposit,online,Tokyo,atm,False
3.2,transfer,entertainment,Tokyo,atm,False
1410.84,deposit,online,New York,atm,False
6.14,transfer,entertainment,New York,atm,False
0.01,deposit,online,Tokyo,atm,False
1363.25,deposit,entertainment,New York,mobile,False
609.11,deposit,online,New York,atm,False
35.6,transfer,entertainment,Tokyo,atm,False
1364.06,deposit,online,Tokyo,mobile,False
1494.43,deposit,online,New York,mobile,False
18.07,transfer,entertainment,New York,atm,False
46.09,transfer,online,New York,mobile,False
11.61,transfer,entertainment,New York,atm,False
900.73,deposit,entertainment,New York,atm,False
46.53,transfer,online,Tokyo,atm,False
1749.34,deposit,online,Tokyo,atm,False
1638.04,deposit,online,Tokyo,atm,False
1090.99,deposit,online,New York,mobile,False
658.98,deposit,online,Tokyo,mobile,False
1064.1,deposit,entertainment,New York,atm,False
1023.39,deposit,online,Tokyo,atm,False
35,transfer,online,Tokyo,atm,False
505.7,deposit,entertainment,New York,mobile,False
1264.64,deposit,online,New York,mobile,False
56.73,transfer,entertainment,New York,atm,False
85.29,transfer,entertainment,New York,mobile,False
13.9,transfer,entertainment,New York,atm,False
859.38,deposit,entertainment,Tokyo,atm,False
1405.41,deposit,entertainment,Tokyo,atm,False
42.97,transfer,online,New York,mobile,False
1224.65,deposit,online,New York,atm,False
18.04,transfer,online,New York,mobile,False
1091.02,deposit,entertainment,New York,mobile,False
35.13,transfer,entertainment,Tokyo,atm,False
24.03,transfer,entertainment,Tokyo,mobile,False
232.15,deposit,online,New York,mobile,False
49.98,transfer,online,New York,atm,False
6.65,transfer,online,Tokyo,mobile,False
12.58,transfer,online,Tokyo,atm,False
13.02,transfer,online,Tokyo,mobile,False
1882.69,deposit,online,New York,atm,False
1166.25,deposit,online,Tokyo,mobile,False
6.87,transfer,online,Tokyo,atm,False
2319.55,deposit,online,Tokyo,atm,False
1630.31,deposit,online,Tokyo,mobile,False
11.04,transfer,entertainment,New York,mobile,False
1519.83,deposit,entertainment,New York,atm,False
1178.7,deposit,entertainment,New York,mobile,False
45.74,transfer,entertainment,New York,mobile,False
42.79,transfer,online,New York,atm,False
1120.31,deposit,online,New York,mobile,False
15.83,transfer,entertainment,New York,mobile,False
1446.01,deposit,online,Tokyo,mobile,False
5.79,transfer,entertainment,Tokyo,atm,False
12.22,transfer,online,Tokyo,mobile,False
1020.51,deposit,entertainment,New York,mobile,False
14.71,transfer,entertainment,New York,atm,False
1359.63,deposit,online,New York,mobile,False
494.69,deposit,entertainment,New York,mobile,False
48.7,transfer,online,Tokyo,mobile,False
1378.89,deposit,entertainment,Tokyo,atm,False
606.78,deposit,entertainment,New York,mobile,False
13.59,transfer,entertainment,New York,atm,False
14.57,transfer,online,Tokyo,mobile,False
11.86,transfer,entertainment,New York,mobile,False
45.3,transfer,online,Tokyo,atm,False
956.14,deposit,online,New York,mobile,False
6.06,transfer,entertainment,New York,atm,False
4.23,transfer,online,Tokyo,atm,False
1190.5,deposit,entertainment,Tokyo,atm,False
1254.59,deposit,entertainment,Tokyo,mobile,False
38.01,transfer,entertainment,Tokyo,atm,False
644.35,deposit,online,New York,mobile,False
1187.21,deposit,online,New York,mobile,False
868.24,deposit,online,Tokyo,mobile,False
10.36,transfer,online,New York,mobile,False
5.86,transfer,entertainment,New York,atm,False
495.17,deposit,entertainment,New York,atm,False
8.32,transfer,online,New York,atm,False
38.44,transfer,online,New York,mobile,False
223.32,deposit,online,New York,atm,False
18.49,transfer,online,Tokyo,mobile,False
25.91,transfer,online,New York,atm,False
9.37,transfer,entertainment,Tokyo,atm,False
42.92,transfer,online,New York,mobile,False
22.6,transfer,online,New York,mobile,False
1685.42,deposit,entertainment,New York,atm,False
35.56,transfer,online,New York,atm,False
530.36,deposit,entertainment,Tokyo,atm,False
709.57,deposit,online,New York,mobile,False
31.35,transfer,online,New York,mobile,False
10.5,transfer,entertainment,New York,atm,False
445.95,deposit,online,New York,mobile,False
20.88,transfer,online,New York,atm,False
32.22,transfer,entertainment,Tokyo,atm,False
385.33,deposit,entertainment,Tokyo,atm,False
1411.97,deposit,online,Tokyo,atm,False
637.81,deposit,online,Tokyo,atm,False
244.07,deposit,entertainment,New York,mobile,False
295.41,deposit,online,New York,mobile,False
20.9,transfer,online,Tokyo,mobile,False
1055.5,deposit,online,Tokyo,mobile,False
997.14,deposit,entertainment,Tokyo,mobile,False
6.64,transfer,online,New York,mobile,False
997.76,deposit,online,Tokyo,mobile,False
1351.78,deposit,online,New York,atm,False
432.26,deposit,entertainment,Tokyo,mobile,False
1213.76,deposit,online,New York,mobile,False
23.74,transfer,online,New York,mobile,False
821.2,deposit,entertainment,New York,atm,False
1202.07,deposit,entertainment,New York,mobile,False
13.89,transfer,entertainment,New York,atm,False
1689.61,deposit,entertainment,Tokyo,atm,False
922.69,deposit,online,New York,mobile,False
16.25,transfer,online,Tokyo,atm,False
37.93,transfer,entertainment,New York,mobile,False
852.83,deposit,online,New York,mobile,False
20.07,transfer,online,Tokyo,atm,False
17.81,transfer,online,New York,mobile,False
5.04,transfer,entertainment,Tokyo,atm,False
27.79,transfer,entertainment,Tokyo,mobile,False
9.06,transfer,online,New York,mobile,False
5.68,transfer,online,New York,mobile,False
24.28,transfer,entertainment,New York,mobile,False
1772.98,deposit,entertainment,Tokyo,mobile,False
1959.39,deposit,entertainment,New York,mobile,False
32.55,transfer,entertainment,Tokyo,mobile,False
20.95,transfer,entertainment,New York,atm,False
13.08,transfer,entertainment,Tokyo,mobile,False
23.57,transfer,entertainment,New York,atm,False
710.04,deposit,entertainment,New York,atm,False
57.08,transfer,entertainment,New York,mobile,False
95.77,deposit,entertainment,Tokyo,mobile,False
19.97,transfer,entertainment,Tokyo,atm,False
29.2,transfer,online,New York,atm,False
17.31,transfer,entertainment,New York,atm,False
8.29,transfer,online,Tokyo,mobile,False
1131.79,deposit,online,New York,atm,False
767.88,deposit,online,Tokyo,mobile,False
10.61,transfer,online,New York,atm,False
1082.19,deposit,online,New York,atm,False
9.48,transfer,online,New York,mobile,False
30.74,transfer,online,Tokyo,mobile,False
1341.2,deposit,entertainment,Tokyo,mobile,False
267.97,deposit,entertainment,New York,mobile,False
80.14,transfer,online,Tokyo,atm,False
11.06,transfer,online,New York,mobile,False
117.79,transfer,entertainment,New York,atm,False
7.79,transfer,online,New York,atm,False
25.46,transfer,online,Tokyo,mobile,False
13.06,transfer,entertainment,Tokyo,atm,False
41.76,transfer,entertainment,Tokyo,mobile,False
1295.77,deposit,entertainment,Tokyo,mobile,False
1756.76,deposit,entertainment,New York,atm,False
17.13,transfer,online,Tokyo,mobile,False
924.63,deposit,entertainment,New York,mobile,False
16.4,transfer,entertainment,Tokyo,atm,False
9.13,transfer,entertainment,New York,atm,False
7.16,transfer,entertainment,Tokyo,mobile,False
95.06,deposit,online,Tokyo,atm,False
2.98,transfer,entertainment,Tokyo,mobile,False
1041.88,deposit,entertainment,New York,atm,False
13,transfer,entertainment,New York,mobile,False
1158.97,deposit,online,Tokyo,mobile,False
37.84,transfer,online,New York,mobile,False
33.41,transfer,online,New York,atm,False
446.15,deposit,entertainment,New York,atm,False
827.81,deposit,online,New York,atm,False
15.17,transfer,entertainment,Tokyo,atm,False
1023,deposit,entertainment,Tokyo,atm,False
7.46,transfer,entertainment,Tokyo,atm,False
44.12,transfer,entertainment,Tokyo,mobile,False
12.57,transfer,entertainment,Tokyo,mobile,False
8.97,transfer,online,New York,atm,False
24.8,transfer,entertainment,Tokyo,mobile,False
10.36,transfer,online,Tokyo,atm,False
1193.28,deposit,entertainment,Tokyo,mobile,False
44.72,transfer,entertainment,New York,mobile,False
445.21,deposit,entertainment,Tokyo,atm,False
736.11,deposit,entertainment,New York,mobile,False
11.32,transfer,online,Tokyo,mobile,False
12.06,transfer,entertainment,Tokyo,atm,False
49.88,transfer,online,New York,atm,False
0.01,deposit,entertainment,New York,atm,False
1841,deposit,online,New York,atm,False
6.84,transfer,entertainment,Tokyo,atm,False
9.8,transfer,entertainment,New York,atm,False
36.44,transfer,entertainment,New York,mobile,False
26.4,transfer,online,Tokyo,mobile,False
12.53,transfer,entertainment,Tokyo,atm,False
1370.81,deposit,online,New York,mobile,False
24.2,transfer,online,Tokyo,atm,False
18.91,transfer,entertainment,Tokyo,atm,False
14.5,transfer,online,Tokyo,atm,False
5.37,transfer,online,New York,mobile,False
36.02,transfer,online,Tokyo,atm,False
23.24,transfer,entertainment,New York,mobile,False
1664.05,deposit,entertainment,Tokyo,atm,False
62.54,transfer,online,New York,mobile,False
1051.84,deposit,online,Tokyo,mobile,False
35.75,transfer,entertainment,New York,atm,False
13.23,transfer,entertainment,Tokyo,mobile,False
58.2,transfer,entertainment,Tokyo,atm,False
13.28,transfer,entertainment,New York,atm,False
24.53,transfer,entertainment,New York,atm,False
358.77,deposit,entertainment,Tokyo,mobile,False
1580.95,deposit,online,New York,atm,False
18.05,transfer,online,Tokyo,atm,False
1383.45,deposit,entertainment,New York,atm,False
73.57,transfer,entertainment,Tokyo,atm,False
15.99,transfer,online,Tokyo,mobile,True
74.92,transfer,entertainment,Tokyo,mobile,False
11.36,transfer,entertainment,Tokyo,atm,False
758.33,deposit,entertainment,New York,atm,False
652.88,deposit,entertainment,New York,mobile,False
1298.3,deposit,online,Tokyo,atm,False
4.58,transfer,online,New York,atm,False
10.87,transfer,entertainment,New York,atm,False
1562.56,deposit,entertainment,New York,mobile,False
971.01,deposit,online,Tokyo,atm,False
6.61,transfer,online,New York,mobile,False
10.6,transfer,online,New York,mobile,False
526.91,deposit,online,New York,mobile,False
2138.53,deposit,online,New York,mobile,False
1448.24,deposit,online,Tokyo,mobile,False
723.48,deposit,entertainment,New York,mobile,False
2002.7,deposit,online,Tokyo,atm,False
12.07,transfer,entertainment,Tokyo,mobile,False
18.14,transfer,entertainment,Tokyo,mobile,False
22.8,transfer,online,Tokyo,mobile,True
18.52,transfer,online,Tokyo,atm,False
40.94,transfer,online,New York,atm,False
2196.87,deposit,entertainment,New York,mobile,False
1611.09,deposit,entertainment,Tokyo,mobile,False
1346.7,deposit,entertainment,Tokyo,mobile,False
5.53,transfer,entertainment,Tokyo,atm,False
561.95,deposit,entertainment,Tokyo,mobile,False
5.48,transfer,entertainment,New York,mobile,False
29.26,transfer,entertainment,Tokyo,mobile,False
1205.28,deposit,entertainment,Tokyo,atm,False
10.94,transfer,entertainment,New York,atm,False
1273.31,deposit,online,Tokyo,mobile,False
888.89,deposit,online,New York,mobile,False
1228.39,deposit,online,Tokyo,mobile,False
10.14,transfer,online,Tokyo,mobile,False
52.46,transfer,entertainment,Tokyo,atm,False
17.2,transfer,online,New York,mobile,False
24.31,transfer,online,Tokyo,atm,False
1957.79,deposit,online,New York,atm,False
77.5,transfer,entertainment,Tokyo,atm,False
955.59,deposit,online,New York,mobile,False
23.61,transfer,entertainment,New York,atm,False
1041.19,deposit,online,New York,atm,False
7.18,transfer,entertainment,Tokyo,mobile,False
30.96,transfer,entertainment,New York,atm,False
26.08,transfer,entertainment,Tokyo,atm,False
1813.59,deposit,online,Tokyo,atm,False
7.41,transfer,online,Tokyo,mobile,False
64.37,transfer,online,New York,mobile,False
1503.33,deposit,online,New York,mobile,False
28.46,transfer,entertainment,New York,mobile,False
24.02,transfer,online,New York,atm,False
849.05,deposit,online,New York,atm,False
41.96,transfer,entertainment,New York,atm,False
1149.93,deposit,entertainment,Tokyo,atm,False
54.2,transfer,online,Tokyo,atm,False
95.7,transfer,online,Tokyo,mobile,False
16.92,transfer,entertainment,New York,atm,False
6.03,transfer,entertainment,Tokyo,mobile,False
18.51,transfer,entertainment,New York,mobile,False
1407.86,deposit,online,Tokyo,mobile,False
10.21,transfer,entertainment,Tokyo,atm,False
9.32,transfer,entertainment,New York,atm,False
974.04,deposit,entertainment,New York,mobile,False
1288.38,deposit,online,New York,mobile,False
1137.38,deposit,online,New York,mobile,False
1107.81,deposit,online,Tokyo,atm,False
10.21,transfer,online,Tokyo,atm,False
746.44,deposit,online,Tokyo,mobile,False
1106.83,deposit,entertainment,New York,mobile,False
37.04,transfer,online,Tokyo,atm,False
1609.72,deposit,online,New York,mobile,False
1044.97,deposit,entertainment,New York,atm,False
69.75,transfer,entertainment,Tokyo,mobile,False
582.21,deposit,entertainment,Tokyo,mobile,False
1028.91,deposit,entertainment,New York,mobile,False
1402.84,deposit,online,Tokyo,mobile,False
14.87,transfer,entertainment,New York,atm,False
790.94,deposit,online,Tokyo,atm,False
25.51,transfer,entertainment,New York,atm,False
44.1,transfer,online,Tokyo,atm,False
8.91,transfer,online,New York,mobile,False
90.09,transfer,entertainment,New York,mobile,False
232.32,deposit,online,Tokyo,mobile,False
647.41,deposit,online,New York,mobile,False
49.03,transfer,entertainment,New York,atm,False
6.58,transfer,online,Tokyo,atm,False
391.91,deposit,entertainment,New York,atm,False
10.86,transfer,online,New York,atm,False
6.21,transfer,online,Tokyo,atm,False
991.16,deposit,entertainment,New York,mobile,False
15.57,transfer,online,Tokyo,atm,False
26.91,transfer,entertainment,New York,mobile,False
4.56,transfer,entertainment,Tokyo,mobile,False
55.11,transfer,entertainment,Tokyo,atm,False
1675.81,deposit,entertainment,Tokyo,mobile,False
1614.13,deposit,online,New York,atm,False
31.62,transfer,entertainment,New York,atm,False
26.56,transfer,online,Tokyo,atm,False
9.57,transfer,online,New York,atm,False
1129.4,deposit,online,Tokyo,atm,False
33.9,transfer,entertainment,Tokyo,atm,False
15.11,transfer,online,Tokyo,atm,False
21.89,transfer,online,New York,mobile,False
23.65,transfer,online,Tokyo,atm,False
36.55,transfer,online,Tokyo,atm,False
7.29,transfer,entertainment,New York,mobile,False
34.87,transfer,online,New York,mobile,False
615.97,deposit,entertainment,New York,mobile,False
973.73,deposit,entertainment,New York,mobile,False
421.74,deposit,entertainment,Tokyo,mobile,False
16.02,transfer,entertainment,Tokyo,mobile,False
23.3,transfer,entertainment,New York,atm,False
129.22,deposit,online,Tokyo,atm,False
1779.16,deposit,entertainment,Tokyo,mobile,False
2118.49,deposit,online,Tokyo,mobile,False
1326.08,deposit,entertainment,New York,mobile,False
19.85,transfer,entertainment,New York,atm,False
1060.88,deposit,entertainment,New York,atm,False
34.06,transfer,online,New York,atm,False
27.55,transfer,entertainment,New York,mobile,False
11.69,transfer,online,New York,mobile,False
1420.6,deposit,entertainment,New York,atm,False
1084.32,deposit,online,New York,atm,False
1224.78,deposit,entertainment,Tokyo,mobile,False
1180.74,deposit,online,Tokyo,mobile,False
10.02,transfer,entertainment,New York,mobile,False
13.42,transfer,entertainment,New York,mobile,False
23.71,transfer,online,New York,mobile,False
1577.32,deposit,online,New York,atm,False
716.16,deposit,entertainment,New York,mobile,False
1247.49,deposit,entertainment,Tokyo,atm,False
32.19,transfer,online,Tokyo,mobile,False
1331.69,deposit,entertainment,New York,atm,False
35.97,transfer,online,New York,atm,False
21.43,transfer,online,New York,atm,False
65.59,deposit,entertainment,New York,atm,False
47.87,transfer,entertainment,Tokyo,mobile,False
55.43,transfer,entertainment,New York,mobile,False
96.82,transfer,entertainment,New York,atm,False
1341.54,deposit,entertainment,New York,atm,False
418.1,deposit,entertainment,Tokyo,mobile,False
1702.93,deposit,online,New York,atm,False
1240.18,deposit,entertainment,New York,mobile,False
13.62,transfer,online,Tokyo,atm,False
776.27,deposit,online,New York,atm,True
73.79,transfer,entertainment,Tokyo,atm,False
958.64,deposit,online,New York,atm,False
19.61,transfer,online,Tokyo,mobile,False
917.46,deposit,online,Tokyo,mobile,False
14.64,transfer,online,Tokyo,atm,False
933.77,deposit,online,New York,mobile,False
441.7,deposit,entertainment,New York,mobile,False
716.42,deposit,online,Tokyo,mobile,False
1423.31,deposit,online,New York,mobile,False
11.68,transfer,entertainment,New York,atm,False
1581.81,deposit,entertainment,New York,mobile,False
13.1,transfer,online,New York,mobile,False
1224.14,deposit,online,Tokyo,atm,False
833.74,deposit,online,New York,atm,False
10.59,transfer,online,New York,mobile,False
8.09,transfer,entertainment,New York,mobile,False
7.8,transfer,entertainment,Tokyo,atm,False
7.07,transfer,entertainment,New York,mobile,False
15.9,transfer,entertainment,New York,atm,False
26.93,transfer,entertainment,Tokyo,atm,False
744.28,deposit,entertainment,New York,mobile,False
998.98,deposit,entertainment,Tokyo,atm,False
9.53,transfer,entertainment,Tokyo,atm,False
22.08,transfer,online,New York,atm,False
626.51,deposit,entertainment,New York,mobile,False
1971.93,deposit,entertainment,Tokyo,mobile,False
13.01,transfer,entertainment,New York,mobile,False
16.1,transfer,entertainment,New York,atm,False
14.49,transfer,entertainment,New York,atm,False
0.01,deposit,online,Tokyo,atm,False
17.33,transfer,entertainment,New York,atm,False
1017.11,deposit,entertainment,New York,atm,False
1080.25,deposit,online,Tokyo,atm,False
17.43,transfer,online,New York,atm,False
1181.38,deposit,online,Tokyo,mobile,False
710.29,deposit,online,Tokyo,atm,False
10.23,transfer,online,New York,atm,False
42.02,transfer,entertainment,Tokyo,atm,False
1289.91,deposit,online,Tokyo,mobile,False
11.76,transfer,entertainment,Tokyo,mobile,False
6.57,transfer,entertainment,Tokyo,mobile,False
15.52,transfer,online,Tokyo,mobile,False
14.16,transfer,online,New York,mobile,False
47.57,transfer,online,Tokyo,atm,False
1674.77,deposit,online,Tokyo,atm,False
5.7,transfer,online,New York,atm,False
1150.17,deposit,entertainment,New York,mobile,False
806.41,deposit,entertainment,Tokyo,atm,False
16.96,transfer,entertainment,New York,mobile,False
945.97,deposit,online,New York,atm,False
33.17,transfer,online,Tokyo,mobile,False
14.06,transfer,online,New York,atm,False
17.74,deposit,online,New York,mobile,False
28.08,transfer,entertainment,New York,mobile,False
1315.97,deposit,online,New York,mobile,False
62.94,transfer,entertainment,New York,atm,False
1669.17,deposit,entertainment,Tokyo,mobile,False
1152.45,deposit,online,New York,mobile,False
471.28,deposit,online,New York,mobile,False
1581.87,deposit,entertainment,Tokyo,mobile,False
1139.54,deposit,online,Tokyo,atm,False
8.67,transfer,entertainment,New York,mobile,False
7.64,transfer,entertainment,Tokyo,mobile,False
23.67,transfer,online,New York,atm,False
24.08,transfer,online,Tokyo,atm,False
1636.09,deposit,online,Tokyo,atm,False
22.46,transfer,entertainment,New York,mobile,False
7.5,transfer,entertainment,Tokyo,mobile,False
23.86,transfer,entertainment,Tokyo,mobile,False
17.93,transfer,online,New York,atm,False
800.52,deposit,online,New York,atm,False
26.67,transfer,entertainment,Tokyo,atm,False
21.74,transfer,entertainment,New York,mobile,False
629.47,deposit,entertainment,Tokyo,mobile,False
8.4,transfer,entertainment,New York,atm,False
0.01,deposit,online,New York,atm,False
20.88,transfer,online,New York,atm,False
0.01,deposit,entertainment,Tokyo,atm,False
1260.02,deposit,online,New York,mobile,False
610.93,deposit,online,New York,mobile,True
858.14,deposit,entertainment,Tokyo,mobile,False
1328.97,deposit,entertainment,Tokyo,atm,False
1501.7,deposit,entertainment,Tokyo,atm,False
1291.2,deposit,online,Tokyo,atm,False
952.55,deposit,online,Tokyo,mobile,False
546.14,deposit,online,Tokyo,mobile,False
159.33,deposit,online,New York,atm,False
17.91,transfer,online,Tokyo,atm,False
360.38,deposit,entertainment,New York,atm,False
1082.18,deposit,entertainment,New York,mobile,False
1020.28,deposit,online,Tokyo,mobile,False
1014.16,deposit,entertainment,Tokyo,mobile,False
30.3,transfer,entertainment,Tokyo,mobile,False
23.85,transfer,online,New York,mobile,False
445.48,deposit,entertainment,Tokyo,mobile,False
29.65,transfer,online,Tokyo,atm,False
18.51,transfer,entertainment,New York,mobile,False
45.73,transfer,online,Tokyo,mobile,False
27.6,transfer,online,Tokyo,atm,False
3.54,transfer,online,New York,mobile,False
729.18,deposit,entertainment,New York,atm,False
40.26,transfer,entertainment,Tokyo,atm,False
1483.36,deposit,entertainment,Tokyo,mobile,False
35.85,transfer,entertainment,New York,atm,False
643.88,deposit,entertainment,New York,mobile,False
10.09,transfer,entertainment,New York,atm,False
28.3,transfer,online,New York,mobile,False
1225.61,deposit,entertainment,Tokyo,atm,False
1861.44,deposit,online,New York,atm,False
431.84,deposit,online,Tokyo,atm,False
11.95,transfer,online,New York,atm,False
644.69,deposit,online,Tokyo,mobile,False
498.4,deposit,entertainment,New York,atm,False
1077.47,deposit,online,New York,mobile,False
1185.29,deposit,online,New York,atm,False
512.62,deposit,online,Tokyo,atm,False
26.73,transfer,entertainment,New York,atm,False
257.88,deposit,entertainment,New York,atm,False
14.82,transfer,online,New York,atm,False
9.3,transfer,online,New York,mobile,False
934.52,deposit,entertainment,Tokyo,mobile,False
13.98,transfer,online,New York,atm,False
6.89,transfer,entertainment,Tokyo,atm,False
8.53,transfer,online,Tokyo,mobile,False
12.31,transfer,online,New York,mobile,False
1021.1,deposit,online,Tokyo,mobile,False
14.6,transfer,entertainment,New York,atm,False
6.85,transfer,entertainment,New York,atm,False
1104.41,deposit,entertainment,Tokyo,atm,False
59.68,transfer,online,New York,mobile,False
17.45,transfer,online,Tokyo,mobile,False
20.98,transfer,entertainment,New York,atm,False
1065.48,deposit,online,New York,mobile,False
13.51,transfer,entertainment,Tokyo,atm,False
0.01,deposit,online,Tokyo,atm,False
1621.22,deposit,entertainment,New York,atm,False
1946.43,deposit,entertainment,Tokyo,mobile,False
13.62,transfer,entertainment,New York,mobile,False
57,transfer,online,Tokyo,mobile,False
751.99,deposit,entertainment,New York,mobile,False
1001.77,deposit,online,Tokyo,atm,False
19.23,transfer,online,Tokyo,mobile,False
547.36,deposit,entertainment,New York,atm,False
28.84,transfer,online,Tokyo,atm,False
15.95,transfer,online,Tokyo,atm,False
14.47,transfer,entertainment,New York,mobile,False
0.01,deposit,entertainment,New York,atm,False
18.86,transfer,entertainment,Tokyo,mobile,False
1276.47,deposit,online,Tokyo,atm,False
23.62,transfer,entertainment,Tokyo,mobile,False
28.56,transfer,entertainment,Tokyo,atm,False
709.66,deposit,entertainment,Tokyo,mobile,False
9.66,transfer,entertainment,Tokyo,mobile,False
1704.23,deposit,online,Tokyo,atm,False
25.14,transfer,online,New York,mobile,False
30.45,transfer,online,Tokyo,mobile,False
19.48,deposit,entertainment,New York,atm,False
12.89,transfer,online,New York,mobile,False
19.68,deposit,entertainment,New York,atm,False
46.48,deposit,entertainment,New York,mobile,False
1792.86,deposit,online,New York,mobile,False
12.02,transfer,entertainment,New York,atm,False
463.35,deposit,entertainment,New York,atm,False
663.01,deposit,online,New York,atm,False
9.81,transfer,entertainment,Tokyo,atm,False
1180.38,deposit,online,Tokyo,mobile,False
22.24,transfer,entertainment,Tokyo,atm,False
304.82,deposit,entertainment,Tokyo,atm,False
10.27,transfer,online,Tokyo,mobile,False
695.96,deposit,online,New York,mobile,False
884.36,deposit,entertainment,New York,mobile,False
712.37,deposit,online,New York,mobile,False
13.5,transfer,online,New York,mobile,False
27.68,transfer,entertainment,Tokyo,mobile,False
11.96,transfer,online,New York,mobile,False
12.18,transfer,entertainment,New York,atm,False
13.83,transfer,online,Tokyo,atm,False
18.48,transfer,entertainment,New York,atm,False
41.24,transfer,entertainment,Tokyo,mobile,False
19.47,transfer,entertainment,Tokyo,atm,False
1369.17,deposit,entertainment,Tokyo,mobile,False
21.67,transfer,online,New York,mobile,False
844.25,deposit,online,Tokyo,atm,False
1583.03,deposit,entertainment,Tokyo,atm,False
72.05,transfer,entertainment,Tokyo,mobile,False
1144.51,deposit,online,Tokyo,mobile,False
52.31,transfer,entertainment,Tokyo,mobile,False
10.57,transfer,entertainment,New York,mobile,False
42.05,transfer,entertainment,New York,atm,False
1554.33,deposit,online,New York,mobile,False
13.57,transfer,online,Tokyo,atm,False
1031.75,deposit,online,New York,atm,False
20.26,transfer,entertainment,New York,atm,False
47.78,transfer,entertainment,New York,mobile,False
390.97,deposit,online,New York,atm,False
47.26,transfer,entertainment,Tokyo,atm,False
271.44,deposit,entertainment,New York,atm,False
7.86,transfer,entertainment,Tokyo,atm,False
4.45,transfer,online,New York,atm,False
18.48,transfer,online,New York,mobile,False
1903.55,deposit,online,New York,atm,False
722.53,deposit,online,Tokyo,atm,False
19.74,transfer,entertainment,New York,atm,False
1370.2,deposit,entertainment,Tokyo,mobile,False
881.66,deposit,online,Tokyo,atm,False
25.61,transfer,entertainment,New York,mobile,False
24.51,transfer,online,Tokyo,mobile,False
1656.87,deposit,online,Tokyo,mobile,False
1177.97,deposit,online,New York,mobile,False
589.73,deposit,online,New York,atm,False
0.01,deposit,entertainment,Tokyo,mobile,False
840.7,deposit,entertainment,Tokyo,mobile,False
1070.88,deposit,online,Tokyo,atm,False
2056.03,deposit,entertainment,New York,mobile,False
20.71,transfer,online,New York,mobile,False
0.01,deposit,entertainment,Tokyo,mobile,False
1433.44,deposit,online,New York,mobile,False
887.76,deposit,online,Tokyo,atm,False
50.83,transfer,online,Tokyo,mobile,False
31.81,transfer,entertainment,Tokyo,mobile,False
1328.41,deposit,online,Tokyo,atm,False
1206.23,deposit,online,New York,mobile,False
13.01,transfer,online,New York,mobile,False
18.88,transfer,online,New York,mobile,False
74.53,deposit,entertainment,Tokyo,atm,False
8.38,transfer,entertainment,Tokyo,mobile,False
33.39,transfer,online,New York,mobile,False
75.57,transfer,entertainment,Tokyo,atm,False
604.18,deposit,online,Tokyo,atm,False
28.62,transfer,online,Tokyo,mobile,False
11.05,transfer,online,Tokyo,atm,False
42.8,transfer,online,Tokyo,mobile,False
613.76,deposit,online,New York,mobile,False
1025.36,deposit,entertainment,Tokyo,atm,False
1387.79,deposit,online,Tokyo,atm,False
1917.01,deposit,entertainment,Tokyo,atm,False
34.04,transfer,online,Tokyo,atm,False
1207.24,deposit,online,New York,atm,False
469.92,deposit,online,New York,mobile,False
761.33,deposit,online,New York,atm,False
1647.65,deposit,online,New York,mobile,False
1634.44,deposit,online,New York,atm,False
11.03,transfer,online,New York,mobile,False
13.28,transfer,online,Tokyo,mobile,False
992.4,deposit,online,Tokyo,mobile,False
1625.21,deposit,online,New York,mobile,False
12.54,transfer,online,New York,mobile,False
22.02,transfer,online,Tokyo,atm,False
34.82,transfer,entertainment,Tokyo,atm,False
13.25,transfer,online,Tokyo,mobile,False
841.94,deposit,entertainment,Tokyo,atm,False
813.46,deposit,online,Tokyo,atm,False
1229.66,deposit,entertainment,Tokyo,atm,False
1806.57,deposit,entertainment,Tokyo,atm,False
28.82,transfer,online,Tokyo,atm,False
12.32,transfer,online,Tokyo,mobile,False
85.02,transfer,online,Tokyo,atm,False
10.68,transfer,online,New York,atm,False
371.67,deposit,online,New York,atm,False
28.17,transfer,entertainment,New York,mobile,False
945.07,deposit,online,Tokyo,mobile,False
961.69,deposit,entertainment,Tokyo,atm,False
1011.68,deposit,entertainment,Tokyo,mobile,False
23.03,transfer,online,New York,atm,False
104.69,transfer,entertainment,New York,mobile,False
64.54,transfer,entertainment,Tokyo,mobile,False
1846.92,deposit,entertainment,Tokyo,atm,False
267.85,deposit,online,Tokyo,atm,False
20.29,transfer,entertainment,New York,atm,False
16.57,transfer,entertainment,Tokyo,atm,False
735.58,deposit,online,Tokyo,mobile,False
18.37,transfer,entertainment,Tokyo,mobile,False
1087.79,deposit,entertainment,Tokyo,mobile,False
28.31,transfer,online,New York,atm,False
859.52,deposit,online,New York,atm,False
1731.33,deposit,entertainment,New York,atm,False
21.65,transfer,online,Tokyo,mobile,False
119.86,transfer,online,Tokyo,mobile,False
1338.54,deposit,entertainment,Tokyo,mobile,False
593.89,deposit,online,New York,atm,False
1175.52,deposit,entertainment,Tokyo,atm,False
9.38,transfer,online,Tokyo,mobile,False
1229.85,deposit,entertainment,Tokyo,atm,False
19.39,transfer,entertainment,Tokyo,mobile,False
1127.45,deposit,entertainment,Tokyo,atm,False
21.86,transfer,entertainment,New York,atm,False
1009.38,deposit,online,New York,atm,False
15.29,transfer,entertainment,Tokyo,atm,False
1009.31,deposit,online,New York,atm,False
14.2,transfer,entertainment,Tokyo,mobile,False
1227.96,deposit,entertainment,Tokyo,mobile,False
626.39,deposit,online,Tokyo,mobile,True
3.79,transfer,entertainment,Tokyo,atm,False
16.81,transfer,online,New York,atm,False
22.93,transfer,online,New York,atm,False
945.25,deposit,online,New York,atm,False
6.38,transfer,online,Tokyo,atm,False
2287.51,deposit,online,Tokyo,mobile,False
1056.14,deposit,online,Tokyo,atm,False
33.94,transfer,entertainment,Tokyo,atm,False
16.58,transfer,entertainment,Tokyo,atm,False
1400.43,deposit,entertainment,New York,mobile,False
616.96,deposit,entertainment,New York,mobile,False
8.66,transfer,entertainment,Tokyo,atm,False
1487.38,deposit,entertainment,Tokyo,mobile,False
1270.79,deposit,online,Tokyo,atm,False
12.96,transfer,online,Tokyo,atm,True
5.97,transfer,entertainment,New York,atm,False
5.36,transfer,entertainment,Tokyo,mobile,False
36.16,transfer,entertainment,New York,mobile,False
905.49,deposit,entertainment,New York,mobile,False
1463.89,deposit,online,Tokyo,mobile,False
1395.9,deposit,entertainment,Tokyo,atm,False
17.8,transfer,entertainment,New York,mobile,False
994.84,deposit,online,Tokyo,atm,False
3.65,transfer,entertainment,Tokyo,mobile,False
696.35,deposit,entertainment,New York,mobile,False
763.22,deposit,online,Tokyo,atm,False
18.45,transfer,online,New York,mobile,False
835.65,deposit,online,Tokyo,atm,False
31.48,transfer,online,New York,atm,False
9.91,transfer,entertainment,New York,atm,False
41.28,transfer,online,Tokyo,atm,False
13.55,transfer,entertainment,Tokyo,atm,False
1447.81,deposit,online,New York,mobile,False
72.99,transfer,online,Tokyo,atm,False
22.45,transfer,entertainment,Tokyo,atm,False
14.88,transfer,online,Tokyo,atm,False
1357.63,deposit,online,New York,mobile,False
545.5,deposit,online,Tokyo,mobile,False
874.19,deposit,online,Tokyo,atm,False
1.69,transfer,entertainment,Tokyo,atm,False
542.09,deposit,online,New York,mobile,False
23.73,transfer,online,New York,atm,False
16.37,transfer,entertainment,Tokyo,atm,False
14.6,transfer,entertainment,New York,mobile,False
19.47,transfer,online,New York,atm,False
1489.13,deposit,entertainment,Tokyo,mobile,False
1579.64,deposit,entertainment,Tokyo,mobile,False
701.14,deposit,online,Tokyo,atm,False
1498.12,deposit,online,Tokyo,mobile,False
745.35,deposit,entertainment,Tokyo,atm,False
819.65,deposit,online,New York,atm,False
990.46,deposit,entertainment,New York,mobile,False
11.6,transfer,entertainment,Tokyo,mobile,False
6.02,transfer,entertainment,New York,mobile,False
20.99,transfer,entertainment,Tokyo,mobile,False
1282.59,deposit,online,Tokyo,atm,False
32.09,transfer,entertainment,New York,mobile,False
591.93,deposit,entertainment,New York,atm,False
17.38,transfer,entertainment,Tokyo,atm,False
1132.74,deposit,online,Tokyo,mobile,False
786.1,deposit,entertainment,New York,mobile,False
34.24,transfer,entertainment,New York,mobile,False
11.99,transfer,online,Tokyo,atm,False
9.31,transfer,online,Tokyo,mobile,False
1031.04,deposit,entertainment,New York,mobile,False
0.01,deposit,online,Tokyo,atm,False
13.85,transfer,entertainment,New York,atm,False
19.26,transfer,entertainment,Tokyo,mobile,False
656.82,deposit,online,New York,mobile,False
804.8,deposit,entertainment,New York,mobile,False
1477.1,deposit,online,Tokyo,atm,False
1897.34,deposit,online,Tokyo,atm,False
1171.41,deposit,online,Tokyo,mobile,False
6.74,transfer,entertainment,Tokyo,mobile,False
857.1,deposit,entertainment,New York,atm,False
19.54,transfer,entertainment,New York,atm,False
34.56,transfer,online,Tokyo,mobile,False
20.65,transfer,online,New York,mobile,False
27.81,transfer,online,Tokyo,atm,False
20.87,transfer,online,New York,atm,False
1907.62,deposit,entertainment,Tokyo,mobile,False
7.86,transfer,entertainment,New York,mobile,False
1264.63,deposit,entertainment,New York,mobile,False
1091.99,deposit,online,Tokyo,mobile,False
20.4,transfer,online,Tokyo,atm,False
83.74,transfer,online,New York,mobile,False
41.58,transfer,entertainment,Tokyo,mobile,False
455.36,deposit,entertainment,New York,atm,False
844.88,deposit,entertainment,Tokyo,mobile,False
279.42,deposit,entertainment,New York,atm,False
1396.31,deposit,entertainment,New York,atm,False
1046.28,deposit,entertainment,New York,atm,False
40.47,transfer,online,Tokyo,atm,False
5.18,transfer,online,Tokyo,mobile,False
175.6,deposit,entertainment,New York,atm,False
1987.6,deposit,entertainment,New York,mobile,False
13.58,transfer,online,Tokyo,atm,False
38.82,transfer,online,Tokyo,mobile,False
1688.62,deposit,entertainment,New York,atm,False
623.9,deposit,entertainment,New York,mobile,False
1048.35,deposit,entertainment,Tokyo,mobile,False
63.8,transfer,online,Tokyo,atm,False
1175.63,deposit,online,New York,atm,False
25.64,transfer,entertainment,New York,atm,False
26.86,transfer,online,Tokyo,atm,False
5.3,transfer,online,New York,mobile,False
415.06,deposit,entertainment,Tokyo,mobile,False
32.25,transfer,online,New York,mobile,False
1615.01,deposit,online,New York,atm,False
22.11,transfer,online,New York,mobile,False
17.79,transfer,entertainment,New York,atm,False
21.35,transfer,entertainment,Tokyo,mobile,False
805.93,deposit,online,New York,mobile,False
17.55,transfer,online,New York,atm,False
185.71,deposit,online,New York,mobile,False
49.76,transfer,online,Tokyo,mobile,False
16.15,transfer,entertainment,New York,mobile,False
35.6,transfer,entertainment,Tokyo,mobile,False
8.67,transfer,online,New York,mobile,False
1458.18,deposit,online,Tokyo,mobile,False
1037.14,deposit,entertainment,Tokyo,atm,False
68.44,transfer,entertainment,New York,atm,False
677.7,deposit,entertainment,Tokyo,atm,False
731.76,deposit,entertainment,New York,atm,False
1835.29,deposit,online,Tokyo,mobile,False
9.11,transfer,entertainment,New York,mobile,False
15.44,transfer,entertainment,Tokyo,atm,False
1045.54,deposit,entertainment,New York,atm,False
1509.42,deposit,online,Tokyo,atm,False
1002.32,deposit,entertainment,Tokyo,atm,False
974.39,deposit,entertainment,New York,mobile,False
21.23,transfer,entertainment,Tokyo,mobile,True
5.57,transfer,online,New York,mobile,False
11.5,transfer,entertainment,New York,atm,False
50.3,transfer,entertainment,Tokyo,atm,False
1399.27,deposit,entertainment,New York,mobile,False
220.18,deposit,online,New York,atm,False
946.34,deposit,entertainment,Tokyo,atm,False
1306.92,deposit,entertainment,Tokyo,mobile,False
12.66,transfer,entertainment,New York,atm,False
14.96,transfer,entertainment,New York,mobile,False
1428.79,deposit,entertainment,Tokyo,atm,False
11.62,transfer,entertainment,Tokyo,atm,False
38.48,deposit,online,New York,mobile,False
1757.5,deposit,entertainment,Tokyo,mobile,False
18.77,transfer,entertainment,New York,atm,False
1970.29,deposit,online,Tokyo,atm,False
4.92,transfer,online,New York,atm,False
1634.76,deposit,online,Tokyo,atm,False
998.46,deposit,online,New York,atm,False
962.4,deposit,online,Tokyo,atm,False
64.14,transfer,online,Tokyo,atm,False
1766.82,deposit,entertainment,New York,atm,False
22.47,transfer,entertainment,New York,atm,False
692.87,deposit,entertainment,New York,mobile,False
941.71,deposit,online,Tokyo,mobile,False
12.01,transfer,entertainment,Tokyo,mobile,False
333.9,deposit,online,Tokyo,atm,False
46.52,deposit,entertainment,New York,mobile,False
24.13,transfer,entertainment,Tokyo,atm,False
29.83,transfer,online,Tokyo,mobile,False
981.09,deposit,entertainment,New York,atm,False
1050.82,deposit,online,New York,mobile,False
1056.29,deposit,online,Tokyo,atm,False
38.27,transfer,online,New York,mobile,False
148.81,transfer,entertainment,New York,mobile,False
337.01,deposit,online,New York,mobile,False
16.74,transfer,online,New York,mobile,False
566.09,deposit,entertainment,Tokyo,mobile,False
38.86,transfer,entertainment,New York,mobile,False
36.18,transfer,online,New York,mobile,False
1305.49,deposit,online,Tokyo,atm,False
1509.6,deposit,entertainment,New York,atm,False
73.67,transfer,online,Tokyo,atm,False
10.55,transfer,online,New York,mobile,False
7.02,transfer,entertainment,New York,atm,False
169.56,deposit,entertainment,New York,mobile,False
38.31,transfer,entertainment,Tokyo,atm,False
22.28,transfer,entertainment,Tokyo,atm,False
779.19,deposit,entertainment,New York,atm,False
1532.58,deposit,entertainment,New York,mobile,False
13.68,transfer,online,Tokyo,mobile,False
48.77,transfer,online,Tokyo,mobile,False
2051.54,deposit,entertainment,New York,atm,False
32.26,transfer,online,Tokyo,atm,True
91.67,transfer,online,New York,mobile,False
12.34,transfer,online,Tokyo,mobile,False
1051.42,deposit,entertainment,Tokyo,atm,False
276.46,deposit,online,New York,mobile,False
7.08,transfer,online,New York,atm,False
11.58,transfer,entertainment,New York,atm,False
12.96,transfer,entertainment,New York,atm,False
17.37,transfer,online,New York,mobile,False
1083.16,deposit,online,Tokyo,mobile,False
392.83,deposit,entertainment,New York,atm,False
9.54,transfer,online,Tokyo,atm,False
1242.79,deposit,online,Tokyo,atm,False
827.36,deposit,entertainment,New York,atm,False
18.75,transfer,entertainment,Tokyo,mobile,False
663.36,deposit,entertainment,Tokyo,atm,False
11.57,transfer,entertainment,New York,mobile,False
18.25,transfer,online,Tokyo,mobile,False
1641.02,deposit,online,New York,atm,False
921.34,deposit,entertainment,Tokyo,atm,True
29.94,transfer,entertainment,Tokyo,mobile,False
85.73,transfer,entertainment,New York,atm,False
13.18,transfer,online,New York,atm,False
21.64,transfer,entertainment,New York,atm,False
21.37,transfer,online,New York,atm,False
598.66,deposit,entertainment,Tokyo,mobile,False
1113.2,deposit,online,Tokyo,atm,False
46.98,transfer,online,New York,mobile,False
925.92,deposit,online,New York,mobile,False
32.07,transfer,online,New York,atm,False
24.28,transfer,online,New York,atm,False
0.01,deposit,entertainment,Tokyo,mobile,False
1299.98,deposit,online,New York,atm,False
11.07,transfer,entertainment,Tokyo,mobile,False
32.7,transfer,online,New York,mobile,False
677.92,deposit,entertainment,Tokyo,atm,False
564.73,deposit,online,Tokyo,mobile,False
25.59,transfer,online,Tokyo,mobile,False
20.06,transfer,online,New York,atm,False
1396.31,deposit,online,Tokyo,atm,False
1033.09,deposit,online,New York,mobile,False
873.06,deposit,entertainment,Tokyo,atm,False
389.74,deposit,online,Tokyo,mobile,False
1050.26,deposit,entertainment,New York,mobile,False
1404.08,deposit,entertainment,New York,mobile,False
32.91,transfer,entertainment,Tokyo,atm,False
875.57,deposit,entertainment,New York,mobile,False
28.17,transfer,online,Tokyo,mobile,False
10.46,transfer,online,Tokyo,atm,False
1688.88,deposit,entertainment,Tokyo,mobile,False
1306.1,deposit,online,New York,atm,False
661.83,deposit,online,New York,mobile,False
1007,deposit,online,Tokyo,atm,False
2072.83,deposit,online,New York,mobile,False
1570.39,deposit,online,New York,mobile,False
771.99,deposit,entertainment,New York,atm,False
7.6,transfer,entertainment,New York,mobile,False
1371.38,deposit,online,New York,atm,False
26.06,transfer,online,Tokyo,atm,False
1401.94,deposit,entertainment,New York,atm,False
5.49,transfer,online,New York,atm,False
41.89,transfer,online,Tokyo,mobile,False
71.59,transfer,online,Tokyo,mobile,False
10.74,transfer,entertainment,Tokyo,atm,False
27.57,transfer,online,New York,mobile,False
15.48,transfer,entertainment,Tokyo,mobile,False
62.1,transfer,entertainment,New York,mobile,False
11.64,transfer,entertainment,Tokyo,mobile,False
22.01,transfer,entertainment,New York,atm,False
19.42,transfer,online,New York,mobile,False
249.28,deposit,entertainment,New York,atm,False
1799.71,deposit,online,Tokyo,atm,False
16.46,transfer,entertainment,New York,atm,False
2227.41,deposit,entertainment,Tokyo,mobile,False
75.45,transfer,online,New York,mobile,False
903.03,deposit,online,New York,atm,False
26,transfer,entertainment,Tokyo,mobile,False
1446.27,deposit,entertainment,Tokyo,atm,False
24.96,transfer,entertainment,Tokyo,atm,False
11.28,transfer,online,New York,mobile,False
8.29,transfer,entertainment,Tokyo,atm,False
4.61,transfer,entertainment,Tokyo,mobile,False
40.82,transfer,online,Tokyo,atm,False
1832.54,deposit,online,New York,mobile,False
1802.51,deposit,entertainment,Tokyo,mobile,False
1704.59,deposit,entertainment,Tokyo,mobile,False
17.29,transfer,entertainment,New York,atm,False
5.41,transfer,online,New York,mobile,False
22.58,transfer,online,Tokyo,mobile,False
27.89,transfer,entertainment,New York,atm,False
993.37,deposit,online,New York,atm,False
0.01,deposit,online,New York,atm,False
977.55,deposit,entertainment,New York,atm,False
33.05,transfer,online,Tokyo,atm,False
1031.52,deposit,online,Tokyo,atm,False
1175.73,deposit,entertainment,Tokyo,atm,False
0.01,deposit,online,Tokyo,atm,False
828.09,deposit,entertainment,New York,atm,False
45.48,transfer,entertainment,Tokyo,atm,False
72.78,transfer,online,Tokyo,atm,False
10.47,transfer,online,Tokyo,atm,False
19.9,transfer,entertainment,New York,mobile,False
19.77,transfer,entertainment,New York,mobile,False
1041.63,deposit,entertainment,New York,mobile,False
6.8,transfer,entertainment,Tokyo,mobile,False
1007.45,deposit,entertainment,New York,mobile,False
1329.81,deposit,online,Tokyo,mobile,False
1391.15,deposit,online,New York,mobile,False
18.35,transfer,online,New York,atm,False
1357.18,deposit,online,New York,mobile,False
453.41,deposit,online,Tokyo,atm,False
869.63,deposit,entertainment,Tokyo,atm,False
669.19,deposit,online,New York,mobile,False
9.25,transfer,online,New York,mobile,False
627.52,deposit,online,Tokyo,atm,False
791.74,deposit,online,New York,mobile,False
18.33,transfer,online,Tokyo,mobile,False
798.12,deposit,entertainment,Tokyo,atm,False
13.91,transfer,online,New York,atm,False
523,deposit,entertainment,New York,atm,False
1676.56,deposit,online,Tokyo,mobile,False
23.51,transfer,online,New York,atm,False
249.52,deposit,entertainment,New York,mobile,False
695.03,deposit,entertainment,New York,atm,False
21.29,transfer,entertainment,Tokyo,mobile,False
12.47,transfer,entertainment,Tokyo,mobile,False
1737.23,deposit,entertainment,New York,atm,False
496.78,deposit,entertainment,Tokyo,atm,False
91.28,transfer,entertainment,Tokyo,mobile,False
621.42,deposit,online,Tokyo,mobile,False
1854.71,deposit,entertainment,Tokyo,atm,False
325.62,deposit,entertainment,New York,mobile,False
26.98,transfer,online,New York,atm,False
2367.6,deposit,entertainment,New York,mobile,False
463.66,deposit,online,New York,mobile,False
41.53,transfer,entertainment,New York,atm,False
1557.11,deposit,entertainment,Tokyo,mobile,False
193.73,deposit,entertainment,New York,atm,False
634.17,deposit,online,Tokyo,atm,False
17.22,transfer,entertainment,Tokyo,mobile,False
34.86,transfer,entertainment,Tokyo,mobile,False
2.06,transfer,entertainment,New York,atm,False
18.27,transfer,online,New York,atm,False
748.41,deposit,online,New York,mobile,False
46.93,transfer,online,Tokyo,atm,False
258.81,deposit,entertainment,Tokyo,atm,False
1198.24,deposit,entertainment,Tokyo,mobile,False
18.54,transfer,online,New York,mobile,False
1002.86,deposit,online,New York,mobile,False
14.13,transfer,entertainment,Tokyo,mobile,False
72.59,transfer,online,New York,atm,False
7.27,transfer,entertainment,New York,atm,False
890.84,deposit,online,Tokyo,atm,False
1610.96,deposit,entertainment,Tokyo,mobile,False
1116.73,deposit,entertainment,New York,atm,False
826.94,deposit,online,New York,mobile,False
1129.48,deposit,online,Tokyo,mobile,False
675.63,deposit,online,New York,atm,False
1113.97,deposit,entertainment,Tokyo,mobile,False
7.15,transfer,online,Tokyo,mobile,False
16.02,transfer,entertainment,Tokyo,atm,False
67.53,transfer,entertainment,Tokyo,mobile,False
37.63,transfer,online,New York,atm,False
38.07,transfer,online,New York,mobile,False
1133.31,deposit,entertainment,Tokyo,mobile,False
1963.96,deposit,online,New York,mobile,False
1134.38,deposit,online,Tokyo,atm,False
728.18,deposit,online,New York,atm,False
1271.75,deposit,entertainment,New York,mobile,False
320.93,deposit,entertainment,New York,atm,False
1337.55,deposit,entertainment,Tokyo,mobile,False
29.44,transfer,online,Tokyo,mobile,False
20.13,transfer,entertainment,Tokyo,mobile,False
511.8,deposit,online,Tokyo,atm,False
3.43,transfer,online,Tokyo,atm,False
20.1,transfer,entertainment,Tokyo,mobile,False
16.68,transfer,entertainment,New York,mobile,False
957.2,deposit,online,New York,atm,False
1170.77,deposit,entertainment,New York,atm,False
30.43,transfer,online,Tokyo,mobile,False
47.76,transfer,online,New York,mobile,False
25.4,transfer,online,New York,atm,False
1059.14,deposit,entertainment,Tokyo,atm,False
36.52,transfer,entertainment,New York,atm,False
50.51,transfer,online,Tokyo,mobile,True
10.21,transfer,entertainment,Tokyo,atm,False
11.3,transfer,entertainment,New York,atm,False
553.92,deposit,entertainment,Tokyo,atm,False
23.32,transfer,entertainment,Tokyo,atm,False
604.32,deposit,online,New York,atm,False
926.99,deposit,entertainment,New York,atm,False
260.83,deposit,entertainment,Tokyo,mobile,False
354.17,deposit,entertainment,Tokyo,atm,False
915.56,deposit,online,Tokyo,atm,False
1409.15,deposit,entertainment,New York,mobile,False
12.51,transfer,entertainment,Tokyo,mobile,False
1518.39,deposit,entertainment,New York,atm,False
834.73,deposit,online,New York,mobile,False
49.52,transfer,online,Tokyo,atm,False
8.83,transfer,online,New York,atm,False
8.44,transfer,entertainment,Tokyo,atm,False
1806.3,deposit,online,New York,atm,False
678.47,deposit,online,New York,mobile,False
888.15,deposit,entertainment,New York,mobile,False
949.03,deposit,entertainment,New York,mobile,False
18.02,transfer,online,New York,mobile,False
782.53,deposit,entertainment,Tokyo,atm,False
272.58,deposit,entertainment,New York,atm,False
198.1,deposit,entertainment,New York,mobile,False
1189.31,deposit,entertainment,New York,mobile,False
1835,deposit,entertainment,New York,mobile,False
15.79,transfer,entertainment,Tokyo,atm,False
975.36,deposit,online,New York,mobile,True
1431,deposit,entertainment,New York,mobile,False
31.67,transfer,entertainment,New York,atm,False
360.16,deposit,online,New York,mobile,False
41.92,transfer,online,Tokyo,atm,False
27.76,transfer,online,Tokyo,atm,False
55.83,transfer,entertainment,New York,atm,False
40.74,transfer,entertainment,New York,mobile,False
1062.67,deposit,entertainment,New York,atm,False
25.91,transfer,entertainment,New York,mobile,False
25.16,transfer,online,New York,atm,False
29.69,transfer,online,New York,atm,False
8.4,transfer,entertainment,Tokyo,atm,False
956.11,deposit,entertainment,New York,atm,False
0.01,deposit,entertainment,New York,mobile,False
1245.82,deposit,entertainment,Tokyo,mobile,False
15.38,transfer,entertainment,New York,atm,False
1052.83,deposit,online,Tokyo,atm,False
1054.96,deposit,entertainment,Tokyo,mobile,False
783.43,deposit,online,Tokyo,atm,False
956.26,deposit,online,New York,atm,False
477.3,deposit,entertainment,Tokyo,mobile,False
32.56,transfer,online,Tokyo,atm,False
915.84,deposit,entertainment,Tokyo,atm,False
1163.99,deposit,online,Tokyo,mobile,False
37,transfer,online,Tokyo,atm,False
15.21,transfer,online,New York,atm,False
1278.8,deposit,online,Tokyo,mobile,False
19.56,transfer,entertainment,New York,atm,False
13.02,transfer,online,Tokyo,mobile,False
38.75,transfer,online,Tokyo,atm,False
81.97,transfer,entertainment,Tokyo,atm,False
43.24,transfer,entertainment,Tokyo,atm,False
16.43,transfer,entertainment,New York,mobile,False
13,transfer,online,New York,atm,False
6.06,transfer,entertainment,Tokyo,mobile,False
1849.05,deposit,online,New York,atm,False
1263.69,deposit,online,New York,mobile,False
1198.6,deposit,online,Tokyo,atm,False
5.84,transfer,online,New York,mobile,False
940.97,deposit,entertainment,Tokyo,mobile,False
43.97,transfer,online,New York,mobile,False
436.03,deposit,online,New York,atm,False
13.07,transfer,online,Tokyo,atm,False
1027.2,deposit,online,New York,atm,False
20.96,transfer,online,New York,atm,False
376.82,deposit,entertainment,Tokyo,mobile,False
14.27,transfer,entertainment,Tokyo,atm,False
61.48,transfer,entertainment,Tokyo,atm,False
1102.16,deposit,entertainment,Tokyo,mobile,False
45.58,transfer,entertainment,Tokyo,mobile,False
1765.21,deposit,entertainment,Tokyo,mobile,False
37.25,transfer,entertainment,Tokyo,atm,False
5.83,transfer,entertainment,Tokyo,atm,False
1077.16,deposit,online,Tokyo,mobile,False
3.46,transfer,entertainment,New York,mobile,False
27.07,transfer,entertainment,Tokyo,atm,False
905.35,deposit,entertainment,Tokyo,mobile,False
41.39,transfer,entertainment,New York,mobile,False
613,deposit,online,New York,mobile,False
10.08,transfer,entertainment,New York,mobile,False
33.15,transfer,online,New York,atm,False
0.01,deposit,online,New York,mobile,False
523.8,deposit,online,Tokyo,atm,False
41.44,transfer,online,Tokyo,mobile,False
32.27,transfer,online,Tokyo,mobile,False
44,transfer,entertainment,New York,atm,False
19.98,transfer,online,Tokyo,mobile,False
197.84,deposit,entertainment,Tokyo,atm,False
1661.01,deposit,online,Tokyo,mobile,False
1426.35,deposit,online,New York,mobile,False
655.11,deposit,online,Tokyo,mobile,False
1066.65,deposit,entertainment,Tokyo,mobile,False
0.01,deposit,entertainment,Tokyo,atm,False
20.99,transfer,online,New York,atm,False
32.53,transfer,online,Tokyo,mobile,False
1185.52,deposit,entertainment,New York,atm,False
1998.94,deposit,entertainment,Tokyo,atm,False
1490.69,deposit,entertainment,Tokyo,mobile,False
540.18,deposit,entertainment,Tokyo,atm,False
22.75,transfer,online,New York,atm,False
1080.79,deposit,online,New York,atm,False
17.63,transfer,online,New York,mobile,False
528.16,deposit,online,Tokyo,mobile,False
16.85,transfer,entertainment,Tokyo,atm,False
15.82,transfer,entertainment,New York,mobile,False
202.92,deposit,entertainment,New York,mobile,False
944.1,deposit,online,Tokyo,atm,False
98.03,transfer,online,Tokyo,mobile,False
1263.3,deposit,entertainment,New York,mobile,False
21.91,transfer,online,Tokyo,atm,False
13.45,transfer,entertainment,Tokyo,mobile,False
9.65,transfer,entertainment,Tokyo,mobile,False
29.17,transfer,online,Tokyo,atm,False
512.08,deposit,entertainment,Tokyo,mobile,False
350.04,deposit,entertainment,Tokyo,mobile,False
855.64,deposit,entertainment,Tokyo,atm,False
18.49,transfer,entertainment,Tokyo,atm,False
478.51,deposit,online,Tokyo,mobile,False
29.93,transfer,online,New York,atm,False
55.36,transfer,entertainment,New York,mobile,False
15.9,transfer,entertainment,New York,atm,False
10.43,transfer,online,Tokyo,atm,False
13.59,transfer,entertainment,New York,mobile,False
2025.55,deposit,entertainment,Tokyo,mobile,False
273.44,deposit,entertainment,Tokyo,mobile,False
384.89,deposit,entertainment,Tokyo,atm,False
2534.62,deposit,online,Tokyo,atm,False
742.79,deposit,entertainment,Tokyo,atm,False
91.1,transfer,entertainment,Tokyo,atm,False
1282.96,deposit,entertainment,New York,mobile,False
1001.1,deposit,entertainment,New York,mobile,False
10.04,transfer,online,New York,atm,False
669.9,deposit,online,New York,mobile,False
885.38,deposit,entertainment,Tokyo,atm,False
834.1,deposit,entertainment,New York,mobile,False
27.89,transfer,entertainment,New York,atm,False
51.44,transfer,online,Tokyo,mobile,False
1708.81,deposit,entertainment,New York,atm,False
35.14,transfer,online,New York,mobile,False
35.37,transfer,entertainment,New York,mobile,False
143.58,transfer,entertainment,Tokyo,atm,False
28.15,transfer,entertainment,Tokyo,mobile,False
7.01,transfer,online,New York,mobile,False
533.37,deposit,online,New York,mobile,False
1688.61,deposit,entertainment,Tokyo,atm,False
599.74,deposit,online,Tokyo,atm,False
14.68,transfer,online,Tokyo,atm,False
1313.41,deposit,entertainment,New York,mobile,False
8.75,transfer,entertainment,Tokyo,mobile,False
10.73,transfer,online,Tokyo,mobile,False
832.61,deposit,online,Tokyo,mobile,False
698.34,deposit,entertainment,Tokyo,mobile,False
27.94,transfer,online,New York,mobile,False
16.47,transfer,entertainment,Tokyo,mobile,False
1021.25,deposit,online,New York,atm,False
28.5,transfer,online,Tokyo,mobile,False
649.21,deposit,online,Tokyo,atm,False
16.95,transfer,online,Tokyo,mobile,False
20.99,transfer,entertainment,New York,mobile,False
32.01,transfer,online,New York,atm,False
1357.94,deposit,entertainment,Tokyo,mobile,False
902.84,deposit,online,Tokyo,mobile,False
19.75,transfer,entertainment,Tokyo,atm,False
1321.65,deposit,entertainment,Tokyo,mobile,False
1054.96,deposit,online,New York,mobile,False
1589.94,deposit,entertainment,Tokyo,atm,False
1934.85,deposit,entertainment,New York,mobile,False
12.62,transfer,online,New York,mobile,False
29.03,transfer,online,New York,atm,False
1415,deposit,entertainment,Tokyo,atm,False
27.3,transfer,entertainment,New York,mobile,False
31.88,transfer,online,Tokyo,atm,False
995.08,deposit,online,Tokyo,atm,False
68.8,transfer,entertainment,Tokyo,mobile,False
498.13,deposit,entertainment,Tokyo,atm,False
0.01,deposit,entertainment,New York,atm,False
1569.44,deposit,online,Tokyo,mobile,False
23.2,transfer,entertainment,New York,mobile,False
251.28,deposit,entertainment,New York,atm,False
47.42,transfer,online,Tokyo,atm,False
53.34,transfer,online,New York,mobile,False
16.34,transfer,online,Tokyo,atm,False
812.36,deposit,online,Tokyo,atm,False
23.71,transfer,entertainment,New York,mobile,False
81.42,deposit,online,New York,atm,False
300.81,deposit,online,New York,atm,False
1170.91,deposit,entertainment,Tokyo,mobile,False
1631.38,deposit,entertainment,New York,mobile,False
708.78,deposit,entertainment,Tokyo,atm,False
1906.79,deposit,online,New York,mobile,False
29.3,transfer,online,New York,mobile,False
285.2,deposit,entertainment,New York,atm,False
963.07,deposit,entertainment,New York,atm,False
663.32,deposit,entertainment,Tokyo,mobile,False
1656.92,deposit,online,Tokyo,atm,False
1278.78,deposit,online,New York,atm,False
918.8,deposit,online,New York,atm,False
10.19,transfer,online,New York,atm,False
976.58,deposit,online,New York,mobile,False
669.72,deposit,entertainment,New York,mobile,False
24.76,transfer,entertainment,New York,atm,False
40.73,transfer,online,New York,atm,False
1427.89,deposit,online,New York,atm,False
9.93,transfer,online,New York,atm,False
1642.21,deposit,online,New York,mobile,False
4.26,transfer,entertainment,New York,atm,False
22.34,transfer,entertainment,Tokyo,mobile,False
8.59,transfer,entertainment,New York,mobile,False
18.84,transfer,entertainment,Tokyo,mobile,False
29.58,transfer,online,New York,atm,False
23.12,transfer,entertainment,New York,atm,False
28.98,deposit,entertainment,New York,mobile,False
1579.77,deposit,online,New York,mobile,False
504.76,deposit,online,Tokyo,mobile,False
0.01,deposit,online,Tokyo,atm,False
2123.16,deposit,entertainment,Tokyo,atm,False
64.02,transfer,entertainment,Tokyo,mobile,False
33.89,transfer,entertainment,Tokyo,atm,False
8.9,transfer,online,Tokyo,atm,False
17.98,transfer,online,New York,atm,False
16.41,transfer,online,New York,mobile,False
13.56,transfer,entertainment,New York,atm,False
39.6,transfer,online,New York,mobile,False
337.18,deposit,online,Tokyo,mobile,False
5.57,transfer,online,New York,mobile,False
21.11,transfer,online,Tokyo,atm,False
1522.79,deposit,entertainment,Tokyo,mobile,False
12.47,transfer,online,New York,atm,False
525.23,deposit,online,Tokyo,atm,False
742.09,deposit,online,Tokyo,mobile,False
1244.99,deposit,online,Tokyo,mobile,False
20.94,transfer,entertainment,Tokyo,atm,False
37.27,transfer,online,Tokyo,atm,False
31.12,transfer,online,Tokyo,atm,False
1054.44,deposit,entertainment,New York,mobile,False
25.68,transfer,online,Tokyo,atm,False
2337.81,deposit,entertainment,New York,atm,False
23.73,transfer,entertainment,New York,atm,False
12.56,transfer,online,New York,atm,False
23.63,transfer,entertainment,Tokyo,mobile,True
440.68,deposit,entertainment,Tokyo,atm,False
10.31,transfer,entertainment,New York,atm,False
10.88,transfer,entertainment,Tokyo,atm,False
7.59,transfer,entertainment,Tokyo,mobile,False
45.53,transfer,entertainment,Tokyo,mobile,False
45.8,transfer,online,New York,atm,False
807.1,deposit,online,New York,atm,False
1011.51,deposit,entertainment,Tokyo,mobile,False
29.26,transfer,online,New York,atm,False
1043.47,deposit,online,New York,atm,False
11.71,transfer,entertainment,Tokyo,atm,False
32.47,transfer,entertainment,Tokyo,mobile,False
1511.06,deposit,online,Tokyo,atm,False
1189.8,deposit,online,Tokyo,mobile,False
374.88,deposit,entertainment,New York,mobile,False
27.04,transfer,entertainment,New York,atm,False
34.95,transfer,online,New York,atm,False
17.81,transfer,online,New York,atm,False
851.23,deposit,online,Tokyo,mobile,False
17.47,transfer,entertainment,New York,atm,False
1641.46,deposit,entertainment,New York,mobile,False
96.28,transfer,online,Tokyo,mobile,False
14.24,transfer,online,Tokyo,atm,False
33.59,transfer,online,New York,mobile,False
31.34,transfer,online,Tokyo,atm,False
132.9,deposit,online,Tokyo,mobile,False
22.18,transfer,online,Tokyo,mobile,False
29.11,transfer,entertainment,New York,atm,False
589.84,deposit,entertainment,Tokyo,atm,False
1313.3,deposit,online,New York,mobile,False
1439.36,deposit,online,New York,mobile,False
9.38,transfer,entertainment,Tokyo,atm,False
40.16,transfer,online,New York,mobile,False
19.22,transfer,entertainment,Tokyo,mobile,False
1695.53,deposit,entertainment,New York,mobile,False
54.55,transfer,online,New York,mobile,False
61.4,transfer,entertainment,Tokyo,atm,False
11.33,transfer,entertainment,Tokyo,atm,False
1406.97,deposit,entertainment,New York,atm,False
7.25,transfer,entertainment,New York,atm,False
9.74,transfer,online,Tokyo,mobile,False
15.61,transfer,online,New York,mobile,False
1418.55,deposit,online,Tokyo,mobile,False
916.13,deposit,online,New York,atm,False
221.66,deposit,entertainment,Tokyo,mobile,False
1310.89,deposit,entertainment,Tokyo,mobile,False
1171.56,deposit,entertainment,New York,mobile,False
8.53,transfer,entertainment,New York,mobile,False
14.7,transfer,online,New York,atm,False
47.95,transfer,entertainment,Tokyo,atm,False
1106.46,deposit,online,Tokyo,mobile,False
1588.52,deposit,entertainment,New York,mobile,False
15.81,transfer,online,New York,atm,False
4.59,transfer,entertainment,New York,atm,False
6.91,transfer,entertainment,New York,atm,False
2240.94,deposit,online,Tokyo,atm,False
7.76,deposit,online,Tokyo,atm,False
663.81,deposit,entertainment,New York,atm,False
20.85,transfer,entertainment,New York,atm,False
6.08,transfer,entertainment,Tokyo,atm,False
20.81,transfer,entertainment,New York,atm,False
10.34,transfer,entertainment,Tokyo,mobile,False
11.24,transfer,online,New York,atm,False
1196.62,deposit,entertainment,New York,mobile,False
48.83,transfer,entertainment,New York,atm,False
505.16,deposit,online,Tokyo,atm,False
46.42,deposit,online,New York,mobile,False
23.14,transfer,entertainment,Tokyo,mobile,False
746.62,deposit,online,New York,atm,False
691.47,deposit,online,New York,atm,False
1586.56,deposit,online,Tokyo,mobile,False
10.27,transfer,online,Tokyo,atm,False
14.66,transfer,entertainment,Tokyo,atm,False
7.97,transfer,entertainment,New York,mobile,False
18.84,transfer,entertainment,New York,mobile,False
447.55,deposit,entertainment,New York,atm,False
60.97,transfer,entertainment,New York,mobile,False
1763.36,deposit,entertainment,Tokyo,mobile,False
19.52,transfer,entertainment,Tokyo,atm,False
1103.66,deposit,online,New York,mobile,False
1283.23,deposit,online,Tokyo,mobile,False
1357.29,deposit,entertainment,Tokyo,atm,False
15.5,transfer,online,New York,mobile,False
1636.01,deposit,online,Tokyo,mobile,False
4.97,transfer,entertainment,Tokyo,mobile,False
0.01,deposit,online,New York,atm,False
35.37,transfer,online,New York,mobile,False
10.64,transfer,online,Tokyo,mobile,False
933.46,deposit,entertainment,Tokyo,atm,False
1209.56,deposit,online,Tokyo,mobile,False
18.68,transfer,online,Tokyo,atm,False
20.84,transfer,entertainment,New York,atm,False
208.16,deposit,entertainment,Tokyo,atm,False
1049.96,deposit,entertainment,Tokyo,atm,False
916.5,deposit,entertainment,New York,mobile,False
42.1,transfer,online,New York,atm,False
23.11,transfer,online,Tokyo,atm,False
1059.09,deposit,entertainment,Tokyo,mobile,False
1450.54,deposit,entertainment,New York,mobile,False
8.3,transfer,online,New York,mobile,False
20.08,transfer,online,Tokyo,mobile,False
88.06,transfer,online,Tokyo,mobile,False
19.82,transfer,online,New York,atm,False
32.15,transfer,entertainment,Tokyo,mobile,False
25.57,transfer,online,Tokyo,mobile,False
60.55,transfer,online,Tokyo,atm,False
1414.38,deposit,entertainment,New York,mobile,False
29.7,transfer,online,New York,atm,False
1063.58,deposit,online,Tokyo,atm,False
1773.6,deposit,entertainment,Tokyo,mobile,False
236.2,deposit,online,New York,atm,False
0.01,deposit,online,Tokyo,atm,False
901.77,deposit,online,New York,atm,False
23.17,transfer,entertainment,New York,atm,False
1544.09,deposit,online,New York,atm,False
7.02,transfer,entertainment,Tokyo,mobile,False
231.26,deposit,entertainment,New York,mobile,False
378.36,deposit,online,New York,atm,False
29.77,transfer,entertainment,Tokyo,atm,False
18.39,transfer,online,Tokyo,mobile,False
6.96,transfer,entertainment,New York,atm,False
65.63,transfer,online,New York,mobile,False
943.74,deposit,online,New York,atm,False
1146.23,deposit,entertainment,New York,atm,False
1196.29,deposit,entertainment,New York,mobile,False
16.66,transfer,online,New York,mobile,False
480.82,deposit,entertainment,New York,atm,False
919.15,deposit,online,Tokyo,mobile,False
8.35,transfer,entertainment,Tokyo,atm,False
11.99,transfer,entertainment,Tokyo,mobile,False
894.74,deposit,online,New York,mobile,False
11.59,transfer,online,Tokyo,atm,False
1668.63,deposit,entertainment,New York,atm,False
11.13,transfer,online,Tokyo,atm,False
50.6,transfer,online,New York,atm,False
11.54,transfer,online,Tokyo,atm,False
8.19,transfer,online,New York,atm,False
681.77,deposit,entertainment,Tokyo,atm,False
1288.68,deposit,online,New York,mobile,False
56.82,transfer,online,New York,atm,False
48.36,transfer,entertainment,New York,atm,False
20.41,transfer,online,New York,atm,False
33.79,transfer,online,New York,atm,False
8.16,transfer,entertainment,New York,atm,False
1551.69,deposit,entertainment,Tokyo,atm,False
901.75,deposit,entertainment,New York,atm,False
1883.1,deposit,online,New York,atm,False
1913.66,deposit,online,Tokyo,mobile,False
11.03,transfer,online,Tokyo,atm,False
27.11,transfer,entertainment,Tokyo,mobile,False
1352.41,deposit,entertainment,Tokyo,atm,True
1445.67,deposit,online,New York,atm,True
1224.21,deposit,online,Tokyo,mobile,False
117.96,transfer,online,New York,atm,False
46.1,transfer,entertainment,Tokyo,atm,False
400.9,deposit,entertainment,New York,mobile,False
1133.56,deposit,online,New York,atm,False
20.22,transfer,online,New York,mobile,False
27.22,transfer,entertainment,New York,atm,False
291.28,deposit,entertainment,Tokyo,mobile,False
1133.32,deposit,online,New York,atm,False
1147.13,deposit,online,New York,mobile,False
919.2,deposit,entertainment,Tokyo,mobile,True
1289.33,deposit,entertainment,Tokyo,atm,False
10.55,transfer,online,New York,mobile,False
18.48,transfer,online,Tokyo,mobile,False
1174.91,deposit,entertainment,Tokyo,atm,False
1181.28,deposit,online,Tokyo,mobile,False
20.81,transfer,entertainment,New York,atm,False
1069.59,deposit,entertainment,Tokyo,mobile,False
17.53,transfer,online,Tokyo,mobile,False
14.6,transfer,online,New York,mobile,False
27.68,transfer,entertainment,Tokyo,mobile,False
869.81,deposit,entertainment,New York,mobile,False
21.53,transfer,online,Tokyo,atm,False
47.73,transfer,online,New York,atm,False
708.7,deposit,entertainment,Tokyo,mobile,False
4.82,transfer,entertainment,New York,mobile,False
1100.61,deposit,entertainment,Tokyo,mobile,False
18,transfer,entertainment,New York,mobile,False
820.09,deposit,entertainment,New York,atm,False
1712.68,deposit,entertainment,Tokyo,atm,False
1201.21,deposit,entertainment,New York,atm,False
1042.31,deposit,online,New York,atm,False
42.96,transfer,online,New York,atm,False
631.89,deposit,entertainment,New York,atm,False
1652.71,deposit,online,Tokyo,atm,False
63.07,transfer,online,Tokyo,mobile,False
17.84,transfer,online,New York,mobile,False
1047.94,deposit,online,New York,mobile,False
1701.95,deposit,online,Tokyo,mobile,False
10.45,transfer,online,New York,atm,False
1654.64,deposit,entertainment,New York,atm,False
1404.95,deposit,entertainment,Tokyo,atm,False
18.43,transfer,entertainment,New York,mobile,False
18.52,transfer,online,New York,atm,False
12.75,transfer,online,New York,atm,False
1363.59,deposit,entertainment,Tokyo,mobile,False
259.29,deposit,entertainment,New York,atm,False
440.7,deposit,online,New York,mobile,False
904.34,deposit,entertainment,New York,mobile,False
53.65,transfer,entertainment,Tokyo,atm,False
1317.03,deposit,entertainment,New York,mobile,False
24.33,transfer,online,Tokyo,atm,False
36.16,transfer,online,New York,atm,False
789.48,deposit,entertainment,New York,mobile,False
14.6,transfer,online,Tokyo,atm,False
17.79,transfer,entertainment,Tokyo,mobile,False
1175.35,deposit,entertainment,New York,mobile,False
385.92,deposit,entertainment,New York,atm,False
1184.76,deposit,entertainment,Tokyo,atm,False
947.03,deposit,online,Tokyo,atm,False
14.16,transfer,online,New York,mobile,False
1148.21,deposit,entertainment,Tokyo,mobile,False
1244.84,deposit,entertainment,New York,atm,False
27.89,transfer,entertainment,Tokyo,atm,False
1441.85,deposit,online,Tokyo,mobile,False
199.11,transfer,online,New York,mobile,False
753.02,deposit,entertainment,Tokyo,atm,False
23.94,transfer,entertainment,New York,atm,False
50.79,transfer,online,Tokyo,mobile,False
13.33,transfer,entertainment,Tokyo,mobile,False
43.77,transfer,online,Tokyo,mobile,False
748.21,deposit,entertainment,New York,atm,False
26.81,transfer,online,Tokyo,atm,False
14.1,transfer,entertainment,Tokyo,atm,False
32.18,transfer,online,Tokyo,atm,False
1329.93,deposit,entertainment,New York,atm,False
491.53,deposit,entertainment,New York,mobile,False
3.04,transfer,online,New York,atm,False
23.06,transfer,online,Tokyo,atm,False
37.53,transfer,entertainment,Tokyo,mobile,False
1194.9,deposit,online,Tokyo,atm,False
9.49,transfer,online,Tokyo,mobile,False
1322.6,deposit,online,New York,atm,False
8.91,transfer,online,New York,mobile,False
953.24,deposit,entertainment,Tokyo,mobile,False
1856.83,deposit,online,Tokyo,atm,False
457.7,deposit,entertainment,New York,atm,False
1138.67,deposit,online,Tokyo,mobile,False
16.47,transfer,entertainment,New York,mobile,False
447.24,deposit,entertainment,New York,atm,False
1803.5,deposit,entertainment,New York,atm,False
1165.36,deposit,online,New York,atm,False
15.29,transfer,entertainment,Tokyo,atm,False
664.52,deposit,entertainment,New York,atm,False
11.17,transfer,online,New York,atm,False
1611.81,deposit,entertainment,Tokyo,atm,False
1645.87,deposit,entertainment,New York,mobile,False
1112.99,deposit,entertainment,New York,mobile,False
20.05,transfer,online,New York,mobile,False
779.78,deposit,online,New York,mobile,False
19.3,transfer,entertainment,Tokyo,atm,False
17.93,transfer,online,Tokyo,atm,False
727.56,deposit,online,Tokyo,mobile,False
1290.44,deposit,online,Tokyo,atm,False
21.43,transfer,entertainment,New York,atm,False
41.07,transfer,entertainment,Tokyo,mobile,False
283.11,transfer,online,New York,mobile,False
9.88,transfer,entertainment,Tokyo,mobile,False
14.97,transfer,entertainment,Tokyo,atm,False
14.75,transfer,online,New York,mobile,False
16.68,transfer,online,Tokyo,atm,False
1224.52,deposit,online,Tokyo,mobile,False
16.47,transfer,online,Tokyo,mobile,False
13.91,transfer,online,New York,mobile,False
6.26,transfer,entertainment,Tokyo,atm,False
1436.28,deposit,online,New York,mobile,False
231.56,deposit,entertainment,Tokyo,atm,False
2236.89,deposit,entertainment,Tokyo,atm,False
534.38,deposit,online,Tokyo,atm,False
21.46,transfer,online,New York,mobile,False
27.51,transfer,entertainment,Tokyo,atm,False
1025.45,deposit,entertainment,Tokyo,atm,False
8.98,transfer,online,New York,mobile,False
379.16,deposit,online,New York,atm,False
253.95,deposit,entertainment,Tokyo,mobile,False
11.75,transfer,entertainment,New York,mobile,False
1093.38,deposit,entertainment,Tokyo,mobile,False
6.91,transfer,online,Tokyo,atm,False
1514.19,deposit,entertainment,New York,mobile,False
673.53,deposit,entertainment,Tokyo,mobile,False
1740.26,deposit,entertainment,New York,atm,False
956.33,deposit,online,New York,atm,False
619.98,deposit,online,Tokyo,atm,False
9.39,transfer,entertainment,New York,mobile,False
791.22,deposit,online,Tokyo,mobile,False
8.09,transfer,online,Tokyo,mobile,True
368.49,deposit,entertainment,Tokyo,mobile,False
1222.82,deposit,online,Tokyo,mobile,False
108.46,transfer,online,Tokyo,mobile,False
0.01,deposit,entertainment,New York,mobile,False
975.89,deposit,entertainment,Tokyo,mobile,False
552.03,deposit,online,New York,atm,False
1340.41,deposit,online,New York,atm,False
22.66,transfer,online,New York,atm,False
880.85,deposit,entertainment,New York,mobile,False
1120.97,deposit,entertainment,Tokyo,mobile,False
26.42,transfer,entertainment,New York,atm,False
17.89,transfer,entertainment,New York,mobile,False
39.18,transfer,entertainment,Tokyo,mobile,False
8.19,transfer,entertainment,Tokyo,mobile,False
1103.68,deposit,online,Tokyo,atm,False
48.23,transfer,online,Tokyo,mobile,False
1049.15,deposit,online,New York,mobile,False
1323.4,deposit,entertainment,Tokyo,atm,False
1011.84,deposit,online,Tokyo,mobile,False
32.59,transfer,entertainment,Tokyo,atm,False
1066.84,deposit,online,New York,mobile,False
489.9,deposit,entertainment,New York,mobile,False
16.8,transfer,online,New York,atm,False
18.81,transfer,entertainment,New York,atm,False
35.64,transfer,entertainment,Tokyo,mobile,False
46.38,transfer,online,New York,mobile,False
781.59,deposit,entertainment,Tokyo,atm,False
1128.51,deposit,entertainment,New York,atm,False
346.53,deposit,online,Tokyo,atm,False
811.81,deposit,online,Tokyo,mobile,False
14.4,transfer,entertainment,New York,atm,False
1134.94,deposit,online,New York,mobile,False
1051.28,deposit,online,Tokyo,mobile,False
755.38,deposit,online,Tokyo,mobile,False
697.24,deposit,online,Tokyo,atm,False
163.49,deposit,online,New York,mobile,False
2067.18,deposit,entertainment,New York,atm,False
1230.15,deposit,entertainment,Tokyo,atm,False
1418.83,deposit,entertainment,Tokyo,mobile,False
1646.94,deposit,online,New York,atm,False
2210.85,deposit,online,New York,atm,False
372,deposit,online,Tokyo,atm,False
839.73,deposit,entertainment,Tokyo,atm,False
104.07,transfer,entertainment,Tokyo,atm,False
31.27,transfer,online,New York,atm,False
36.23,transfer,online,Tokyo,atm,False
1712.83,deposit,entertainment,New York,mobile,False
12.53,transfer,entertainment,Tokyo,atm,False
24.79,transfer,entertainment,New York,atm,False
1586.61,deposit,entertainment,Tokyo,mobile,False
1186.83,deposit,online,New York,mobile,False
1419.74,deposit,entertainment,New York,atm,False
9.42,transfer,entertainment,New York,mobile,False
980.08,deposit,entertainment,Tokyo,mobile,False
218.19,deposit,online,Tokyo,atm,False
13.47,transfer,entertainment,New York,mobile,False
35.32,transfer,online,Tokyo,mobile,False
11.65,transfer,entertainment,Tokyo,mobile,False
15.56,deposit,entertainment,Tokyo,mobile,False
49.86,transfer,online,Tokyo,atm,False
2122.68,deposit,online,Tokyo,mobile,False
45.11,transfer,online,Tokyo,mobile,False
840.77,deposit,entertainment,New York,atm,False
11.98,transfer,entertainment,Tokyo,mobile,False
1389.32,deposit,entertainment,Tokyo,atm,False
104.74,transfer,entertainment,Tokyo,atm,False
1946.96,deposit,online,New York,mobile,False
1487.17,deposit,entertainment,Tokyo,mobile,False
1237.15,deposit,entertainment,New York,atm,False
139.6,deposit,online,New York,mobile,False
681.35,deposit,entertainment,Tokyo,mobile,False
741.42,deposit,online,Tokyo,atm,False
1493.07,deposit,online,Tokyo,atm,False
2060.09,deposit,entertainment,New York,atm,False
22.05,transfer,online,Tokyo,atm,False
1114.34,deposit,online,New York,atm,False
544.18,deposit,entertainment,New York,mobile,False
1336.68,deposit,entertainment,Tokyo,atm,False
1435.53,deposit,online,New York,atm,False
17.1,transfer,entertainment,New York,mobile,True
27.84,transfer,entertainment,New York,atm,False
17.86,transfer,online,Tokyo,atm,False
10.31,transfer,entertainment,New York,atm,False
12.35,transfer,entertainment,Tokyo,atm,True
31,transfer,online,New York,mobile,False
51.12,transfer,online,Tokyo,atm,False
15.15,transfer,entertainment,New York,mobile,False
39.73,transfer,entertainment,Tokyo,mobile,False
17.14,transfer,online,Tokyo,mobile,False
50.99,transfer,entertainment,Tokyo,atm,False
14.02,transfer,online,Tokyo,mobile,False
1009.41,deposit,entertainment,Tokyo,mobile,False
14.03,transfer,online,New York,atm,False
1065.38,deposit,online,New York,mobile,False
823.27,deposit,online,Tokyo,mobile,False
1304.76,deposit,online,New York,mobile,False
38.75,transfer,entertainment,Tokyo,atm,False
22.36,transfer,online,Tokyo,mobile,False
9.49,transfer,entertainment,New York,mobile,False
647.77,deposit,online,Tokyo,atm,False
678.4,deposit,entertainment,Tokyo,mobile,False
1599.64,deposit,entertainment,New York,atm,False
11.49,transfer,online,Tokyo,mobile,False
1295.23,deposit,entertainment,Tokyo,atm,False
2587.36,deposit,online,Tokyo,atm,False
31.23,transfer,entertainment,Tokyo,mobile,False
690.35,deposit,online,Tokyo,atm,False
8.51,transfer,online,New York,atm,False
22.52,transfer,entertainment,Tokyo,atm,False
15.79,transfer,entertainment,Tokyo,atm,False
8.21,transfer,online,Tokyo,atm,False
1098.62,deposit,entertainment,New York,mobile,False
26.16,transfer,online,Tokyo,atm,False
984.98,deposit,online,Tokyo,atm,False
21.82,transfer,online,Tokyo,atm,False
473.25,deposit,online,Tokyo,atm,False
1305.19,deposit,online,Tokyo,mobile,False
1283.74,deposit,entertainment,Tokyo,atm,False
14.33,transfer,online,New York,mobile,False
148.6,deposit,entertainment,New York,atm,False
8.54,transfer,online,Tokyo,atm,False
24.86,transfer,online,Tokyo,atm,False
1655.2,deposit,entertainment,Tokyo,atm,False
4.41,transfer,online,New York,mobile,False
21.37,transfer,online,New York,mobile,False
20.43,transfer,online,Tokyo,mobile,False
1391.64,deposit,entertainment,New York,atm,False
23.46,transfer,entertainment,New York,atm,False
712.84,deposit,entertainment,Tokyo,mobile,False
19.16,transfer,entertainment,New York,atm,False
1111.69,deposit,online,New York,atm,False
24.99,transfer,online,New York,atm,False
1056.27,deposit,entertainment,New York,mobile,False
20.36,transfer,entertainment,Tokyo,atm,False
18.91,transfer,entertainment,New York,mobile,False
762.76,deposit,online,New York,atm,False
13.14,transfer,online,Tokyo,mobile,False
40.52,transfer,entertainment,Tokyo,mobile,False
1606.9,deposit,entertainment,New York,atm,False
18.23,transfer,online,Tokyo,mobile,False
1856.95,deposit,online,Tokyo,mobile,False
442.26,deposit,online,New York,mobile,False
1307.57,deposit,entertainment,Tokyo,atm,False
24.21,transfer,entertainment,Tokyo,mobile,False
23.76,transfer,entertainment,Tokyo,atm,False
8.52,transfer,online,New York,mobile,False
26.86,transfer,entertainment,New York,mobile,False
40.82,transfer,entertainment,Tokyo,atm,False
1425.12,deposit,online,Tokyo,mobile,True
364.51,deposit,online,Tokyo,mobile,False
23.03,transfer,entertainment,Tokyo,atm,False
157.13,deposit,online,Tokyo,atm,False
26.55,transfer,online,Tokyo,mobile,False
41.66,transfer,entertainment,Tokyo,mobile,False
13.22,transfer,entertainment,New York,atm,False
664.89,deposit,online,New York,atm,False
99.21,transfer,entertainment,Tokyo,atm,False
103.97,transfer,entertainment,New York,atm,False
55.93,transfer,online,Tokyo,mobile,False
537.82,deposit,entertainment,Tokyo,atm,False
1575.68,deposit,online,New York,atm,False
1308.78,deposit,online,Tokyo,mobile,False
941.33,deposit,online,Tokyo,atm,False
998.56,deposit,entertainment,New York,mobile,False
29.51,transfer,online,Tokyo,atm,False
1384.71,deposit,online,New York,atm,False
15.29,transfer,entertainment,Tokyo,mobile,False
9.5,transfer,online,Tokyo,mobile,False
1084.86,deposit,online,New York,atm,False
739.74,deposit,online,New York,mobile,False
961.5,deposit,entertainment,New York,atm,False
1818.87,deposit,entertainment,New York,mobile,False
19.3,transfer,entertainment,New York,mobile,False
23.71,transfer,entertainment,Tokyo,atm,False
17.55,transfer,online,Tokyo,mobile,False
8.6,transfer,entertainment,Tokyo,atm,False
11.04,transfer,entertainment,Tokyo,atm,False
34.41,transfer,online,Tokyo,atm,False
544.21,deposit,entertainment,New York,mobile,False
28.07,transfer,online,New York,mobile,False
40.18,transfer,online,New York,atm,False
35.91,transfer,online,New York,atm,False
38.12,transfer,entertainment,Tokyo,atm,False
1828.78,deposit,online,Tokyo,mobile,True
1697.84,deposit,entertainment,Tokyo,mobile,False
122.83,deposit,online,New York,mobile,False
1448.3,deposit,online,New York,mobile,False
22.36,transfer,entertainment,Tokyo,atm,False
6.26,transfer,entertainment,Tokyo,atm,False
6.07,transfer,online,New York,mobile,False
135.92,deposit,entertainment,New York,atm,False
15.73,transfer,online,Tokyo,mobile,False
46.6,transfer,entertainment,Tokyo,mobile,False
319.32,deposit,entertainment,Tokyo,atm,False
34.82,transfer,online,Tokyo,mobile,False
460.1,deposit,entertainment,New York,mobile,False
18.53,transfer,online,Tokyo,atm,False
203.02,deposit,online,Tokyo,atm,False
27.77,transfer,online,Tokyo,mobile,False
17.65,transfer,online,Tokyo,mobile,False
13.95,transfer,online,Tokyo,atm,False
473.85,deposit,entertainment,Tokyo,atm,False
15.28,transfer,online,Tokyo,mobile,False
1532.96,deposit,entertainment,New York,atm,False
10.19,transfer,online,New York,mobile,False
14.7,transfer,online,Tokyo,mobile,False
1014.59,deposit,entertainment,New York,mobile,False
1097.75,deposit,entertainment,New York,atm,False
753.66,deposit,entertainment,Tokyo,mobile,False
123.71,transfer,online,Tokyo,atm,False
67.8,transfer,entertainment,Tokyo,atm,False
26.23,transfer,entertainment,Tokyo,atm,False
9.32,transfer,online,New York,atm,False
47.44,transfer,entertainment,New York,atm,False
491.56,deposit,entertainment,New York,mobile,False
56.42,transfer,online,Tokyo,atm,False
386.4,deposit,entertainment,Tokyo,atm,False
11.91,transfer,online,New York,mobile,False
23.58,transfer,online,Tokyo,mobile,False
703.5,deposit,online,New York,mobile,False
550.42,deposit,entertainment,New York,mobile,False
7.58,transfer,entertainment,Tokyo,mobile,False
588.33,deposit,entertainment,Tokyo,atm,False
77.73,deposit,online,New York,atm,False
817.79,deposit,entertainment,New York,mobile,False
1432.55,deposit,entertainment,Tokyo,atm,False
1406.32,deposit,online,New York,atm,False
32.18,transfer,entertainment,Tokyo,mobile,False
1444.83,deposit,online,New York,atm,False
1481.74,deposit,entertainment,Tokyo,mobile,False
44.58,transfer,online,New York,atm,False
31.94,transfer,entertainment,New York,atm,False
53.53,transfer,online,Tokyo,atm,False
25.53,transfer,entertainment,New York,mobile,False
833.79,deposit,entertainment,Tokyo,atm,False
31.67,transfer,online,Tokyo,mobile,False
643.25,deposit,entertainment,New York,mobile,False
1321.07,deposit,entertainment,Tokyo,mobile,False
1090.14,deposit,online,New York,mobile,False
430.54,deposit,online,Tokyo,mobile,False
1343.15,deposit,online,New York,mobile,False
42.04,transfer,online,New York,atm,False
433.61,deposit,online,New York,mobile,False
1332.06,deposit,online,New York,mobile,False
1009.4,deposit,entertainment,New York,mobile,False
10.55,transfer,entertainment,Tokyo,atm,False
22.43,transfer,online,New York,atm,False
24.77,transfer,entertainment,New York,atm,False
1077.54,deposit,online,Tokyo,mobile,False
1372.96,deposit,online,Tokyo,atm,False
1391.04,deposit,entertainment,New York,atm,False
1292.8,deposit,online,New York,atm,False
1288.43,deposit,entertainment,Tokyo,atm,False
30.55,transfer,entertainment,Tokyo,atm,False
303.81,deposit,online,Tokyo,atm,False
14.85,transfer,online,New York,mobile,False
1.91,transfer,entertainment,New York,atm,False
38.38,transfer,online,New York,mobile,False
12.06,transfer,entertainment,New York,mobile,False
1408.68,deposit,entertainment,Tokyo,atm,False
35.5,transfer,online,New York,atm,False
15.46,transfer,online,Tokyo,mobile,False
186,deposit,entertainment,Tokyo,atm,False
54.7,transfer,online,New York,mobile,False
1278.22,deposit,entertainment,New York,atm,False
30.44,transfer,online,New York,mobile,False
1044.07,deposit,online,Tokyo,atm,False
20.75,transfer,entertainment,Tokyo,atm,False
1681.56,deposit,entertainment,New York,atm,False
58.15,transfer,entertainment,New York,atm,False
13.37,transfer,online,Tokyo,atm,False
1121.98,deposit,online,New York,mobile,False
9.28,transfer,online,Tokyo,atm,False
1100.68,deposit,online,Tokyo,atm,False
16.87,transfer,entertainment,New York,atm,False
1396.23,deposit,entertainment,Tokyo,mobile,False
17.74,transfer,online,New York,mobile,False
1127.26,deposit,online,New York,mobile,False
1456.93,deposit,online,Tokyo,atm,False
9.18,transfer,online,Tokyo,mobile,False
918.91,deposit,entertainment,Tokyo,atm,False
1028.46,deposit,entertainment,New York,atm,False
12.61,transfer,entertainment,New York,mobile,False
883.24,deposit,online,Tokyo,mobile,False
23.68,transfer,online,Tokyo,atm,True
4.54,transfer,online,New York,mobile,False
2055.95,deposit,online,Tokyo,atm,False
1770.29,deposit,online,Tokyo,mobile,False
1038.18,deposit,online,Tokyo,mobile,False
1739.45,deposit,online,Tokyo,atm,False
543.49,deposit,online,Tokyo,atm,False
1915.99,deposit,online,Tokyo,mobile,False
7.26,transfer,online,Tokyo,atm,False
20.57,transfer,entertainment,New York,mobile,False
37.19,transfer,online,Tokyo,atm,False
32.95,transfer,entertainment,Tokyo,mobile,False
614.98,deposit,online,Tokyo,atm,False
1254.68,deposit,online,Tokyo,atm,False
2080.5,deposit,online,Tokyo,atm,False
1084.41,deposit,online,Tokyo,mobile,False
486.02,deposit,online,New York,atm,False
24.84,transfer,entertainment,Tokyo,atm,False
1990.09,deposit,entertainment,Tokyo,atm,False
16.38,transfer,entertainment,Tokyo,atm,False
35.47,transfer,entertainment,New York,atm,False
87.27,transfer,entertainment,New York,mobile,False
374.71,deposit,entertainment,Tokyo,atm,False
478.59,deposit,entertainment,New York,atm,False
23.47,transfer,online,Tokyo,mobile,False
0.01,deposit,entertainment,New York,atm,False
68.35,transfer,online,Tokyo,mobile,False
669.56,deposit,entertainment,Tokyo,atm,False
33.9,transfer,online,New York,mobile,False
1718.83,deposit,online,Tokyo,atm,False
75.42,transfer,online,New York,mobile,False
1240.5,deposit,online,New York,mobile,False
112.24,deposit,entertainment,Tokyo,mobile,False
937.16,deposit,online,New York,atm,False
19.8,transfer,online,Tokyo,atm,False
319.21,deposit,online,Tokyo,atm,False
3.81,transfer,online,New York,mobile,False
16.01,transfer,online,Tokyo,atm,False
20.57,transfer,online,New York,mobile,False
1152.44,deposit,entertainment,Tokyo,mobile,False
20.98,transfer,online,New York,atm,False
19.52,transfer,entertainment,New York,mobile,False
18.83,transfer,online,Tokyo,atm,False
604.92,deposit,online,Tokyo,mobile,False
21.77,transfer,online,New York,atm,False
1076.92,deposit,entertainment,Tokyo,mobile,False
32.32,transfer,entertainment,New York,mobile,False
50.86,transfer,entertainment,Tokyo,atm,False
29.72,transfer,entertainment,New York,mobile,False
1165.87,deposit,entertainment,Tokyo,mobile,False
1271.39,deposit,entertainment,New York,mobile,False
24.05,transfer,entertainment,New York,atm,False
15.26,transfer,online,New York,mobile,False
1525.82,deposit,entertainment,New York,mobile,False
63.13,transfer,online,New York,atm,False
10.95,transfer,entertainment,New York,atm,False
13.35,transfer,online,New York,mobile,False
15.1,transfer,online,New York,mobile,False
18.98,transfer,online,Tokyo,atm,False
1134.86,deposit,entertainment,New York,mobile,False
39.71,transfer,online,Tokyo,mobile,False
22.52,transfer,entertainment,Tokyo,atm,False
60.49,transfer,entertainment,Tokyo,mobile,False
1221.67,deposit,online,New York,atm,False
19.06,deposit,online,Tokyo,atm,False
14.88,transfer,online,Tokyo,atm,False
53.91,transfer,entertainment,Tokyo,atm,False
734.56,deposit,online,New York,atm,False
980.51,deposit,entertainment,New York,mobile,False
1435.31,deposit,online,New York,atm,False
14.19,transfer,online,New York,mobile,False
898.43,deposit,online,New York,atm,False
1469.86,deposit,entertainment,New York,mobile,False
1147.71,deposit,entertainment,New York,atm,False
679.33,deposit,online,Tokyo,atm,False
19.88,transfer,entertainment,Tokyo,mobile,False
712.82,deposit,online,Tokyo,mobile,False
1067.4,deposit,entertainment,New York,atm,False
1205.8,deposit,online,Tokyo,mobile,False
14.47,transfer,entertainment,Tokyo,mobile,False
19.54,transfer,entertainment,New York,mobile,False
619.39,deposit,online,New York,mobile,False
24.23,transfer,entertainment,New York,mobile,False
11.29,transfer,online,New York,mobile,False
61.13,transfer,online,New York,mobile,False
14.57,transfer,entertainment,New York,atm,False
602.25,deposit,online,Tokyo,mobile,False
1069.52,deposit,online,New York,mobile,False
1514,deposit,online,New York,mobile,False
1213.1,deposit,online,Tokyo,mobile,False
249.41,deposit,online,Tokyo,mobile,False
355.14,deposit,entertainment,Tokyo,atm,False
15.72,transfer,online,Tokyo,mobile,False
1289.72,deposit,entertainment,New York,atm,False
1212.89,deposit,entertainment,New York,atm,False
76.35,deposit,online,Tokyo,mobile,False
63.58,transfer,entertainment,New York,mobile,False
14.24,transfer,entertainment,New York,atm,False
1168.48,deposit,entertainment,Tokyo,mobile,False
610.45,deposit,online,New York,atm,False
11.32,transfer,entertainment,Tokyo,mobile,False
30.11,transfer,entertainment,Tokyo,atm,False
1996.88,deposit,entertainment,New York,mobile,False
684.44,deposit,entertainment,Tokyo,atm,False
435.61,deposit,entertainment,Tokyo,atm,False
985.8,deposit,entertainment,New York,mobile,False
16.72,transfer,entertainment,Tokyo,atm,False
48.65,transfer,entertainment,Tokyo,mobile,False
726.24,deposit,entertainment,New York,atm,False
15.24,transfer,entertainment,New York,mobile,False
1020.23,deposit,entertainment,Tokyo,atm,False
31.03,transfer,entertainment,New York,mobile,False
1237.58,deposit,entertainment,New York,atm,False
1392.26,deposit,entertainment,New York,mobile,False
45.65,transfer,entertainment,New York,mobile,False
683.85,deposit,entertainment,New York,mobile,False
0.01,deposit,online,Tokyo,mobile,False
20.67,transfer,online,New York,mobile,False
31.18,transfer,entertainment,New York,atm,False
16.89,transfer,online,Tokyo,mobile,False
25.2,transfer,online,New York,mobile,False
1042.41,deposit,entertainment,New York,atm,False
744.53,deposit,online,New York,mobile,False
11.59,transfer,entertainment,New York,atm,False
965.41,deposit,entertainment,New York,mobile,False
6.96,transfer,entertainment,Tokyo,atm,False
0.01,deposit,entertainment,Tokyo,mobile,False
38.29,transfer,online,Tokyo,mobile,False
852.52,deposit,online,Tokyo,mobile,False
7.52,transfer,online,New York,atm,False
12.43,transfer,online,Tokyo,mobile,False
19.62,transfer,entertainment,New York,atm,False
50.78,transfer,entertainment,Tokyo,mobile,False
1586.39,deposit,online,New York,mobile,False
26.39,transfer,entertainment,Tokyo,mobile,False
67.4,deposit,online,New York,mobile,False
314.7,deposit,online,New York,atm,False
15.83,transfer,online,New York,mobile,False
1093.57,deposit,online,New York,mobile,False
16.74,transfer,online,New York,atm,False
1068.48,deposit,online,New York,mobile,False
702.77,deposit,entertainment,Tokyo,atm,False
25.36,transfer,entertainment,New York,atm,False
43.53,deposit,entertainment,Tokyo,mobile,False
19.82,transfer,online,New York,mobile,False
27.27,transfer,entertainment,Tokyo,atm,False
336.66,deposit,entertainment,Tokyo,atm,False
24.19,transfer,entertainment,Tokyo,atm,False
1579.59,deposit,online,New York,atm,False
17.77,transfer,online,Tokyo,atm,False
10.74,transfer,entertainment,New York,atm,False
1292.19,deposit,online,New York,atm,False
1652.88,deposit,entertainment,Tokyo,mobile,False
37.4,transfer,online,Tokyo,mobile,False
64.42,transfer,entertainment,Tokyo,atm,False
1013.64,deposit,online,Tokyo,atm,False
22.34,transfer,entertainment,New York,mobile,False
1461.54,deposit,entertainment,New York,atm,False
1472.16,deposit,entertainment,Tokyo,atm,False
40.86,transfer,online,Tokyo,mobile,False
301.62,deposit,online,Tokyo,atm,False
1408.32,deposit,online,New York,mobile,False
6.88,transfer,entertainment,New York,mobile,False
1015.05,deposit,entertainment,New York,atm,False
0.01,deposit,entertainment,New York,atm,False
35.64,transfer,online,Tokyo,mobile,False
14.25,transfer,entertainment,Tokyo,atm,False
12.73,transfer,online,Tokyo,mobile,False
924.96,deposit,online,Tokyo,atm,False
1506.99,deposit,online,New York,mobile,False
47.73,transfer,entertainment,Tokyo,mobile,False
21.51,transfer,online,New York,atm,False
1771.48,deposit,online,New York,atm,False
19.5,transfer,online,New York,mobile,False
385.05,deposit,entertainment,New York,mobile,False
11.54,transfer,entertainment,New York,mobile,False
474.55,deposit,online,New York,mobile,False
49.95,transfer,entertainment,Tokyo,mobile,False
1225.37,deposit,entertainment,New York,atm,False
44.22,transfer,entertainment,New York,atm,False
8.3,transfer,entertainment,Tokyo,mobile,False
407.12,deposit,online,New York,mobile,False
247.05,deposit,entertainment,New York,atm,False
1857.56,deposit,online,New York,mobile,False
9.27,transfer,online,Tokyo,atm,False
572.49,deposit,online,New York,mobile,False
6.84,transfer,online,Tokyo,mobile,False
858.26,deposit,entertainment,New York,mobile,False
3.87,transfer,entertainment,Tokyo,atm,False
1102.44,deposit,entertainment,New York,mobile,False
77.96,transfer,entertainment,Tokyo,atm,False
8.24,transfer,online,New York,mobile,False
631.28,deposit,entertainment,Tokyo,mobile,False
1561.21,deposit,online,Tokyo,atm,False
25.41,transfer,online,New York,mobile,False
47.9,transfer,entertainment,New York,atm,False
1378.61,deposit,entertainment,New York,mobile,False
2059.49,deposit,entertainment,New York,mobile,False
27.2,transfer,online,Tokyo,mobile,False
319.26,deposit,online,Tokyo,atm,False
1708.73,deposit,entertainment,Tokyo,mobile,False
1292,deposit,online,New York,atm,False
10.97,transfer,entertainment,New York,mobile,False
36.34,transfer,online,New York,mobile,False
824.45,deposit,online,New York,atm,False
997.67,deposit,entertainment,New York,mobile,False
903.29,deposit,entertainment,Tokyo,mobile,False
0.01,deposit,online,New York,mobile,False
429.82,deposit,online,New York,mobile,False
611.71,deposit,online,New York,atm,False
17.72,transfer,online,New York,atm,False
611.26,deposit,online,New York,atm,False
42.7,transfer,entertainment,New York,mobile,False
29.6,transfer,online,Tokyo,mobile,False
1927.25,deposit,online,New York,mobile,False
1059.95,deposit,online,Tokyo,atm,False
8.36,transfer,entertainment,New York,mobile,False
26.11,transfer,online,Tokyo,mobile,False
1395.5,deposit,online,Tokyo,atm,False
15.75,transfer,online,New York,mobile,False
19.37,transfer,entertainment,Tokyo,mobile,False
12.6,transfer,entertainment,New York,atm,False
1600.99,deposit,online,New York,mobile,False
648.91,deposit,entertainment,Tokyo,atm,False
16.75,transfer,entertainment,Tokyo,mobile,False
294.53,transfer,entertainment,Tokyo,mobile,False
25.94,transfer,online,Tokyo,atm,False
592.24,deposit,entertainment,New York,mobile,False
1223.44,deposit,entertainment,Tokyo,atm,False
516.72,deposit,online,New York,atm,False
496.13,deposit,online,New York,atm,False
14.69,transfer,entertainment,New York,mobile,False
582.27,deposit,online,Tokyo,mobile,False
927.02,deposit,online,Tokyo,mobile,False
22.97,transfer,entertainment,New York,mobile,False
12.76,transfer,entertainment,New York,mobile,False
1208.53,deposit,online,New York,atm,False
538.46,deposit,entertainment,Tokyo,mobile,False
753.12,deposit,entertainment,New York,mobile,False
816.7,deposit,entertainment,New York,atm,False
996.9,deposit,online,Tokyo,atm,False
13.75,transfer,online,New York,mobile,False
963.48,deposit,online,Tokyo,atm,False
13.01,transfer,entertainment,Tokyo,mobile,False
682.76,deposit,online,Tokyo,mobile,False
1402.13,deposit,online,New York,mobile,False
13.81,transfer,entertainment,New York,atm,False
18.46,transfer,entertainment,Tokyo,mobile,False
10.48,transfer,online,New York,atm,False
964.48,deposit,online,New York,mobile,False
418.53,deposit,entertainment,New York,atm,False
20.72,transfer,online,Tokyo,atm,False
15.8,transfer,entertainment,Tokyo,mobile,False
17.18,transfer,entertainment,New York,mobile,False
52.7,transfer,entertainment,New York,mobile,False
10.58,transfer,online,Tokyo,atm,False
978.7,deposit,online,Tokyo,atm,False
85.29,transfer,online,Tokyo,atm,False
1191.32,deposit,entertainment,Tokyo,atm,False
1649.01,deposit,entertainment,Tokyo,atm,False
35.19,transfer,online,Tokyo,mobile,False
1159.57,deposit,online,Tokyo,mobile,False
26.48,transfer,online,New York,atm,False
67.42,transfer,online,New York,mobile,False
17.72,transfer,entertainment,Tokyo,mobile,False
1076.09,deposit,online,Tokyo,atm,False
5.17,transfer,entertainment,Tokyo,mobile,False
1640.25,deposit,online,New York,atm,False
12.42,transfer,entertainment,Tokyo,mobile,False
1307.85,deposit,online,Tokyo,mobile,False
1122.81,deposit,online,Tokyo,mobile,False
8.33,transfer,online,New York,atm,False
83.18,transfer,online,New York,mobile,False
42.07,transfer,online,New York,mobile,False
13.86,transfer,online,Tokyo,mobile,False
1116.47,deposit,entertainment,New York,atm,False
1641.93,deposit,online,Tokyo,atm,False
895.84,deposit,entertainment,Tokyo,mobile,False
1605.15,deposit,entertainment,New York,atm,False
1197.16,deposit,online,New York,mobile,False
524.08,deposit,entertainment,Tokyo,atm,False
188.24,deposit,online,Tokyo,atm,False
26.92,transfer,entertainment,Tokyo,mobile,False
1415.36,deposit,entertainment,Tokyo,atm,False
980.37,deposit,online,Tokyo,mobile,False
12.94,transfer,entertainment,Tokyo,mobile,False
559.31,deposit,entertainment,Tokyo,mobile,False
1136.54,deposit,online,Tokyo,mobile,False
15.94,transfer,entertainment,Tokyo,mobile,False
1046.04,deposit,entertainment,New York,mobile,False
23.24,transfer,entertainment,Tokyo,mobile,False
1571.15,deposit,online,Tokyo,mobile,False
761.28,deposit,online,Tokyo,mobile,False
299.65,deposit,online,Tokyo,atm,False
7.03,transfer,online,Tokyo,atm,False
883.26,deposit,online,Tokyo,mobile,False
583.48,deposit,entertainment,Tokyo,atm,False
13.06,transfer,entertainment,New York,mobile,False
12.96,transfer,entertainment,New York,mobile,False
6.46,transfer,entertainment,New York,mobile,False
28.98,deposit,online,New York,mobile,False
9.53,transfer,online,New York,atm,False
0.01,deposit,entertainment,Tokyo,atm,False
2209.5,deposit,online,Tokyo,mobile,False
520.51,deposit,entertainment,Tokyo,atm,False
8.85,transfer,online,New York,mobile,False
895.55,deposit,online,Tokyo,mobile,False
1629.81,deposit,online,New York,mobile,False
14.17,transfer,online,New York,atm,False
1079.71,deposit,entertainment,New York,atm,True
2071.62,deposit,online,Tokyo,mobile,False
12.44,transfer,entertainment,Tokyo,atm,False
1391.54,deposit,entertainment,New York,atm,False
1695.66,deposit,entertainment,Tokyo,atm,False
1507.55,deposit,entertainment,New York,atm,False
41.13,transfer,entertainment,Tokyo,mobile,False
26.98,transfer,entertainment,New York,atm,False
0.01,deposit,entertainment,New York,mobile,False
382.72,deposit,entertainment,New York,mobile,False
7.78,transfer,entertainment,New York,mobile,False
20.04,transfer,entertainment,Tokyo,mobile,False
66.85,transfer,entertainment,New York,atm,False
776.09,deposit,online,New York,atm,False
642.62,deposit,online,Tokyo,mobile,False
1054.51,deposit,entertainment,New York,atm,False
15.83,transfer,entertainment,Tokyo,mobile,False
1486.59,deposit,entertainment,New York,atm,False
10.06,transfer,online,Tokyo,mobile,False
262.87,deposit,online,Tokyo,mobile,False
20.26,transfer,online,Tokyo,atm,False
5.71,transfer,online,New York,mobile,False
18.21,transfer,entertainment,New York,mobile,False
803.27,deposit,online,Tokyo,atm,False
497.39,deposit,entertainment,New York,mobile,False
51.75,transfer,entertainment,Tokyo,atm,False
30.42,transfer,entertainment,New York,atm,False
30.9,transfer,entertainment,Tokyo,mobile,False
57.99,transfer,entertainment,Tokyo,atm,False
44.52,transfer,entertainment,New York,atm,False
926.1,deposit,online,New York,atm,False
623.47,deposit,entertainment,Tokyo,mobile,False
1273.88,deposit,entertainment,New York,mobile,False
19.87,transfer,entertainment,Tokyo,mobile,False
67.84,transfer,online,Tokyo,mobile,False
31.36,transfer,entertainment,New York,mobile,False
5.28,transfer,entertainment,New York,mobile,False
28.81,transfer,entertainment,Tokyo,atm,False
200,deposit,entertainment,New York,mobile,False
15.06,transfer,entertainment,Tokyo,atm,False
719.91,deposit,online,New York,atm,False
40.15,transfer,entertainment,Tokyo,mobile,False
1154.7,deposit,entertainment,Tokyo,atm,False
10.19,transfer,entertainment,New York,mobile,False
28.15,transfer,online,New York,mobile,False
26.26,transfer,entertainment,Tokyo,atm,False
12.57,transfer,online,New York,mobile,False
940.37,deposit,online,Tokyo,mobile,False
832.46,deposit,online,Tokyo,mobile,False
39.3,transfer,online,Tokyo,mobile,False
361.29,deposit,entertainment,New York,mobile,False
1930.09,deposit,online,Tokyo,atm,False
49.67,transfer,entertainment,New York,mobile,False
1092,deposit,online,New York,mobile,False
377.26,deposit,entertainment,New York,atm,False
511.52,deposit,entertainment,Tokyo,atm,False
653.46,deposit,entertainment,Tokyo,atm,False
13.32,transfer,online,New York,atm,False
1490.48,deposit,entertainment,New York,atm,False
19.68,transfer,online,Tokyo,atm,False
960.81,deposit,entertainment,New York,mobile,False
1397.29,deposit,online,Tokyo,atm,False
26.1,transfer,entertainment,Tokyo,mobile,False
14.4,transfer,entertainment,New York,mobile,False
1236.24,deposit,entertainment,Tokyo,atm,False
796.23,deposit,entertainment,Tokyo,atm,False
647.3,deposit,entertainment,New York,atm,False
928,deposit,entertainment,Tokyo,mobile,False
23.82,transfer,online,New York,mobile,False
218.27,deposit,entertainment,New York,atm,False
834.01,deposit,online,Tokyo,atm,False
30.84,transfer,online,New York,mobile,False
20.11,transfer,entertainment,Tokyo,mobile,False
1087.78,deposit,entertainment,Tokyo,mobile,False
1738.92,deposit,online,New York,mobile,False
812.89,deposit,online,Tokyo,atm,False
39.8,transfer,entertainment,Tokyo,atm,False
778.1,deposit,online,New York,atm,False
17.37,transfer,online,Tokyo,mobile,False
12.15,transfer,online,Tokyo,mobile,False
37.77,transfer,online,Tokyo,mobile,False
1487.36,deposit,online,Tokyo,mobile,False
645.28,deposit,online,New York,mobile,False
658.11,deposit,entertainment,New York,mobile,False
14.58,transfer,entertainment,New York,atm,False
72.86,transfer,entertainment,Tokyo,atm,False
37.45,transfer,entertainment,New York,atm,False
16.24,transfer,online,Tokyo,atm,False
4.76,transfer,online,Tokyo,atm,False
968.09,deposit,entertainment,New York,mobile,False
1655.08,deposit,entertainment,Tokyo,mobile,False
1160.93,deposit,entertainment,New York,atm,False
515.93,deposit,online,Tokyo,atm,False
13.97,transfer,entertainment,New York,mobile,False
122.14,transfer,entertainment,Tokyo,mobile,False
458.84,deposit,entertainment,Tokyo,mobile,False
27.04,transfer,online,Tokyo,atm,False
38.78,transfer,entertainment,Tokyo,atm,False
1399.67,deposit,entertainment,New York,atm,False
9.15,transfer,entertainment,Tokyo,atm,False
45.98,transfer,entertainment,New York,mobile,False
51.91,transfer,online,Tokyo,mobile,False
1083.46,deposit,online,New York,mobile,False
965.52,deposit,online,Tokyo,atm,False
26.31,transfer,entertainment,Tokyo,atm,False
538.65,deposit,entertainment,Tokyo,atm,False
790.68,deposit,online,Tokyo,atm,False
991.93,deposit,online,Tokyo,atm,False
28.24,transfer,online,Tokyo,mobile,False
972.65,deposit,online,New York,mobile,False
32.24,transfer,entertainment,New York,mobile,False
1334.96,deposit,online,New York,mobile,False
428.41,deposit,entertainment,Tokyo,atm,False
25.36,transfer,entertainment,Tokyo,atm,False
28.52,transfer,online,Tokyo,mobile,False
19.3,transfer,entertainment,New York,mobile,False
15.23,transfer,entertainment,Tokyo,atm,False
78.22,transfer,online,Tokyo,mobile,False
870.87,deposit,entertainment,Tokyo,atm,False
41.11,transfer,online,Tokyo,atm,False
1479.73,deposit,entertainment,New York,mobile,False
17.65,transfer,online,Tokyo,atm,False
23.51,transfer,entertainment,New York,atm,False
26.63,transfer,entertainment,Tokyo,mobile,False
1951.99,deposit,online,Tokyo,mobile,False
9.32,transfer,online,Tokyo,mobile,False
251.35,deposit,online,New York,atm,False
7.58,transfer,online,Tokyo,atm,False
22.39,transfer,entertainment,New York,mobile,False
161.81,deposit,entertainment,Tokyo,atm,False
10.8,transfer,entertainment,Tokyo,mobile,False
52.51,transfer,online,New York,atm,False
908.67,deposit,entertainment,Tokyo,mobile,False
16.28,transfer,entertainment,Tokyo,atm,False
952.77,deposit,online,New York,atm,False
1283.43,deposit,entertainment,New York,atm,False
838.06,deposit,online,New York,mobile,False
19.94,transfer,online,Tokyo,atm,False
812.02,deposit,online,New York,atm,True
2217.64,deposit,online,New York,atm,False
869.91,deposit,entertainment,Tokyo,mobile,False
17.96,transfer,online,Tokyo,atm,False
57.15,transfer,online,New York,atm,False
10.41,transfer,entertainment,New York,atm,False
1182.54,deposit,online,New York,atm,False
0.01,deposit,online,Tokyo,mobile,False
9.9,transfer,entertainment,New York,atm,False
17.92,transfer,online,New York,mobile,False
6.42,transfer,entertainment,Tokyo,mobile,False
1782.92,deposit,entertainment,New York,atm,False
736.7,deposit,online,New York,mobile,False
770.93,deposit,online,New York,mobile,False
27.86,transfer,entertainment,Tokyo,mobile,False
8.39,transfer,entertainment,Tokyo,mobile,False
927.08,deposit,entertainment,New York,mobile,False
1393.97,deposit,online,New York,atm,False
26.21,transfer,entertainment,New York,atm,False
442.46,deposit,online,New York,atm,False
26.78,transfer,online,Tokyo,mobile,False
12.79,transfer,entertainment,Tokyo,atm,False
1543.28,deposit,entertainment,New York,mobile,False
1177.39,deposit,entertainment,New York,atm,False
1251.15,deposit,online,Tokyo,atm,False
31.57,transfer,entertainment,Tokyo,atm,False
16.88,transfer,online,New York,mobile,False
1465.95,deposit,entertainment,Tokyo,mobile,False
1254.84,deposit,entertainment,New York,atm,False
37.42,transfer,entertainment,Tokyo,mobile,False
1191.27,deposit,online,Tokyo,mobile,True
9.26,transfer,entertainment,New York,mobile,False
6.81,transfer,online,Tokyo,atm,False
1118.08,deposit,online,Tokyo,mobile,False
7.62,transfer,entertainment,New York,atm,False
21.7,transfer,entertainment,New York,atm,False
15.15,transfer,online,New York,mobile,False
5.32,transfer,entertainment,New York,atm,False
944.96,deposit,online,New York,mobile,False
36,transfer,online,Tokyo,mobile,False
110.07,transfer,entertainment,Tokyo,atm,False
5.55,transfer,online,Tokyo,atm,False
7.64,transfer,entertainment,Tokyo,atm,False
19.01,transfer,online,New York,mobile,False
1459.71,deposit,entertainment,Tokyo,atm,False
28.04,transfer,entertainment,New York,atm,False
9.6,transfer,online,Tokyo,mobile,False
405.1,deposit,entertainment,Tokyo,atm,False
11.26,transfer,online,Tokyo,atm,False
709.12,deposit,online,Tokyo,atm,False
36.88,transfer,online,New York,mobile,False
565.25,deposit,online,New York,mobile,False
17.85,transfer,online,New York,atm,False
6.57,transfer,entertainment,Tokyo,atm,False
1260.62,deposit,entertainment,Tokyo,atm,False
20.31,transfer,online,Tokyo,atm,False
7.76,transfer,online,Tokyo,atm,False
11.37,transfer,entertainment,New York,mobile,True
4.65,transfer,entertainment,Tokyo,mobile,False
11.38,transfer,entertainment,New York,mobile,False
132.84,transfer,online,New York,mobile,False
570.8,deposit,online,Tokyo,atm,False
1007.14,deposit,entertainment,New York,atm,False
0.01,deposit,entertainment,New York,atm,False
1760.39,deposit,entertainment,New York,atm,False
24.31,transfer,online,Tokyo,atm,False
55.2,transfer,entertainment,Tokyo,mobile,False
53.13,transfer,entertainment,Tokyo,mobile,False
788.09,deposit,entertainment,Tokyo,mobile,False
69.26,transfer,entertainment,Tokyo,atm,False
24.39,transfer,online,New York,mobile,False
20.64,transfer,online,Tokyo,mobile,False
13.55,transfer,entertainment,New York,atm,False
755.14,deposit,online,Tokyo,mobile,False
40.14,transfer,entertainment,New York,atm,False
1144.27,deposit,online,New York,atm,False
288.38,deposit,entertainment,New York,mobile,False
9.66,transfer,online,New York,atm,False
6.67,transfer,online,New York,atm,False
173.47,deposit,online,Tokyo,mobile,False
24.66,transfer,entertainment,New York,atm,False
25.38,transfer,entertainment,Tokyo,atm,False
15.1,transfer,online,Tokyo,mobile,False
17.05,transfer,entertainment,New York,mobile,False
12.07,transfer,online,New York,mobile,False
1070.38,deposit,online,New York,atm,False
18.47,transfer,entertainment,Tokyo,atm,False
119.32,deposit,entertainment,New York,atm,False
2036.9,deposit,online,Tokyo,atm,False
27.91,transfer,entertainment,New York,mobile,False
39.57,transfer,entertainment,New York,atm,False
1821.58,deposit,online,New York,mobile,False
28.13,transfer,entertainment,New York,mobile,False
914.76,deposit,online,New York,mobile,False
18.35,transfer,entertainment,Tokyo,mobile,False
1769.44,deposit,online,Tokyo,atm,False
634.32,deposit,entertainment,New York,mobile,False
433.74,deposit,online,New York,mobile,False
1032.02,deposit,online,Tokyo,atm,False
396.46,deposit,entertainment,Tokyo,mobile,False
11.39,transfer,entertainment,Tokyo,mobile,False
822.54,deposit,online,New York,atm,False
448.15,deposit,entertainment,Tokyo,mobile,False
76.74,transfer,online,Tokyo,atm,False
6.65,transfer,entertainment,Tokyo,mobile,False
4.05,transfer,online,Tokyo,mobile,False
43.47,transfer,online,Tokyo,atm,False
45.62,transfer,online,New York,mobile,False
1257.08,deposit,entertainment,Tokyo,atm,False
1856.76,deposit,entertainment,Tokyo,mobile,False
972.62,deposit,online,Tokyo,atm,False
650.16,deposit,entertainment,Tokyo,mobile,False
38.31,transfer,online,Tokyo,mobile,False
1403.55,deposit,entertainment,Tokyo,atm,False
9.06,transfer,entertainment,New York,mobile,False
256.88,deposit,entertainment,Tokyo,atm,False
10.79,transfer,online,Tokyo,mobile,False
522.61,deposit,online,New York,atm,False
8.15,transfer,online,Tokyo,mobile,False
895.22,deposit,entertainment,New York,mobile,False
537.03,deposit,online,Tokyo,mobile,False
17.74,transfer,online,New York,atm,False
802.08,deposit,entertainment,Tokyo,atm,False
1227.66,deposit,entertainment,New York,mobile,False
9.85,transfer,online,Tokyo,atm,False
1275.25,deposit,entertainment,New York,atm,False
11.07,transfer,entertainment,New York,mobile,False
33.8,transfer,online,Tokyo,mobile,False
2187.22,deposit,entertainment,Tokyo,atm,False
1073.02,deposit,online,New York,mobile,False
1395.37,deposit,online,Tokyo,atm,False
491.74,deposit,online,Tokyo,mobile,False
22.95,transfer,entertainment,New York,mobile,False
63.19,transfer,online,New York,mobile,False
15.02,transfer,online,Tokyo,atm,False
28.11,transfer,online,New York,atm,False
11.45,transfer,online,Tokyo,mobile,False
878.5,deposit,online,New York,mobile,False
40.48,transfer,online,Tokyo,atm,False
31.26,transfer,online,Tokyo,mobile,False
5.99,transfer,online,New York,mobile,False
17.52,transfer,entertainment,New York,mobile,False
30.28,transfer,entertainment,Tokyo,mobile,False
1364.61,deposit,online,Tokyo,atm,False
1166.13,deposit,online,New York,atm,False
1165.82,deposit,online,Tokyo,mobile,False
32.12,transfer,online,Tokyo,atm,False
1751.61,deposit,online,New York,mobile,False
893.89,deposit,entertainment,Tokyo,atm,False
1127.6,deposit,online,Tokyo,mobile,False
9.13,transfer,online,Tokyo,mobile,False
759.4,deposit,entertainment,Tokyo,atm,False
1552.59,deposit,entertainment,New York,mobile,False
81.84,transfer,entertainment,New York,atm,False
634.35,deposit,entertainment,New York,mobile,False
17.15,transfer,online,New York,atm,False
682.41,deposit,entertainment,New York,atm,False
32.47,transfer,entertainment,New York,mobile,False
791.33,deposit,entertainment,Tokyo,atm,False
969.45,deposit,entertainment,Tokyo,mobile,False
660.97,deposit,entertainment,Tokyo,atm,False
1569.87,deposit,entertainment,New York,mobile,False
7.48,transfer,entertainment,Tokyo,atm,False
15.31,transfer,online,New York,mobile,False
7.13,transfer,entertainment,New York,atm,False
15.16,transfer,online,Tokyo,mobile,False
43.28,transfer,entertainment,Tokyo,atm,False
28.65,transfer,online,New York,atm,False
689.97,deposit,online,Tokyo,atm,False
13.21,transfer,online,Tokyo,atm,False
1276.45,deposit,online,Tokyo,mobile,False
23.04,transfer,entertainment,Tokyo,atm,False
1151.1,deposit,entertainment,Tokyo,mobile,False
54.65,transfer,entertainment,New York,atm,False
33.51,transfer,online,Tokyo,mobile,False
1333.34,deposit,entertainment,Tokyo,mobile,False
13.48,transfer,online,New York,mobile,False
32.76,transfer,entertainment,New York,atm,False
13.92,transfer,entertainment,Tokyo,mobile,False
23.75,transfer,online,Tokyo,mobile,False
13.27,transfer,online,New York,mobile,False
772.04,deposit,entertainment,New York,atm,False
899.25,deposit,entertainment,New York,atm,False
864.22,deposit,entertainment,New York,mobile,False
1010.17,deposit,online,New York,atm,False
1524.78,deposit,online,Tokyo,mobile,False
7.08,transfer,entertainment,New York,mobile,False
7.07,transfer,entertainment,Tokyo,atm,False
1288.06,deposit,online,New York,mobile,False
36.69,transfer,online,Tokyo,mobile,False
32.93,transfer,online,New York,mobile,False
412.01,deposit,online,Tokyo,mobile,False
1371.82,deposit,online,Tokyo,mobile,False
1117.72,deposit,online,Tokyo,mobile,False
46.08,transfer,entertainment,Tokyo,atm,False
9.02,transfer,online,New York,mobile,False
47.94,transfer,entertainment,New York,mobile,False
14.1,transfer,online,Tokyo,mobile,False
19.89,transfer,online,New York,mobile,False
1399.54,deposit,entertainment,Tokyo,atm,False
38.54,transfer,online,Tokyo,atm,False
1126.97,deposit,online,New York,mobile,False
22.64,transfer,online,Tokyo,atm,False
14.26,transfer,online,Tokyo,atm,False
267.32,deposit,online,New York,mobile,False
15.89,transfer,entertainment,Tokyo,atm,False
19.75,transfer,entertainment,Tokyo,mobile,False
682.31,deposit,online,New York,atm,False
1461.33,deposit,entertainment,New York,atm,False
1601.04,deposit,online,New York,mobile,False
584.94,deposit,online,Tokyo,atm,False
1103.57,deposit,online,Tokyo,mobile,False
33.1,transfer,online,New York,atm,False
604.26,deposit,online,New York,atm,False
56.84,transfer,online,Tokyo,atm,False
21.78,transfer,entertainment,New York,atm,False
1735.35,deposit,online,New York,atm,False
25.82,transfer,online,New York,mobile,False
1456.71,deposit,entertainment,New York,atm,False
16.16,transfer,entertainment,Tokyo,mobile,False
9.62,transfer,online,Tokyo,atm,False
36.91,transfer,online,New York,mobile,False
10.67,transfer,online,New York,atm,False
1478.79,deposit,entertainment,New York,mobile,False
27.24,transfer,entertainment,New York,mobile,False
17.66,transfer,entertainment,Tokyo,atm,False
15.05,transfer,online,New York,atm,False
37.34,transfer,entertainment,Tokyo,mobile,False
83.7,transfer,entertainment,Tokyo,atm,False
56.81,transfer,entertainment,New York,mobile,False
15.26,transfer,entertainment,Tokyo,mobile,False
1280.03,deposit,entertainment,New York,atm,False
21.25,transfer,entertainment,New York,mobile,False
6.53,transfer,entertainment,New York,atm,False
21.78,transfer,entertainment,New York,mobile,False
18.88,transfer,entertainment,New York,mobile,False
30.84,transfer,entertainment,Tokyo,mobile,False
1837.86,deposit,entertainment,New York,mobile,False
711.38,deposit,entertainment,Tokyo,atm,False
421.03,deposit,entertainment,Tokyo,atm,False
45.13,transfer,entertainment,Tokyo,mobile,False
998,deposit,online,Tokyo,atm,False
18.44,transfer,entertainment,New York,atm,False
16.22,transfer,entertainment,Tokyo,mobile,False
35.43,transfer,online,New York,atm,False
433.73,deposit,online,New York,atm,False
23.48,transfer,online,New York,atm,False
936.76,deposit,online,New York,atm,False
421.17,deposit,online,Tokyo,atm,False
20.66,transfer,online,Tokyo,atm,False
381.28,deposit,online,Tokyo,atm,False
963.37,deposit,online,New York,atm,False
21.51,transfer,entertainment,New York,atm,False
1357.46,deposit,entertainment,New York,mobile,False
1374.06,deposit,online,New York,atm,False
15.17,transfer,entertainment,Tokyo,atm,False
1291.02,deposit,online,New York,atm,False
20.35,transfer,entertainment,New York,atm,False
12.36,transfer,online,New York,mobile,False
36.92,transfer,online,Tokyo,mobile,False
11.75,transfer,entertainment,New York,mobile,False
774.16,deposit,entertainment,New York,mobile,False
9.13,transfer,online,New York,mobile,False
1025.68,deposit,online,Tokyo,atm,False
1616.09,deposit,online,New York,mobile,False
752.14,deposit,online,New York,atm,False
324.23,deposit,entertainment,New York,atm,False
17.12,transfer,entertainment,Tokyo,atm,False
4.82,transfer,online,New York,mobile,False
1168.16,deposit,entertainment,New York,atm,False
37.08,transfer,entertainment,New York,atm,False
19.52,transfer,entertainment,New York,mobile,False
1603.49,deposit,entertainment,New York,atm,False
5,transfer,online,New York,atm,False
1466.76,deposit,entertainment,New York,atm,False
19.06,transfer,entertainment,Tokyo,atm,False
1125.67,deposit,online,Tokyo,atm,False
1181.08,deposit,entertainment,New York,atm,False
21.57,transfer,online,Tokyo,atm,False
29.26,transfer,online,New York,atm,False
232.76,deposit,online,New York,atm,False
24.99,transfer,entertainment,Tokyo,mobile,False
46.72,transfer,online,New York,mobile,False
28.65,transfer,online,Tokyo,atm,False
18.36,transfer,entertainment,Tokyo,atm,False
793.55,deposit,entertainment,Tokyo,mobile,False
1206.49,deposit,online,Tokyo,atm,False
14.83,transfer,entertainment,Tokyo,atm,False
41.3,transfer,entertainment,New York,atm,False
373.55,deposit,online,New York,atm,False
36.36,transfer,online,New York,mobile,False
69.44,deposit,entertainment,Tokyo,mobile,False
683.62,deposit,entertainment,Tokyo,atm,False
979.72,deposit,entertainment,New York,atm,False
7.26,transfer,online,Tokyo,mobile,False
1325.76,deposit,online,Tokyo,atm,False
20.64,transfer,entertainment,Tokyo,mobile,False
35.03,transfer,entertainment,New York,atm,False
17.56,transfer,entertainment,New York,atm,False
1236.87,deposit,entertainment,New York,mobile,False
21.17,transfer,online,New York,mobile,False
503.8,deposit,online,New York,atm,False
18.64,transfer,entertainment,Tokyo,atm,False
707.81,deposit,entertainment,Tokyo,mobile,False
46.95,transfer,online,New York,atm,False
418.65,deposit,entertainment,New York,mobile,False
62.42,transfer,online,New York,atm,False
1021.96,deposit,entertainment,Tokyo,mobile,False
1670.48,deposit,entertainment,Tokyo,mobile,False
1181.75,deposit,entertainment,Tokyo,atm,False
14.74,transfer,online,Tokyo,mobile,False
1519.03,deposit,entertainment,Tokyo,atm,False
322.74,deposit,online,New York,mobile,False
15.92,transfer,online,New York,atm,False
945.06,deposit,entertainment,Tokyo,atm,False
1500.53,deposit,online,Tokyo,atm,False
1268.75,deposit,entertainment,Tokyo,mobile,False
39.69,transfer,entertainment,Tokyo,mobile,False
27.12,transfer,online,New York,atm,False
1751.37,deposit,online,New York,mobile,False
1608.4,deposit,entertainment,New York,mobile,False
1432.31,deposit,entertainment,New York,mobile,False
19.98,transfer,entertainment,Tokyo,mobile,False
325.9,deposit,entertainment,New York,atm,False
791.54,deposit,online,New York,mobile,False
19.79,transfer,online,New York,mobile,False
1047.3,deposit,online,New York,atm,False
20.33,transfer,online,New York,mobile,False
449.94,deposit,online,Tokyo,atm,False
937.33,deposit,online,New York,mobile,False
18.94,transfer,entertainment,Tokyo,mobile,False
21.83,transfer,entertainment,Tokyo,atm,False
10.17,transfer,online,Tokyo,atm,False
34.39,transfer,online,Tokyo,mobile,False
85.53,transfer,entertainment,New York,mobile,False
101.37,transfer,online,New York,mobile,False
69.37,transfer,online,New York,atm,False
1832.98,deposit,entertainment,New York,atm,False
1791.86,deposit,online,Tokyo,atm,False
42.89,transfer,online,New York,atm,False
6.41,transfer,entertainment,New York,mobile,False
586.83,deposit,entertainment,Tokyo,mobile,False
76.12,transfer,entertainment,Tokyo,mobile,False
1744.13,deposit,entertainment,New York,atm,False
17.35,transfer,online,New York,mobile,False
1298.95,deposit,online,New York,mobile,False
1119.01,deposit,online,New York,atm,False
758.87,deposit,online,Tokyo,mobile,False
1450.21,deposit,online,Tokyo,mobile,False
1358.57,deposit,entertainment,Tokyo,atm,False
19.38,transfer,entertainment,New York,mobile,False
560.66,deposit,entertainment,New York,atm,False
94.59,transfer,entertainment,Tokyo,mobile,False
915.09,deposit,online,New York,atm,False
20.9,transfer,entertainment,Tokyo,mobile,False
12.11,transfer,entertainment,Tokyo,atm,False
5.19,transfer,online,New York,mobile,False
665.49,deposit,online,Tokyo,mobile,False
15.75,transfer,online,Tokyo,mobile,False
16.77,transfer,online,Tokyo,atm,False
24.97,transfer,online,New York,atm,False
751.38,deposit,online,New York,atm,False
14.26,transfer,online,Tokyo,mobile,False
1188.48,deposit,online,New York,atm,False
1679.6,deposit,entertainment,Tokyo,atm,False
34.41,transfer,online,New York,mobile,False
1323.28,deposit,entertainment,New York,atm,False
13.03,transfer,entertainment,New York,mobile,False
20.59,transfer,entertainment,New York,atm,False
0.01,deposit,entertainment,Tokyo,atm,False
7.54,transfer,entertainment,Tokyo,atm,False
6.93,transfer,online,Tokyo,mobile,False
28.54,transfer,online,Tokyo,mobile,False
1215.56,deposit,entertainment,New York,atm,False
1265.35,deposit,entertainment,New York,mobile,False
38.53,transfer,entertainment,New York,mobile,True
890.08,deposit,entertainment,New York,atm,False
1188.57,deposit,online,Tokyo,mobile,False
1049.95,deposit,entertainment,New York,mobile,False
2140.84,deposit,online,Tokyo,atm,False
9.21,transfer,entertainment,Tokyo,atm,False
17.93,transfer,online,New York,mobile,False
1120.99,deposit,online,Tokyo,atm,False
760.57,deposit,online,New York,mobile,False
18.21,transfer,entertainment,New York,mobile,False
0.01,deposit,online,New York,atm,False
11.48,transfer,online,Tokyo,mobile,False
622.42,deposit,online,Tokyo,atm,False
1326.85,deposit,entertainment,Tokyo,atm,False
9.12,transfer,online,New York,mobile,False
44.53,transfer,entertainment,Tokyo,atm,False
18.98,transfer,entertainment,Tokyo,atm,False
62.51,transfer,online,New York,atm,False
39.73,transfer,online,New York,mobile,False
1100.35,deposit,entertainment,New York,atm,False
8.12,transfer,online,Tokyo,atm,False
119.07,deposit,entertainment,New York,atm,False
46.55,transfer,online,New York,mobile,False
733.39,deposit,online,New York,atm,False
1210.14,deposit,online,New York,atm,False
18.44,transfer,online,Tokyo,mobile,False
807.13,deposit,online,New York,mobile,False
396.65,deposit,entertainment,Tokyo,mobile,False
1234.66,deposit,entertainment,New York,mobile,False
1306.91,deposit,online,Tokyo,mobile,False
14.46,transfer,entertainment,Tokyo,mobile,False
35.56,transfer,entertainment,New York,mobile,False
742.59,deposit,entertainment,New York,mobile,False
26.68,transfer,entertainment,Tokyo,mobile,False
38.66,transfer,entertainment,New York,mobile,False
8.15,transfer,online,New York,mobile,False
552.93,deposit,online,Tokyo,mobile,False
801.98,deposit,entertainment,Tokyo,mobile,False
42.01,transfer,entertainment,Tokyo,mobile,False
19.99,transfer,entertainment,New York,atm,False
5.92,transfer,entertainment,Tokyo,mobile,False
40.32,transfer,entertainment,Tokyo,mobile,False
25.2,transfer,online,Tokyo,mobile,False
1567.01,deposit,online,New York,atm,False
879.26,deposit,entertainment,New York,atm,False
17.22,transfer,entertainment,Tokyo,atm,False
71.85,transfer,entertainment,New York,mobile,False
10.66,transfer,online,Tokyo,mobile,False
582.87,deposit,entertainment,Tokyo,mobile,False
35.79,transfer,entertainment,New York,atm,False
6,transfer,online,New York,mobile,False
1393.26,deposit,entertainment,Tokyo,mobile,False
14.99,transfer,entertainment,New York,mobile,False
28.65,transfer,online,New York,atm,False
36.26,transfer,entertainment,Tokyo,atm,False
1981.77,deposit,entertainment,Tokyo,mobile,False
896.79,deposit,entertainment,New York,mobile,False
829.51,deposit,online,New York,atm,False
521.37,deposit,online,Tokyo,mobile,False
845.29,deposit,online,New York,atm,False
32.71,transfer,entertainment,New York,atm,False
5.36,transfer,online,New York,mobile,False
78.59,transfer,online,Tokyo,atm,False
754.53,deposit,online,New York,atm,False
15.02,transfer,entertainment,New York,atm,False
26.91,transfer,entertainment,Tokyo,mobile,False
360.39,deposit,online,Tokyo,mobile,False
32.31,transfer,entertainment,Tokyo,mobile,False
131.27,transfer,entertainment,Tokyo,atm,False
27.24,transfer,entertainment,New York,mobile,False
1731.53,deposit,online,New York,mobile,False
9.22,transfer,online,New York,atm,False
4.3,transfer,online,Tokyo,mobile,False
17.51,transfer,online,Tokyo,mobile,False
24.29,transfer,online,New York,mobile,False
809.63,deposit,entertainment,Tokyo,mobile,False
959.93,deposit,online,Tokyo,mobile,False
1477.66,deposit,entertainment,New York,mobile,False
56.26,transfer,online,Tokyo,mobile,False
46.9,transfer,online,New York,atm,False
59.48,transfer,entertainment,Tokyo,mobile,False
984.57,deposit,online,Tokyo,atm,False
88.92,deposit,online,New York,mobile,False
40.39,transfer,online,New York,atm,False
59.41,transfer,entertainment,Tokyo,mobile,False
636.21,deposit,online,Tokyo,mobile,False
7.28,transfer,entertainment,New York,atm,False
64.77,transfer,entertainment,New York,mobile,False
1325.83,deposit,online,Tokyo,mobile,False
975.78,deposit,online,Tokyo,atm,False
1200.88,deposit,entertainment,New York,atm,False
1499.61,deposit,entertainment,New York,atm,False
742.05,deposit,entertainment,Tokyo,mobile,False
10.74,transfer,entertainment,Tokyo,mobile,False
1703.86,deposit,online,New York,atm,False
1081.49,deposit,online,Tokyo,atm,False
25.12,transfer,online,New York,atm,False
30.09,transfer,online,Tokyo,atm,False
787.63,deposit,entertainment,New York,mobile,False
23.22,transfer,entertainment,New York,mobile,False
12.72,transfer,entertainment,Tokyo,atm,False
0.01,deposit,online,New York,mobile,False
22.37,transfer,entertainment,Tokyo,atm,False
1153.63,deposit,online,Tokyo,atm,False
787.47,deposit,online,Tokyo,atm,False
1321.73,deposit,online,New York,atm,False
39.5,transfer,online,New York,mobile,False
7.94,transfer,online,New York,mobile,False
41.61,transfer,entertainment,New York,mobile,False
15.01,transfer,online,Tokyo,atm,False
1441.59,deposit,online,New York,mobile,False
4.1,transfer,entertainment,New York,mobile,False
18.15,transfer,online,Tokyo,mobile,False
11.7,transfer,entertainment,New York,atm,False
452.31,deposit,entertainment,New York,atm,False
52.48,transfer,entertainment,New York,mobile,False
892.82,deposit,entertainment,New York,mobile,False
840.86,deposit,online,New York,atm,False
1014.95,deposit,entertainment,New York,mobile,False
1023.12,deposit,entertainment,New York,mobile,False
993.38,deposit,online,Tokyo,mobile,False
461.53,deposit,online,Tokyo,mobile,False
2127.35,deposit,entertainment,Tokyo,mobile,False
39.53,transfer,online,New York,mobile,False
986.15,deposit,entertainment,New York,atm,False
34.74,transfer,online,Tokyo,atm,False
15.72,transfer,online,New York,atm,False
324.11,deposit,online,New York,atm,False
34.21,transfer,online,New York,atm,False
14.25,transfer,online,Tokyo,mobile,False
1586.24,deposit,entertainment,Tokyo,mobile,False
2.43,transfer,entertainment,Tokyo,atm,False
30.42,deposit,online,New York,atm,False
1406.26,deposit,online,New York,atm,False
1631.79,deposit,entertainment,Tokyo,atm,False
14.42,transfer,online,New York,atm,False
14.71,transfer,entertainment,Tokyo,atm,False
791.82,deposit,entertainment,New York,mobile,False
530.85,deposit,entertainment,New York,atm,False
25.26,transfer,online,New York,mobile,False
1399.91,deposit,entertainment,New York,mobile,False
18.22,transfer,entertainment,New York,atm,False
15.31,transfer,entertainment,New York,atm,False
1082.69,deposit,online,New York,atm,False
1067.09,deposit,entertainment,Tokyo,mobile,False
118.77,transfer,online,Tokyo,mobile,False
1412.36,deposit,entertainment,Tokyo,mobile,False
126.4,transfer,online,Tokyo,atm,False
14.18,transfer,entertainment,New York,atm,False
33,transfer,online,New York,mobile,False
577.22,deposit,online,Tokyo,atm,False
1557.09,deposit,entertainment,New York,mobile,False
40.03,transfer,online,Tokyo,mobile,False
1139.82,deposit,online,New York,mobile,False
1249.03,deposit,online,New York,atm,False
15.61,transfer,online,New York,mobile,False
1197.31,deposit,online,Tokyo,mobile,False
1475.86,deposit,online,New York,mobile,False
35.81,transfer,online,New York,atm,False
834.36,deposit,online,New York,mobile,False
797.67,deposit,entertainment,Tokyo,mobile,False
417.61,deposit,online,Tokyo,atm,False
79.57,deposit,online,Tokyo,atm,False
1561.03,deposit,online,New York,atm,False
12.22,transfer,online,Tokyo,mobile,False
485.77,deposit,entertainment,New York,atm,False
1209.99,deposit,online,New York,mobile,False
45.45,transfer,entertainment,New York,atm,False
73.62,transfer,online,Tokyo,mobile,False
14.86,transfer,online,New York,atm,False
962.07,deposit,entertainment,Tokyo,mobile,False
8.66,transfer,online,Tokyo,atm,False
91.26,deposit,online,New York,mobile,False
1521.78,deposit,online,Tokyo,mobile,False
5.88,transfer,online,New York,atm,False
1955.34,deposit,entertainment,New York,mobile,False
6.5,transfer,online,New York,atm,False
955.31,deposit,online,New York,mobile,False
301.55,deposit,online,New York,atm,False
8.94,transfer,entertainment,New York,mobile,False
481.87,deposit,online,New York,mobile,False
522.73,deposit,entertainment,Tokyo,atm,False
27.05,transfer,online,Tokyo,atm,False
10.74,transfer,online,Tokyo,mobile,False
528.97,deposit,online,Tokyo,atm,False
15.45,transfer,entertainment,New York,atm,False
1728.12,deposit,online,Tokyo,atm,False
22.95,transfer,online,Tokyo,atm,False
1570.64,deposit,entertainment,Tokyo,atm,False
19.37,transfer,entertainment,New York,mobile,False
38.36,transfer,online,New York,mobile,False
1483.87,deposit,entertainment,Tokyo,atm,False
1086.48,deposit,online,Tokyo,atm,False
557.42,deposit,entertainment,Tokyo,mobile,False
1090.82,deposit,entertainment,Tokyo,mobile,False
14.54,transfer,online,Tokyo,atm,False
689.14,deposit,online,New York,mobile,False
1496.06,deposit,online,New York,mobile,False
15.43,transfer,online,New York,atm,False
22.86,transfer,entertainment,Tokyo,atm,False
926.65,deposit,entertainment,New York,atm,False
27.06,transfer,entertainment,Tokyo,mobile,False
93.57,transfer,entertainment,Tokyo,mobile,False
618.83,deposit,entertainment,Tokyo,mobile,False
1289.81,deposit,online,Tokyo,mobile,False
5.67,transfer,entertainment,New York,atm,False
24.53,transfer,online,Tokyo,atm,False
904.32,deposit,entertainment,New York,atm,False
31.75,transfer,online,New York,atm,False
1554.83,deposit,entertainment,Tokyo,mobile,False
787.55,deposit,entertainment,Tokyo,atm,False
25.3,transfer,entertainment,Tokyo,mobile,False
1876.93,deposit,entertainment,New York,atm,False
875.62,deposit,entertainment,New York,atm,False
22.38,transfer,online,Tokyo,mobile,False
110.86,transfer,online,Tokyo,mobile,False
1283.45,deposit,online,Tokyo,mobile,False
18.34,transfer,online,Tokyo,mobile,False
727.92,deposit,entertainment,Tokyo,atm,False
27.33,transfer,online,New York,atm,False
16.87,transfer,entertainment,New York,mobile,False
1109.1,deposit,entertainment,New York,atm,False
48.2,transfer,entertainment,New York,mobile,False
838.53,deposit,entertainment,New York,atm,False
851.48,deposit,entertainment,New York,atm,False
1235.08,deposit,entertainment,New York,atm,False
715.74,deposit,entertainment,New York,atm,False
80.69,deposit,entertainment,Tokyo,atm,False
54.72,transfer,entertainment,Tokyo,atm,False
19.69,transfer,entertainment,Tokyo,atm,False
7.93,transfer,entertainment,Tokyo,mobile,False
668.59,deposit,entertainment,Tokyo,mobile,False
1297.94,deposit,entertainment,Tokyo,atm,False
21.55,transfer,entertainment,New York,mobile,False
1000.07,deposit,online,New York,mobile,False
569.72,deposit,online,Tokyo,mobile,False
1526.07,deposit,online,Tokyo,mobile,False
20.94,transfer,online,Tokyo,mobile,False
1575.57,deposit,entertainment,New York,atm,False
13.82,transfer,entertainment,Tokyo,mobile,False
1151.39,deposit,online,Tokyo,mobile,False
1974.44,deposit,online,New York,atm,False
691.75,deposit,online,Tokyo,atm,False
473.57,deposit,entertainment,Tokyo,atm,False
19.4,transfer,online,Tokyo,atm,False
26.18,transfer,entertainment,Tokyo,atm,False
34.85,transfer,entertainment,Tokyo,mobile,False
172.72,deposit,online,Tokyo,atm,False
28.98,transfer,entertainment,Tokyo,mobile,False
63.17,transfer,online,Tokyo,atm,False
476.03,deposit,online,New York,atm,False
345.68,deposit,online,New York,mobile,False
77.01,transfer,entertainment,Tokyo,atm,False
30.4,transfer,entertainment,New York,mobile,False
982.96,deposit,online,Tokyo,mobile,False
511.84,deposit,entertainment,New York,atm,False
1054.01,deposit,entertainment,Tokyo,atm,False
0.01,deposit,entertainment,New York,atm,False
27.87,transfer,online,New York,atm,False
10.46,transfer,online,Tokyo,mobile,False
820.76,deposit,entertainment,New York,atm,True
26.6,transfer,online,Tokyo,mobile,False
1359.95,deposit,online,Tokyo,atm,False
1071.24,deposit,online,New York,mobile,False
940.06,deposit,entertainment,Tokyo,mobile,False
49.03,transfer,online,Tokyo,mobile,False
7.83,transfer,online,Tokyo,mobile,False
18.17,transfer,online,Tokyo,atm,False
1610.01,deposit,entertainment,Tokyo,atm,False
524.93,deposit,online,Tokyo,mobile,False
13.39,transfer,online,New York,mobile,False
1811.4,deposit,online,Tokyo,mobile,False
880.51,deposit,online,New York,mobile,False
1228.75,deposit,entertainment,Tokyo,atm,False
866.25,deposit,entertainment,Tokyo,mobile,False
14.9,transfer,online,Tokyo,mobile,False
1729.23,deposit,online,New York,mobile,False
505.4,deposit,entertainment,Tokyo,mobile,False
13.23,transfer,online,Tokyo,atm,False
598.67,deposit,online,New York,atm,False
1111.02,deposit,entertainment,Tokyo,atm,False
1430.18,deposit,online,Tokyo,mobile,False
17.09,transfer,online,Tokyo,mobile,False
861.79,deposit,online,Tokyo,mobile,False
13.14,transfer,online,Tokyo,mobile,False
27.81,transfer,online,Tokyo,atm,False
47.36,transfer,entertainment,New York,atm,False
779.98,deposit,online,Tokyo,mobile,False
522.07,deposit,entertainment,Tokyo,atm,False
6.93,transfer,entertainment,Tokyo,atm,False
14.6,transfer,online,Tokyo,atm,False
784.34,deposit,entertainment,Tokyo,mobile,False
518.86,deposit,online,New York,atm,False
10.29,transfer,entertainment,Tokyo,atm,False
17.93,transfer,online,New York,mobile,False
18.35,transfer,online,Tokyo,atm,False
52.46,transfer,entertainment,New York,mobile,False
25.91,transfer,entertainment,Tokyo,atm,False
33.69,transfer,entertainment,Tokyo,mobile,False
21.93,transfer,online,New York,mobile,False
42.48,transfer,entertainment,Tokyo,atm,False
24.37,deposit,online,New York,atm,False
34.95,transfer,online,Tokyo,atm,False
27.88,transfer,entertainment,Tokyo,mobile,False
14.38,transfer,entertainment,New York,mobile,False
12.76,transfer,entertainment,Tokyo,mobile,False
17.5,transfer,entertainment,Tokyo,atm,False
29.21,transfer,entertainment,Tokyo,atm,False
1325.3,deposit,online,Tokyo,mobile,False
8.9,transfer,online,Tokyo,atm,False
14.34,transfer,entertainment,New York,atm,False
10.25,transfer,entertainment,New York,mobile,False
16.6,transfer,online,New York,mobile,False
43.29,transfer,online,Tokyo,mobile,False
22.54,transfer,entertainment,Tokyo,atm,False
10.27,transfer,entertainment,Tokyo,atm,False
13.88,transfer,entertainment,New York,atm,False
6.2,transfer,entertainment,New York,mobile,False
61.29,transfer,online,New York,mobile,False
493.34,deposit,online,New York,atm,False
581.76,deposit,entertainment,New York,atm,False
1103.56,deposit,online,Tokyo,mobile,False
561.76,deposit,entertainment,New York,atm,False
14.04,transfer,entertainment,Tokyo,atm,False
14.3,transfer,online,New York,atm,False
14.71,transfer,online,Tokyo,atm,False
930.59,deposit,online,New York,atm,False
8.21,transfer,entertainment,Tokyo,atm,False
1112.09,deposit,entertainment,New York,atm,False
18.49,transfer,online,Tokyo,mobile,False
1950.86,deposit,entertainment,Tokyo,atm,False
24.24,transfer,online,New York,atm,False
842.69,deposit,entertainment,New York,mobile,False
577.89,deposit,entertainment,New York,mobile,False
20.89,transfer,entertainment,New York,mobile,False
2051.8,deposit,online,Tokyo,atm,False
517.57,deposit,entertainment,Tokyo,atm,False
922.34,deposit,online,New York,atm,False
2164.4,deposit,online,New York,mobile,False
14.41,transfer,entertainment,Tokyo,atm,False
14.77,transfer,online,Tokyo,atm,False
1667.09,deposit,online,New York,mobile,False
595.71,deposit,entertainment,Tokyo,atm,False
1109.92,deposit,entertainment,New York,mobile,False
12.47,transfer,online,Tokyo,atm,False
6.25,transfer,entertainment,Tokyo,mobile,False
13.38,transfer,online,Tokyo,atm,False
65.9,transfer,entertainment,New York,atm,False
7.83,transfer,entertainment,Tokyo,mobile,False
17.62,transfer,online,New York,atm,False
11.29,transfer,online,New York,mobile,False
815.65,deposit,entertainment,New York,mobile,False
99.31,transfer,online,Tokyo,atm,False
1597.92,deposit,online,Tokyo,mobile,False
742.11,deposit,online,Tokyo,atm,False
4.49,transfer,entertainment,Tokyo,mobile,False
1362.24,deposit,entertainment,New York,atm,False
1218.05,deposit,entertainment,Tokyo,mobile,False
12.54,transfer,entertainment,New York,atm,False
907.28,deposit,entertainment,Tokyo,atm,False
1073.47,deposit,online,New York,atm,False
470.85,deposit,entertainment,New York,atm,False
1506.96,deposit,online,New York,mobile,False
14.49,transfer,online,Tokyo,mobile,False
30.16,transfer,online,New York,mobile,False
59.19,transfer,entertainment,New York,mobile,False
30.78,transfer,online,Tokyo,atm,False
1287.13,deposit,entertainment,Tokyo,atm,False
13.73,transfer,online,New York,atm,False
3.86,transfer,online,Tokyo,atm,False
12.96,transfer,online,New York,atm,False
44.39,transfer,online,New York,mobile,False
851.81,deposit,entertainment,New York,atm,False
1523.18,deposit,online,Tokyo,mobile,False
1460.54,deposit,online,Tokyo,atm,False
32.12,transfer,entertainment,Tokyo,atm,False
1044.23,deposit,entertainment,New York,atm,False
662.77,deposit,online,Tokyo,mobile,False
10.15,transfer,entertainment,New York,atm,False
1388.88,deposit,online,New York,mobile,False
86.05,transfer,online,New York,mobile,False
1194.41,deposit,entertainment,Tokyo,atm,False
740.09,deposit,online,New York,mobile,False
1360.34,deposit,entertainment,New York,atm,False
1446.36,deposit,online,Tokyo,mobile,False
36.42,transfer,entertainment,New York,mobile,False
14.88,transfer,online,New York,mobile,False
1110.31,deposit,entertainment,Tokyo,mobile,False
1102.79,deposit,entertainment,New York,atm,False
5.59,transfer,online,Tokyo,mobile,False
32.72,transfer,entertainment,New York,atm,False
3.22,transfer,online,Tokyo,atm,False
18.62,transfer,entertainment,Tokyo,atm,False
29.52,transfer,online,Tokyo,atm,False
1302.17,deposit,online,Tokyo,atm,False
230.81,transfer,online,Tokyo,atm,False
869.33,deposit,online,New York,atm,False
559.43,deposit,online,Tokyo,atm,False
873.92,deposit,online,Tokyo,atm,False
7.57,transfer,entertainment,New York,mobile,False
665.48,deposit,online,New York,mobile,False
39,transfer,online,New York,atm,False
1065.81,deposit,online,New York,atm,True
520.02,deposit,online,Tokyo,atm,False
1219.31,deposit,entertainment,New York,atm,False
551.71,deposit,entertainment,Tokyo,mobile,False
55.81,transfer,entertainment,Tokyo,mobile,False
30.89,transfer,online,Tokyo,mobile,False
20.57,transfer,entertainment,Tokyo,atm,False
2242.72,deposit,online,Tokyo,atm,True
821.36,deposit,entertainment,Tokyo,atm,False
20.06,transfer,entertainment,Tokyo,atm,False
7.4,transfer,online,New York,atm,False
1301.47,deposit,entertainment,Tokyo,mobile,False
652.54,deposit,entertainment,Tokyo,atm,False
14.24,transfer,online,Tokyo,atm,False
13.94,transfer,entertainment,Tokyo,mobile,False
12.19,transfer,entertainment,New York,mobile,False
1680.59,deposit,online,New York,atm,False
30.05,transfer,entertainment,New York,mobile,False
654.02,deposit,online,Tokyo,atm,False
360.2,deposit,entertainment,New York,atm,False
652.51,deposit,entertainment,Tokyo,atm,False
593.05,deposit,online,Tokyo,mobile,False
143.15,deposit,online,Tokyo,atm,False
29.12,transfer,online,New York,mobile,False
14.04,transfer,entertainment,Tokyo,mobile,False
45.54,transfer,online,New York,mobile,False
325.85,deposit,online,New York,mobile,False
1146.48,deposit,online,New York,mobile,False
1297.78,deposit,online,Tokyo,atm,False
34.3,transfer,entertainment,New York,atm,False
31.69,transfer,online,Tokyo,mobile,False
1683.73,deposit,entertainment,Tokyo,mobile,False
9.22,transfer,online,Tokyo,atm,False
1362.14,deposit,entertainment,New York,atm,False
44.24,transfer,entertainment,New York,mobile,False
15.4,transfer,entertainment,Tokyo,atm,False
462.17,deposit,online,Tokyo,atm,False
56.28,transfer,online,Tokyo,mobile,False
1579.11,deposit,online,New York,mobile,False
11.97,transfer,online,Tokyo,mobile,False
879.06,deposit,online,Tokyo,atm,False
18.16,transfer,online,Tokyo,mobile,False
1581.25,deposit,entertainment,New York,atm,False
691.31,deposit,online,Tokyo,mobile,False
31.03,transfer,online,New York,mobile,False
45.3,transfer,entertainment,Tokyo,atm,False
226.87,deposit,entertainment,New York,mobile,False
8.32,transfer,entertainment,New York,atm,False
797.78,deposit,online,New York,atm,False
30.03,transfer,entertainment,New York,mobile,False
447.3,deposit,online,Tokyo,atm,False
689.48,deposit,entertainment,Tokyo,atm,False
22.35,transfer,entertainment,Tokyo,mobile,False
1376.27,deposit,entertainment,Tokyo,atm,False
1483.78,deposit,online,New York,mobile,False
1206.16,deposit,online,New York,mobile,False
20.07,transfer,online,Tokyo,mobile,False
23.59,transfer,online,New York,atm,False
8.66,transfer,online,Tokyo,atm,False
1521.03,deposit,entertainment,New York,mobile,False
97.26,deposit,online,Tokyo,mobile,False
27.99,transfer,entertainment,Tokyo,mobile,False
1740.34,deposit,entertainment,Tokyo,atm,False
27.19,transfer,entertainment,New York,atm,False
798.88,deposit,entertainment,Tokyo,atm,False
252.8,deposit,entertainment,New York,atm,False
1591.74,deposit,entertainment,Tokyo,mobile,False
16.05,transfer,online,New York,mobile,False
10.79,transfer,entertainment,Tokyo,atm,False
7.45,transfer,entertainment,Tokyo,atm,False
46.24,transfer,online,Tokyo,atm,False
1306.39,deposit,online,Tokyo,mobile,False
17.99,transfer,online,Tokyo,atm,False
1502.18,deposit,online,Tokyo,atm,False
1511.27,deposit,online,Tokyo,mobile,False
1333.45,deposit,entertainment,Tokyo,atm,False
1375.55,deposit,online,Tokyo,mobile,False
29.37,transfer,entertainment,Tokyo,mobile,False
1557.32,deposit,online,New York,mobile,False
19.47,transfer,entertainment,Tokyo,atm,False
1422.33,deposit,entertainment,New York,mobile,False
30,transfer,entertainment,New York,mobile,False
1572.13,deposit,entertainment,Tokyo,atm,False
16.08,transfer,entertainment,Tokyo,mobile,False
697.35,deposit,online,Tokyo,atm,False
44.9,transfer,entertainment,New York,mobile,False
8.12,transfer,entertainment,New York,mobile,False
36.53,transfer,entertainment,Tokyo,atm,False
1565.23,deposit,online,New York,mobile,False
23.01,transfer,entertainment,Tokyo,mobile,False
29.03,transfer,entertainment,Tokyo,atm,False
35.6,transfer,online,Tokyo,atm,False
17.02,transfer,online,New York,mobile,True
875.05,deposit,entertainment,Tokyo,atm,False
1524.27,deposit,online,Tokyo,mobile,False
406.64,deposit,online,Tokyo,mobile,False
43.81,transfer,online,Tokyo,atm,False
2141.09,deposit,entertainment,New York,atm,False
1214.42,deposit,entertainment,New York,mobile,False
30.91,transfer,entertainment,Tokyo,atm,False
998.58,deposit,entertainment,Tokyo,mobile,False
600.61,deposit,entertainment,New York,mobile,False
1395.2,deposit,online,New York,atm,False
23.1,transfer,online,New York,mobile,False
778.13,deposit,online,Tokyo,atm,False
32.92,transfer,entertainment,Tokyo,mobile,False
993.22,deposit,online,Tokyo,atm,False
412,deposit,online,New York,atm,False
1459.33,deposit,online,New York,atm,False
22.46,transfer,online,Tokyo,mobile,True
6.13,transfer,online,Tokyo,mobile,False
1086.36,deposit,online,New York,atm,False
9.88,transfer,entertainment,Tokyo,mobile,False
1099.31,deposit,entertainment,Tokyo,atm,False
70.28,transfer,entertainment,Tokyo,mobile,False
2228.9,deposit,entertainment,Tokyo,mobile,False
1270.7,deposit,online,New York,mobile,False
18.08,transfer,entertainment,New York,atm,False
1203.59,deposit,online,Tokyo,atm,False
1819.08,deposit,entertainment,New York,atm,False
866.62,deposit,entertainment,New York,atm,False
5.31,transfer,online,New York,atm,False
605.75,deposit,online,Tokyo,mobile,False
361.59,deposit,entertainment,New York,atm,False
795.28,deposit,online,Tokyo,atm,False
1037.93,deposit,entertainment,Tokyo,atm,False
908.17,deposit,online,Tokyo,mobile,False
1530.12,deposit,entertainment,New York,atm,False
1041.89,deposit,entertainment,New York,atm,False
791.07,deposit,online,Tokyo,atm,False
11.59,transfer,entertainment,New York,atm,False
551.46,deposit,online,New York,atm,False
23.38,transfer,entertainment,New York,atm,False
384.28,deposit,entertainment,Tokyo,mobile,False
863.25,deposit,entertainment,New York,atm,False
644.13,deposit,online,Tokyo,mobile,False
868.21,deposit,online,Tokyo,atm,False
27.83,transfer,entertainment,New York,atm,False
32.63,transfer,online,Tokyo,mobile,False
18.5,transfer,entertainment,New York,mobile,False
1366.66,deposit,online,New York,mobile,False
1220.57,deposit,entertainment,Tokyo,atm,False
998.91,deposit,entertainment,New York,atm,False
655.81,deposit,entertainment,New York,mobile,False
38.42,transfer,entertainment,Tokyo,mobile,False
977.55,deposit,online,Tokyo,mobile,False
1189.77,deposit,online,Tokyo,atm,False
26.26,transfer,entertainment,Tokyo,mobile,False
583.17,deposit,online,Tokyo,atm,False
32.69,transfer,online,Tokyo,atm,False
475.09,deposit,online,Tokyo,mobile,False
488.92,deposit,entertainment,Tokyo,mobile,False
234.84,deposit,online,Tokyo,atm,False
1255.37,deposit,entertainment,Tokyo,atm,False
704.34,deposit,online,New York,mobile,False
1680.7,deposit,online,New York,atm,False
1690.78,deposit,entertainment,Tokyo,mobile,False
875.92,deposit,online,New York,atm,False
9.32,transfer,entertainment,Tokyo,atm,False
1732.59,deposit,entertainment,Tokyo,mobile,False
35.28,transfer,entertainment,Tokyo,mobile,False
1158.43,deposit,online,Tokyo,atm,False
1168.34,deposit,entertainment,Tokyo,mobile,False
676.16,deposit,entertainment,New York,atm,False
1635.39,deposit,entertainment,Tokyo,mobile,False
908.71,deposit,online,Tokyo,atm,False
24.16,transfer,online,Tokyo,mobile,False
1627.88,deposit,online,New York,atm,False
1311.2,deposit,online,Tokyo,mobile,False
13.48,transfer,online,Tokyo,atm,False
10.84,transfer,entertainment,Tokyo,mobile,False
33.97,transfer,online,New York,mobile,False
45.53,transfer,entertainment,New York,atm,False
5.42,transfer,entertainment,New York,atm,False
1275.54,deposit,online,New York,atm,False
17.78,transfer,online,New York,mobile,False
1857.36,deposit,entertainment,Tokyo,mobile,False
6.71,transfer,online,Tokyo,mobile,False
0.01,deposit,entertainment,New York,mobile,False
2125.4,deposit,online,New York,mobile,False
599.6,deposit,entertainment,New York,mobile,False
19.5,transfer,online,Tokyo,mobile,False
1263.36,deposit,entertainment,New York,mobile,False
1172.43,deposit,entertainment,New York,atm,False
1224.74,deposit,online,Tokyo,mobile,False
17.76,transfer,entertainment,New York,atm,False
23.82,transfer,online,Tokyo,atm,False
21.94,transfer,online,Tokyo,mobile,False
924.92,deposit,entertainment,New York,mobile,False
64.15,transfer,online,New York,mobile,False
29.87,transfer,entertainment,New York,atm,False
1928.65,deposit,online,Tokyo,atm,False
21.76,transfer,entertainment,Tokyo,mobile,False
31.02,transfer,online,New York,atm,False
1070.64,deposit,online,New York,mobile,False
61.3,transfer,entertainment,Tokyo,mobile,False
138.37,deposit,online,New York,mobile,False
22.5,transfer,online,New York,atm,False
1467.33,deposit,entertainment,Tokyo,mobile,False
77.67,transfer,entertainment,New York,atm,False
44.46,transfer,entertainment,Tokyo,mobile,False
1205.86,deposit,entertainment,New York,atm,False
17.06,transfer,online,New York,mobile,False
8.75,transfer,entertainment,New York,atm,False
27.87,transfer,entertainment,Tokyo,mobile,False
1967.24,deposit,entertainment,New York,atm,True
764.48,deposit,entertainment,New York,mobile,False
652.03,deposit,online,Tokyo,atm,False
10.15,transfer,online,Tokyo,mobile,False
55.21,transfer,online,New York,atm,False
541.3,deposit,entertainment,New York,atm,False
15.48,transfer,online,Tokyo,mobile,False
1224.71,deposit,entertainment,Tokyo,mobile,False
46.76,transfer,online,New York,atm,False
1016.86,deposit,online,New York,mobile,False
1270.31,deposit,online,Tokyo,mobile,False
2036.14,deposit,entertainment,New York,atm,False
1161.02,deposit,entertainment,Tokyo,atm,False
15.05,transfer,entertainment,Tokyo,mobile,False
625.07,deposit,entertainment,Tokyo,mobile,False
1311.59,deposit,entertainment,Tokyo,atm,False
699.62,deposit,online,Tokyo,mobile,False
449.98,deposit,entertainment,Tokyo,atm,False
810.24,deposit,online,New York,atm,False
42.68,transfer,entertainment,New York,atm,False
21.66,transfer,online,Tokyo,mobile,False
39.63,transfer,entertainment,New York,mobile,False
1018.28,deposit,online,Tokyo,mobile,False
1084.58,deposit,online,Tokyo,atm,False
946.98,deposit,online,New York,mobile,False
695.79,deposit,entertainment,Tokyo,mobile,False
1795.96,deposit,entertainment,New York,atm,False
548.01,deposit,online,Tokyo,mobile,False
75.23,transfer,entertainment,New York,mobile,False
172.19,deposit,entertainment,New York,mobile,False
11.07,transfer,online,New York,atm,False
1235.12,deposit,entertainment,New York,mobile,False
1640.51,deposit,online,New York,mobile,False
51.64,transfer,online,New York,mobile,False
1455.09,deposit,online,New York,mobile,False
1918.83,deposit,online,New York,mobile,False
838.32,deposit,entertainment,New York,atm,False
19.69,transfer,entertainment,New York,mobile,False
52.07,transfer,online,New York,mobile,False
593.33,deposit,entertainment,New York,atm,False
21.54,transfer,online,Tokyo,atm,False
15.35,transfer,entertainment,Tokyo,mobile,False
1703.8,deposit,entertainment,New York,mobile,False
1221.3,deposit,entertainment,Tokyo,atm,False
16.92,transfer,entertainment,Tokyo,atm,False
1148.95,deposit,entertainment,Tokyo,mobile,False
634.74,deposit,entertainment,New York,mobile,False
61.13,transfer,online,New York,mobile,False
814.98,deposit,entertainment,New York,atm,False
1388.96,deposit,entertainment,Tokyo,atm,True
91.22,transfer,online,New York,mobile,False
941.17,deposit,online,New York,atm,False
18.86,transfer,entertainment,Tokyo,atm,False
391.8,deposit,online,New York,mobile,False
1502.07,deposit,online,New York,atm,False
1229.32,deposit,entertainment,New York,mobile,False
13.51,transfer,entertainment,Tokyo,atm,False
1350.42,deposit,online,Tokyo,atm,False
11.83,transfer,online,New York,mobile,False
7.73,transfer,online,Tokyo,atm,False
829.23,deposit,online,New York,atm,False
1685.82,deposit,online,New York,atm,False
822.54,deposit,online,Tokyo,atm,False
1295.14,deposit,entertainment,New York,mobile,True
34.35,transfer,online,New York,mobile,False
1293.47,deposit,online,Tokyo,atm,False
32.38,transfer,online,Tokyo,atm,False
1860.84,deposit,entertainment,New York,atm,False
12.11,transfer,entertainment,New York,atm,False
571.24,deposit,entertainment,New York,mobile,False
1149.78,deposit,entertainment,New York,mobile,False
955.71,deposit,entertainment,New York,mobile,False
1747.74,deposit,entertainment,Tokyo,atm,False
469.32,deposit,entertainment,Tokyo,atm,False
17.69,transfer,online,New York,mobile,False
32.35,transfer,online,Tokyo,mobile,False
1096.79,deposit,online,New York,atm,False
1518.03,deposit,online,New York,atm,False
15.4,transfer,online,New York,mobile,False
994.03,deposit,entertainment,New York,atm,False
39.71,transfer,online,New York,atm,False
1371.26,deposit,online,New York,mobile,False
2049.59,deposit,entertainment,Tokyo,atm,False
43.67,transfer,online,New York,atm,False
1123.8,deposit,online,Tokyo,mobile,False
13.19,transfer,entertainment,Tokyo,mobile,False
27,transfer,online,New York,atm,False
356.87,deposit,entertainment,New York,mobile,False
18.33,transfer,online,Tokyo,atm,False
36.77,transfer,entertainment,New York,atm,False
834.11,deposit,online,Tokyo,mobile,False
515.21,deposit,online,Tokyo,mobile,False
5.72,transfer,entertainment,New York,mobile,False
55.38,transfer,entertainment,Tokyo,atm,False
21.97,transfer,online,Tokyo,mobile,False
22.84,transfer,entertainment,Tokyo,atm,False
23.71,transfer,online,Tokyo,atm,False
20.25,transfer,entertainment,New York,atm,False
19.07,transfer,entertainment,New York,atm,False
30.32,transfer,entertainment,Tokyo,atm,False
1463.94,deposit,online,New York,atm,False
13.59,transfer,entertainment,New York,atm,False
684.67,deposit,online,New York,atm,False
5.74,transfer,online,New York,mobile,False
829.05,deposit,entertainment,Tokyo,mobile,False
1161.67,deposit,entertainment,Tokyo,atm,False
1321.37,deposit,entertainment,New York,atm,False
6,transfer,online,New York,atm,False
2025.87,deposit,online,New York,mobile,False
36.32,transfer,online,New York,mobile,False
19.96,transfer,online,Tokyo,mobile,False
190.01,deposit,online,Tokyo,mobile,False
10.3,transfer,entertainment,Tokyo,mobile,False
16.95,transfer,online,Tokyo,atm,False
12.25,transfer,online,New York,atm,False
27.45,transfer,entertainment,Tokyo,atm,False
23.68,transfer,entertainment,Tokyo,atm,False
1662.46,deposit,online,Tokyo,atm,False
27.49,transfer,online,New York,mobile,False
2136.02,deposit,entertainment,Tokyo,mobile,False
20.78,transfer,entertainment,Tokyo,atm,False
727.45,deposit,entertainment,Tokyo,atm,False
572.49,deposit,online,Tokyo,atm,False
22.24,transfer,entertainment,New York,atm,False
25.39,transfer,entertainment,Tokyo,mobile,False
39.99,transfer,entertainment,Tokyo,mobile,False
62.03,transfer,entertainment,Tokyo,mobile,False
36.82,transfer,online,Tokyo,mobile,False
775.66,deposit,entertainment,Tokyo,atm,False
76.13,transfer,entertainment,New York,atm,False
26.63,transfer,entertainment,New York,atm,False
2053.38,deposit,entertainment,New York,atm,False
464.59,deposit,online,New York,mobile,False
54.11,transfer,entertainment,Tokyo,atm,False
738.9,deposit,online,New York,mobile,False
13.5,transfer,online,Tokyo,atm,False
36.66,transfer,online,New York,atm,False
36.68,transfer,online,New York,atm,False
0.01,deposit,online,New York,mobile,False
979.24,deposit,online,Tokyo,atm,False
23.41,transfer,online,New York,atm,False
545.93,deposit,online,New York,atm,True
8.54,transfer,entertainment,Tokyo,mobile,False
1420.09,deposit,online,New York,mobile,True
94.98,transfer,online,Tokyo,mobile,False
31.74,transfer,entertainment,Tokyo,mobile,False
32.97,transfer,online,Tokyo,atm,False
24.29,transfer,entertainment,Tokyo,atm,False
29.99,transfer,online,Tokyo,mobile,False
22.76,transfer,online,New York,atm,False
24.95,transfer,entertainment,Tokyo,atm,False
1409.05,deposit,online,Tokyo,atm,False
1930.9,deposit,online,New York,atm,False
654.03,deposit,online,New York,mobile,False
26.83,transfer,entertainment,Tokyo,mobile,False
19.91,transfer,online,Tokyo,atm,False
921.66,deposit,entertainment,New York,mobile,False
859.01,deposit,entertainment,Tokyo,atm,False
12.27,transfer,entertainment,Tokyo,mobile,False
1534.24,deposit,entertainment,Tokyo,atm,False
36.39,transfer,entertainment,Tokyo,mobile,False
333.3,deposit,online,New York,mobile,False
379.07,deposit,entertainment,New York,atm,False
1481.17,deposit,entertainment,New York,mobile,False
18.85,transfer,entertainment,Tokyo,mobile,False
1452.99,deposit,entertainment,New York,mobile,False
1533.66,deposit,entertainment,New York,atm,False
1843.89,deposit,online,New York,mobile,False
1309.74,deposit,online,New York,atm,False
43.71,transfer,entertainment,New York,mobile,False
10.04,transfer,online,New York,atm,False
1636.45,deposit,entertainment,New York,mobile,False
32.39,transfer,entertainment,Tokyo,mobile,False
1131.17,deposit,entertainment,New York,atm,False
55.27,transfer,entertainment,Tokyo,atm,False
17.73,transfer,online,Tokyo,mobile,False
1381.93,deposit,entertainment,Tokyo,mobile,False
836.97,deposit,entertainment,Tokyo,mobile,False
600.95,deposit,entertainment,Tokyo,atm,False
50.44,transfer,entertainment,Tokyo,atm,False
9.81,transfer,entertainment,New York,atm,False
1475.18,deposit,online,Tokyo,atm,False
11.34,transfer,entertainment,Tokyo,mobile,False
386.96,deposit,entertainment,Tokyo,atm,False
659.94,deposit,entertainment,Tokyo,mobile,False
19.16,transfer,online,Tokyo,mobile,False
658.6,deposit,online,Tokyo,atm,False
8.95,transfer,entertainment,New York,atm,False
1410.4,deposit,entertainment,New York,mobile,False
1514.36,deposit,entertainment,New York,mobile,False
15.91,transfer,online,New York,mobile,False
545.35,deposit,entertainment,Tokyo,mobile,False
39.87,transfer,entertainment,New York,atm,False
5.69,transfer,online,Tokyo,mobile,False
25.71,transfer,entertainment,Tokyo,mobile,False
33.48,transfer,entertainment,New York,atm,False
1378.66,deposit,entertainment,New York,atm,False
37.9,transfer,online,Tokyo,atm,False
727.17,deposit,online,Tokyo,atm,False
12.22,transfer,online,Tokyo,atm,False
26.8,transfer,entertainment,New York,atm,False
6.93,transfer,entertainment,Tokyo,atm,False
0.01,deposit,entertainment,New York,mobile,False
1375.43,deposit,online,Tokyo,atm,False
12.02,transfer,entertainment,New York,atm,False
145.35,transfer,online,Tokyo,mobile,False
8.59,transfer,online,New York,mobile,False
15.31,transfer,entertainment,Tokyo,mobile,False
0.01,deposit,online,Tokyo,atm,False
578.04,deposit,online,Tokyo,mobile,False
850.9,deposit,entertainment,New York,mobile,False
1283.53,deposit,online,Tokyo,mobile,False
931.15,deposit,entertainment,Tokyo,atm,False
544.33,deposit,entertainment,New York,atm,False
16.56,transfer,entertainment,Tokyo,mobile,False
763.99,deposit,entertainment,Tokyo,atm,False
173.71,deposit,entertainment,Tokyo,atm,False
1372.38,deposit,entertainment,New York,mobile,False
3,transfer,online,Tokyo,mobile,False
24.31,transfer,entertainment,New York,atm,False
15.91,transfer,online,Tokyo,atm,False
16.99,transfer,entertainment,Tokyo,atm,False
1266.48,deposit,online,New York,mobile,True
1441.62,deposit,entertainment,Tokyo,mobile,False
95.57,transfer,entertainment,Tokyo,atm,False
156.59,deposit,entertainment,New York,mobile,False
12.57,transfer,online,Tokyo,mobile,True
1206.35,deposit,entertainment,Tokyo,atm,False
1341.28,deposit,entertainment,New York,atm,False
538.9,deposit,entertainment,New York,atm,False
18.47,transfer,entertainment,Tokyo,mobile,False
17.47,transfer,entertainment,Tokyo,mobile,False
41.48,transfer,entertainment,New York,mobile,False
33.73,transfer,entertainment,Tokyo,mobile,False
3.95,transfer,online,New York,mobile,False
11.69,transfer,entertainment,Tokyo,mobile,False
823.18,deposit,online,Tokyo,atm,False
1008.21,deposit,entertainment,Tokyo,mobile,False
1716.7,deposit,online,Tokyo,atm,False
30.4,transfer,entertainment,New York,mobile,False
0.01,deposit,entertainment,New York,mobile,False
7.75,transfer,entertainment,Tokyo,atm,False
981.57,deposit,entertainment,New York,mobile,False
1259.58,deposit,entertainment,Tokyo,mobile,False
369.44,deposit,entertainment,Tokyo,atm,False
1933.51,deposit,entertainment,New York,mobile,False
15.03,transfer,entertainment,New York,mobile,False
196.91,deposit,online,Tokyo,atm,False
1088.05,deposit,online,Tokyo,mobile,False
842.58,deposit,entertainment,New York,mobile,False
48.19,transfer,entertainment,New York,mobile,False
890.01,deposit,online,New York,mobile,False
233.47,deposit,entertainment,New York,atm,False
72.7,transfer,online,New York,mobile,False
824.66,deposit,entertainment,Tokyo,atm,False
57.15,transfer,online,Tokyo,mobile,False
1645.38,deposit,entertainment,New York,mobile,False
58.41,transfer,online,Tokyo,mobile,False
471.29,deposit,online,New York,atm,False
13.62,transfer,entertainment,New York,mobile,False
1016.43,deposit,entertainment,New York,atm,False
15.45,transfer,online,Tokyo,atm,False
314.68,deposit,online,Tokyo,mobile,False
47.29,deposit,entertainment,New York,mobile,False
22.75,transfer,online,New York,mobile,False
26.92,transfer,online,New York,atm,False
527.81,deposit,entertainment,Tokyo,atm,False
1476.07,deposit,entertainment,Tokyo,atm,False
9.29,transfer,online,New York,atm,True
10.44,transfer,online,New York,atm,False
984.73,deposit,entertainment,Tokyo,atm,False
1289.19,deposit,online,New York,atm,False
14.54,transfer,entertainment,Tokyo,atm,False
1533.62,deposit,online,New York,mobile,False
66.27,transfer,online,New York,atm,False
16.92,transfer,online,New York,mobile,False
15.78,transfer,entertainment,Tokyo,atm,False
32.88,transfer,entertainment,Tokyo,atm,False
9.34,transfer,entertainment,Tokyo,atm,False
0.01,deposit,online,Tokyo,atm,False
963.2,deposit,entertainment,New York,atm,False
1320.27,deposit,online,Tokyo,atm,False
15.61,transfer,online,Tokyo,mobile,False
839.8,deposit,entertainment,Tokyo,atm,False
23.02,transfer,online,New York,atm,False
1073.2,deposit,online,Tokyo,atm,False
19.35,transfer,entertainment,New York,mobile,False
876.95,deposit,entertainment,Tokyo,mobile,False
18.72,transfer,entertainment,New York,mobile,False
16.96,transfer,online,Tokyo,atm,False
14.57,transfer,entertainment,New York,atm,False
34.48,transfer,entertainment,Tokyo,mobile,False
1157.38,deposit,entertainment,New York,atm,False
1424.36,deposit,online,Tokyo,mobile,False
26.48,transfer,online,New York,mobile,False
25.66,transfer,entertainment,New York,atm,False
5.64,transfer,online,Tokyo,mobile,False
8.71,transfer,entertainment,New York,mobile,False
485.03,deposit,online,New York,atm,False
18.4,transfer,online,New York,atm,False
33.56,transfer,entertainment,Tokyo,mobile,False
878.86,deposit,entertainment,Tokyo,atm,False
13.94,transfer,online,Tokyo,atm,False
240.45,deposit,entertainment,Tokyo,atm,False
11.58,transfer,online,Tokyo,atm,False
1344.16,deposit,online,Tokyo,mobile,False
826.71,deposit,entertainment,Tokyo,atm,False
911.24,deposit,online,New York,atm,True
566.5,deposit,online,Tokyo,atm,False
772.25,deposit,entertainment,Tokyo,atm,False
21.63,transfer,entertainment,New York,mobile,False
1287.7,deposit,entertainment,New York,mobile,False
16.05,transfer,online,New York,mobile,False
35.16,transfer,online,Tokyo,atm,False
124.53,transfer,online,Tokyo,atm,False
28.48,transfer,online,New York,atm,False
11.91,transfer,online,New York,mobile,False
14.45,transfer,entertainment,New York,mobile,False
324.03,deposit,entertainment,Tokyo,mobile,False
663.48,deposit,entertainment,Tokyo,mobile,False
28.45,transfer,online,New York,mobile,False
14.9,transfer,entertainment,New York,mobile,False
1415.01,deposit,entertainment,New York,atm,False
26.08,transfer,entertainment,New York,mobile,False
15.34,transfer,online,New York,mobile,False
24.32,transfer,online,Tokyo,mobile,False
1379.14,deposit,entertainment,New York,atm,False
35.23,transfer,entertainment,Tokyo,mobile,False
893.18,deposit,online,New York,mobile,False
6.45,transfer,online,New York,mobile,False
667.99,deposit,online,Tokyo,mobile,True
413.83,deposit,online,New York,atm,False
26.95,transfer,entertainment,New York,atm,False
34.52,transfer,online,New York,atm,False
36.8,transfer,online,New York,mobile,False
780,deposit,online,New York,atm,False
809.64,deposit,entertainment,Tokyo,atm,False
1593.43,deposit,online,New York,atm,False
1139.41,deposit,entertainment,Tokyo,mobile,False
949.15,deposit,entertainment,Tokyo,mobile,False
1418.52,deposit,online,Tokyo,atm,False
963.12,deposit,online,Tokyo,atm,False
60.86,transfer,entertainment,Tokyo,atm,False
42.23,transfer,online,Tokyo,atm,False
452.14,deposit,online,Tokyo,atm,False
1276.93,deposit,entertainment,Tokyo,mobile,True
292.89,deposit,online,Tokyo,mobile,False
15.24,transfer,entertainment,New York,atm,False
234.15,deposit,entertainment,Tokyo,atm,False
811.82,deposit,online,Tokyo,mobile,False
4.61,transfer,entertainment,New York,mobile,False
6.33,transfer,entertainment,New York,mobile,False
47.87,transfer,online,Tokyo,atm,False
23.03,transfer,entertainment,Tokyo,mobile,False
857.91,deposit,online,New York,atm,False
43.66,transfer,online,Tokyo,mobile,False
18.02,transfer,online,Tokyo,mobile,False
11.75,transfer,online,New York,mobile,False
56.34,transfer,entertainment,New York,mobile,False
42.95,transfer,entertainment,New York,atm,False
9.17,transfer,online,Tokyo,atm,False
364.51,deposit,entertainment,Tokyo,mobile,False
1454.8,deposit,entertainment,Tokyo,atm,False
2222.87,deposit,online,Tokyo,mobile,False
11.78,transfer,online,Tokyo,mobile,False
884.72,deposit,entertainment,Tokyo,atm,False
729.13,deposit,entertainment,Tokyo,atm,False
1167.18,deposit,entertainment,New York,mobile,False
16.08,transfer,entertainment,New York,atm,False
221.54,deposit,online,New York,mobile,False
204.28,deposit,entertainment,Tokyo,mobile,False
1711.62,deposit,online,New York,atm,False
9.38,transfer,online,Tokyo,atm,False
18.08,transfer,online,Tokyo,mobile,False
1195.12,deposit,entertainment,Tokyo,mobile,False
1832.31,deposit,online,Tokyo,atm,False
21.99,transfer,entertainment,Tokyo,mobile,False
21.05,transfer,online,Tokyo,mobile,False
1080.37,deposit,online,New York,mobile,True
667.58,deposit,online,Tokyo,atm,False
14.16,transfer,entertainment,New York,mobile,False
28.63,transfer,entertainment,Tokyo,mobile,False
24.54,transfer,online,Tokyo,mobile,False
513.37,deposit,online,Tokyo,mobile,False
8.42,transfer,entertainment,Tokyo,mobile,False
438.21,deposit,entertainment,Tokyo,atm,False
342.21,deposit,online,Tokyo,atm,False
1461.59,deposit,entertainment,New York,mobile,False
312.89,deposit,online,New York,mobile,False
72.86,transfer,online,New York,atm,False
22.5,transfer,online,New York,mobile,False
1276.71,deposit,online,New York,mobile,False
0.01,deposit,entertainment,Tokyo,atm,False
19,transfer,online,New York,atm,False
1424.22,deposit,entertainment,New York,atm,False
1281.74,deposit,entertainment,Tokyo,mobile,False
20.92,transfer,entertainment,New York,mobile,False
428.66,deposit,online,New York,mobile,False
20.26,transfer,entertainment,Tokyo,mobile,False
716.11,deposit,online,Tokyo,atm,False
13.29,transfer,online,New York,atm,False
829.1,deposit,entertainment,New York,atm,False
834.49,deposit,online,Tokyo,mobile,False
451.64,deposit,online,Tokyo,mobile,False
54.82,transfer,entertainment,Tokyo,atm,False
13.11,transfer,entertainment,New York,atm,False
763.96,deposit,entertainment,Tokyo,mobile,False
23.44,transfer,online,New York,mobile,False
17.98,transfer,online,New York,atm,False
880.46,deposit,online,Tokyo,mobile,False
1035.74,deposit,entertainment,New York,mobile,False
263.91,deposit,online,New York,mobile,False
61.46,transfer,entertainment,Tokyo,atm,False
701.79,deposit,entertainment,New York,mobile,False
7.65,transfer,entertainment,Tokyo,atm,False
642.23,deposit,entertainment,Tokyo,mobile,False
17.09,transfer,entertainment,New York,atm,False
26.71,transfer,online,Tokyo,atm,False
34.62,transfer,entertainment,Tokyo,mobile,False
18.21,transfer,online,New York,mobile,False
776.41,deposit,online,New York,atm,False
605,deposit,entertainment,New York,atm,False
14.6,transfer,entertainment,New York,mobile,False
1568.14,deposit,online,Tokyo,atm,False
714,deposit,online,Tokyo,mobile,False
1250.65,deposit,online,New York,mobile,False
36.65,transfer,entertainment,New York,atm,False
1562.99,deposit,online,New York,mobile,False
17.62,transfer,entertainment,New York,atm,False
14.43,transfer,online,Tokyo,mobile,False
1125.08,deposit,entertainment,New York,mobile,False
33.91,transfer,entertainment,New York,atm,False
10.64,transfer,entertainment,Tokyo,mobile,False
19.92,transfer,entertainment,New York,mobile,False
82.32,transfer,entertainment,New York,atm,False
48.71,transfer,online,New York,atm,False
760.39,deposit,entertainment,New York,mobile,False
58.52,transfer,online,New York,mobile,False
1280.79,deposit,entertainment,New York,atm,False
729.23,deposit,entertainment,Tokyo,atm,False
1360.08,deposit,online,Tokyo,mobile,False
12.25,transfer,entertainment,New York,atm,False
7.25,transfer,entertainment,Tokyo,atm,False
731.64,deposit,entertainment,Tokyo,mobile,False
795.32,deposit,online,Tokyo,mobile,False
14.84,transfer,entertainment,Tokyo,atm,False
17.26,transfer,online,Tokyo,mobile,False
16.7,transfer,entertainment,New York,atm,False
18.57,transfer,entertainment,New York,atm,False
1217.51,deposit,online,Tokyo,atm,False
1266.11,deposit,entertainment,Tokyo,atm,False
21.13,transfer,online,Tokyo,atm,False
663.21,deposit,entertainment,New York,atm,False
1174.75,deposit,online,Tokyo,atm,False
9.26,transfer,entertainment,New York,mobile,False
13.83,transfer,online,New York,mobile,False
17.64,transfer,entertainment,New York,atm,False
19.87,transfer,entertainment,Tokyo,mobile,False
43.86,transfer,online,New York,atm,False
664.7,deposit,entertainment,Tokyo,atm,False
2.95,transfer,online,Tokyo,mobile,False
16.46,transfer,entertainment,Tokyo,atm,False
1604.07,deposit,entertainment,Tokyo,mobile,False
1186.3,deposit,online,Tokyo,mobile,False
20.75,transfer,entertainment,Tokyo,atm,False
18.56,transfer,entertainment,New York,atm,False
1365.34,deposit,entertainment,New York,mobile,False
75.31,transfer,online,Tokyo,mobile,False
25.55,transfer,entertainment,Tokyo,atm,False
278.3,deposit,online,New York,atm,False
801.28,deposit,online,Tokyo,mobile,False
937.67,deposit,entertainment,Tokyo,atm,False
949.75,deposit,online,New York,mobile,False
1034.2,deposit,entertainment,Tokyo,atm,False
41.42,transfer,online,Tokyo,atm,False
995.67,deposit,online,Tokyo,atm,False
9.3,transfer,online,New York,mobile,False
14.1,transfer,entertainment,Tokyo,mobile,False
19.98,transfer,online,New York,atm,False
17.7,transfer,entertainment,Tokyo,atm,False
15.38,transfer,entertainment,New York,mobile,False
7.19,transfer,entertainment,New York,atm,False
13.49,transfer,online,Tokyo,mobile,False
407.1,deposit,online,Tokyo,atm,False
13.31,transfer,entertainment,New York,atm,False
30.02,transfer,entertainment,New York,mobile,False
987.95,deposit,entertainment,Tokyo,mobile,False
31.89,transfer,online,New York,mobile,False
18.48,transfer,entertainment,Tokyo,mobile,False
9.56,transfer,entertainment,New York,atm,False
1101.59,deposit,online,New York,mobile,False
16.2,transfer,entertainment,Tokyo,mobile,False
15.12,transfer,entertainment,New York,atm,False
14.93,transfer,entertainment,Tokyo,atm,False
5.16,transfer,online,Tokyo,atm,False
784.74,deposit,entertainment,Tokyo,mobile,False
1074.98,deposit,online,New York,atm,False
1259.94,deposit,online,New York,mobile,False
1206.79,deposit,online,New York,mobile,False
1107.09,deposit,entertainment,New York,mobile,False
1213.76,deposit,online,Tokyo,atm,False
24.74,transfer,entertainment,Tokyo,atm,False
886.28,deposit,online,Tokyo,mobile,False
1439.76,deposit,entertainment,Tokyo,mobile,False
119.29,transfer,entertainment,New York,mobile,False
1188.6,deposit,online,New York,atm,False
47.12,transfer,online,New York,mobile,False
807.52,deposit,entertainment,Tokyo,atm,False
722.01,deposit,online,Tokyo,mobile,False
1409.28,deposit,online,Tokyo,mobile,False
16.14,transfer,entertainment,New York,atm,False
1240.61,deposit,online,New York,atm,False
30.51,transfer,online,Tokyo,mobile,False
1141.19,deposit,online,Tokyo,atm,False
1660.34,deposit,entertainment,Tokyo,atm,False
21.53,transfer,online,Tokyo,mobile,False
798.93,deposit,entertainment,Tokyo,mobile,False
1303.68,deposit,entertainment,New York,mobile,False
730.42,deposit,entertainment,Tokyo,mobile,False
1609.74,deposit,entertainment,Tokyo,atm,False
1183.59,deposit,online,Tokyo,mobile,True
900.57,deposit,online,Tokyo,atm,False
5.85,transfer,entertainment,Tokyo,atm,False
1287.25,deposit,online,New York,atm,False
575.39,deposit,online,New York,mobile,False
50.06,transfer,online,Tokyo,atm,False
1522.88,deposit,online,New York,atm,False
849.61,deposit,online,New York,mobile,False
1356.51,deposit,entertainment,Tokyo,mobile,False
17.59,transfer,online,New York,atm,False
420.18,deposit,entertainment,New York,mobile,False
1086.69,deposit,online,New York,atm,False
13.04,transfer,online,New York,mobile,False
1769.52,deposit,entertainment,New York,mobile,False
28.87,transfer,entertainment,New York,atm,False
12.37,transfer,online,New York,atm,False
1265.13,deposit,entertainment,New York,mobile,False
18.49,transfer,entertainment,New York,mobile,False
849.7,deposit,entertainment,New York,mobile,False
2050.57,deposit,entertainment,New York,mobile,False
11.14,transfer,entertainment,New York,atm,False
900.54,deposit,entertainment,Tokyo,atm,False
24.84,transfer,online,Tokyo,atm,False
500.48,deposit,online,New York,mobile,False
4.24,transfer,online,Tokyo,atm,False
1016.36,deposit,online,New York,atm,False
24.8,transfer,online,Tokyo,atm,False
8.45,transfer,entertainment,New York,mobile,False
42.46,transfer,entertainment,Tokyo,atm,False
828.62,deposit,entertainment,New York,atm,False
33.38,transfer,entertainment,Tokyo,atm,False
1162.22,deposit,entertainment,New York,atm,False
622.02,deposit,entertainment,New York,mobile,False
660.94,deposit,online,New York,atm,False
498.49,deposit,entertainment,New York,mobile,False
10.09,transfer,entertainment,Tokyo,atm,False
607.5,deposit,online,New York,mobile,False
31.01,transfer,entertainment,Tokyo,mobile,False
31.06,transfer,online,New York,mobile,False
19.61,transfer,entertainment,Tokyo,atm,False
25.55,transfer,entertainment,New York,mobile,False
776.7,deposit,online,New York,atm,False
21.31,transfer,online,Tokyo,mobile,False
28.24,transfer,entertainment,Tokyo,atm,False
16.65,transfer,online,Tokyo,mobile,False
700.82,deposit,online,Tokyo,mobile,False
26.68,transfer,entertainment,Tokyo,atm,False
1208.74,deposit,entertainment,New York,mobile,False
40.07,transfer,online,Tokyo,atm,False
20.38,transfer,online,New York,atm,False
443.88,deposit,entertainment,Tokyo,atm,False
1527.49,deposit,entertainment,New York,mobile,False
1231.95,deposit,online,Tokyo,atm,False
711.25,deposit,online,Tokyo,mobile,False
973.55,deposit,online,Tokyo,atm,False
1406.66,deposit,entertainment,Tokyo,atm,False
20.68,transfer,entertainment,New York,atm,False
9.57,transfer,online,Tokyo,mobile,False
5.64,transfer,entertainment,New York,atm,False
7.65,transfer,online,New York,atm,False
75.29,transfer,online,Tokyo,mobile,False
22.27,transfer,entertainment,Tokyo,mobile,False
8.42,transfer,entertainment,Tokyo,mobile,False
1329.7,deposit,entertainment,New York,atm,False
1796.21,deposit,online,New York,mobile,False
312.4,deposit,online,New York,atm,False
61.62,transfer,online,Tokyo,atm,False
910.47,deposit,entertainment,Tokyo,mobile,False
29.48,transfer,online,Tokyo,atm,False
1251.94,deposit,entertainment,Tokyo,atm,False
8.72,transfer,online,New York,mobile,False
466.69,deposit,entertainment,Tokyo,mobile,False
29.08,transfer,entertainment,Tokyo,mobile,False
4.54,transfer,entertainment,New York,atm,False
0.01,deposit,online,New York,atm,False
22.04,transfer,entertainment,Tokyo,mobile,False
16.4,transfer,entertainment,New York,mobile,False
6.91,transfer,online,New York,atm,False
561.03,deposit,entertainment,Tokyo,mobile,False
661.52,deposit,online,Tokyo,mobile,False
96.24,transfer,online,New York,atm,False
1294.34,deposit,entertainment,New York,atm,False
28.13,transfer,online,New York,atm,False
23.87,transfer,online,Tokyo,atm,False
19.71,transfer,entertainment,Tokyo,mobile,False
26.86,transfer,entertainment,Tokyo,atm,False
13.94,transfer,online,New York,mobile,False
12.59,transfer,entertainment,Tokyo,mobile,False
16.55,transfer,online,New York,atm,False
29.94,transfer,entertainment,New York,atm,False
1171.84,deposit,entertainment,New York,atm,False
763.32,deposit,entertainment,New York,mobile,False
1456.84,deposit,entertainment,New York,mobile,False
618.95,deposit,online,Tokyo,atm,False
797.04,deposit,entertainment,Tokyo,atm,False
1473.29,deposit,entertainment,Tokyo,mobile,False
805.6,deposit,entertainment,Tokyo,atm,False
25.99,transfer,online,New York,atm,False
17.03,transfer,online,Tokyo,atm,False
1356.92,deposit,online,Tokyo,atm,False
720.55,deposit,entertainment,Tokyo,mobile,False
16.43,transfer,online,New York,mobile,False
34.66,transfer,entertainment,Tokyo,mobile,False
24,transfer,entertainment,Tokyo,atm,False
1933.71,deposit,entertainment,New York,mobile,False
12.68,transfer,online,Tokyo,atm,False
1180.21,deposit,entertainment,New York,atm,False
51.1,transfer,entertainment,New York,atm,False
22.02,transfer,online,New York,mobile,False
10.07,transfer,entertainment,New York,atm,False
14.75,transfer,entertainment,Tokyo,atm,False
5.04,transfer,online,Tokyo,mobile,False
925.07,deposit,online,New York,atm,False
17.29,transfer,online,New York,atm,False
11.06,transfer,online,New York,atm,False
11.97,transfer,online,New York,mobile,False
350.87,deposit,online,New York,atm,False
1599.07,deposit,entertainment,New York,atm,False
5.26,transfer,online,New York,atm,True
877.07,deposit,online,Tokyo,atm,False
1338.03,deposit,entertainment,New York,atm,False
1060.44,deposit,online,Tokyo,mobile,False
873.42,deposit,entertainment,Tokyo,atm,False
1086.98,deposit,online,New York,mobile,False
1279.41,deposit,entertainment,Tokyo,atm,False
1463.42,deposit,entertainment,Tokyo,atm,False
1008.26,deposit,online,Tokyo,atm,False
1525.28,deposit,entertainment,Tokyo,mobile,False
332.74,deposit,entertainment,New York,atm,False
940.67,deposit,entertainment,Tokyo,atm,False
44.37,transfer,online,Tokyo,mobile,False
19.39,transfer,online,Tokyo,mobile,False
1494.34,deposit,online,New York,mobile,False
1044.84,deposit,online,New York,mobile,False
31.32,transfer,online,New York,mobile,False
7.64,transfer,entertainment,New York,mobile,False
47.36,transfer,online,Tokyo,atm,False
1170.69,deposit,entertainment,Tokyo,mobile,False
56.13,transfer,online,New York,mobile,False
8.34,transfer,online,New York,atm,False
991.75,deposit,online,Tokyo,atm,False
1263.8,deposit,entertainment,Tokyo,mobile,False
1169.76,deposit,entertainment,New York,atm,False
46.96,transfer,entertainment,Tokyo,atm,False
11.66,transfer,entertainment,Tokyo,atm,False
40.69,transfer,online,Tokyo,atm,False
912.49,deposit,online,Tokyo,atm,False
34.47,transfer,online,New York,atm,False
11.95,transfer,online,Tokyo,atm,False
7.25,transfer,online,New York,atm,False
20.87,transfer,online,New York,atm,False
1411.64,deposit,online,Tokyo,atm,False
413.8,deposit,online,New York,mobile,False
478.2,deposit,online,New York,mobile,False
10.23,transfer,online,Tokyo,mobile,False
42.81,transfer,entertainment,New York,mobile,False
4.59,transfer,entertainment,New York,atm,False
211.85,deposit,entertainment,Tokyo,mobile,False
1201.99,deposit,online,Tokyo,atm,False
8.79,transfer,online,New York,atm,False
1220.24,deposit,entertainment,New York,mobile,False
312.56,deposit,entertainment,Tokyo,atm,False
835.49,deposit,online,Tokyo,mobile,False
734.72,deposit,online,Tokyo,mobile,False
5.27,transfer,entertainment,Tokyo,atm,False
9.6,transfer,online,New York,atm,False
1418.59,deposit,entertainment,Tokyo,mobile,False
2285.21,deposit,entertainment,Tokyo,mobile,False
1225.53,deposit,online,New York,mobile,False
11.94,transfer,online,New York,atm,False
7.03,transfer,online,Tokyo,atm,False
1054.65,deposit,online,New York,mobile,False
17.02,transfer,entertainment,New York,atm,False
4.17,transfer,entertainment,New York,mobile,False
49.72,transfer,online,New York,mobile,False
6.92,transfer,entertainment,New York,atm,False
1104.93,deposit,online,Tokyo,mobile,False
904.73,deposit,online,Tokyo,atm,False
606.45,deposit,online,New York,mobile,False
26.03,transfer,online,New York,atm,False
712.19,deposit,entertainment,Tokyo,mobile,False
1320.94,deposit,online,Tokyo,mobile,False
222.63,deposit,online,New York,mobile,False
17.39,transfer,entertainment,Tokyo,atm,False
1205.79,deposit,online,New York,atm,False
8.99,transfer,online,New York,mobile,True
600.66,deposit,entertainment,Tokyo,mobile,False
1719.61,deposit,online,New York,atm,False
2042.37,deposit,entertainment,New York,mobile,False
27.22,transfer,online,New York,atm,False
33.12,transfer,online,New York,mobile,False
25.75,transfer,entertainment,New York,mobile,False
35.05,transfer,entertainment,New York,mobile,False
9.05,transfer,entertainment,Tokyo,atm,False
33.61,transfer,online,Tokyo,mobile,False
22.9,transfer,entertainment,Tokyo,atm,False
27.54,transfer,entertainment,Tokyo,mobile,False
20.94,transfer,entertainment,Tokyo,atm,False
29.86,transfer,online,Tokyo,mobile,False
574.14,deposit,online,Tokyo,mobile,False
11.45,transfer,online,New York,mobile,False
11.4,transfer,entertainment,Tokyo,mobile,False
1928.96,deposit,online,New York,mobile,False
12.1,transfer,entertainment,New York,mobile,False
1300.34,deposit,online,New York,mobile,False
620.37,deposit,entertainment,Tokyo,atm,False
720.31,deposit,online,New York,atm,False
1259.04,deposit,entertainment,New York,mobile,False
303.53,deposit,entertainment,Tokyo,atm,False
1289.96,deposit,online,New York,atm,False
35.79,transfer,online,New York,atm,False
1177.27,deposit,online,New York,mobile,False
99.11,transfer,entertainment,Tokyo,atm,False
1984.37,deposit,online,Tokyo,mobile,False
15.33,transfer,entertainment,Tokyo,atm,False
15.28,transfer,online,New York,mobile,False
1746.04,deposit,online,New York,atm,False
384.68,deposit,entertainment,Tokyo,atm,False
554.44,deposit,online,Tokyo,atm,False
904.4,deposit,online,New York,mobile,False
1554.37,deposit,online,Tokyo,mobile,False
536.17,deposit,online,New York,atm,False
14.4,transfer,online,New York,mobile,False
13.45,transfer,online,Tokyo,mobile,False
12.68,transfer,entertainment,New York,atm,False
24.18,transfer,entertainment,Tokyo,mobile,False
6.4,transfer,online,Tokyo,mobile,False
9.75,transfer,entertainment,New York,mobile,False
7.36,transfer,entertainment,New York,atm,False
465.58,deposit,online,Tokyo,mobile,False
1376.34,deposit,online,New York,atm,False
33.82,transfer,entertainment,New York,mobile,False
19.61,transfer,online,New York,mobile,False
894.02,deposit,online,Tokyo,mobile,False
7.99,transfer,entertainment,New York,atm,False
1050.75,deposit,online,New York,atm,False
77.43,transfer,entertainment,Tokyo,atm,False
923.89,deposit,entertainment,Tokyo,atm,False
1199.45,deposit,entertainment,New York,atm,False
53.9,transfer,entertainment,New York,mobile,False
925.03,deposit,online,Tokyo,atm,False
570.57,deposit,online,Tokyo,atm,False
115.26,deposit,online,New York,atm,False
43.84,transfer,online,New York,atm,False
11.32,transfer,online,New York,atm,False
1106.5,deposit,online,New York,atm,False
15.98,transfer,entertainment,New York,atm,False
1607.04,deposit,entertainment,Tokyo,atm,False
1136.78,deposit,online,New York,atm,False
1230.7,deposit,entertainment,New York,mobile,False
893.04,deposit,online,Tokyo,mobile,False
521.18,deposit,entertainment,Tokyo,mobile,False
16.01,transfer,entertainment,New York,atm,False
279.71,deposit,entertainment,New York,mobile,False
1272.51,deposit,entertainment,Tokyo,mobile,False
56.28,transfer,online,New York,atm,False
965.19,deposit,entertainment,New York,atm,False
610.51,deposit,online,New York,atm,True
627.77,deposit,entertainment,New York,mobile,False
1063.4,deposit,online,Tokyo,atm,False
1225.38,deposit,entertainment,New York,atm,False
699.48,deposit,online,Tokyo,atm,False
73.38,transfer,entertainment,Tokyo,atm,False
1495.16,deposit,entertainment,New York,mobile,False
404.11,deposit,entertainment,Tokyo,atm,False
1642.74,deposit,online,Tokyo,mobile,False
985.69,deposit,entertainment,Tokyo,mobile,False
30.03,transfer,online,Tokyo,mobile,False
283.84,deposit,online,New York,atm,True
982.14,deposit,online,Tokyo,atm,False
5.04,transfer,entertainment,New York,atm,False
213.98,deposit,online,Tokyo,atm,False
1106.1,deposit,online,New York,atm,False
896.28,deposit,online,New York,mobile,False
103.89,deposit,online,Tokyo,mobile,False
24.33,transfer,entertainment,Tokyo,atm,False
2179.92,deposit,online,Tokyo,atm,False
291.92,deposit,entertainment,New York,mobile,False
1247.29,deposit,online,Tokyo,mobile,False
1436.1,deposit,online,New York,mobile,False
1441.28,deposit,online,Tokyo,atm,False
989.45,deposit,online,New York,atm,False
10.41,transfer,entertainment,New York,atm,False
21.83,transfer,online,Tokyo,mobile,False
1031.55,deposit,online,Tokyo,mobile,False
29.82,transfer,entertainment,Tokyo,atm,False
89.97,transfer,online,New York,mobile,False
619.65,deposit,entertainment,New York,mobile,True
39.54,transfer,entertainment,New York,atm,False
1317.98,deposit,online,Tokyo,atm,False
10.69,transfer,online,Tokyo,mobile,False
225.37,deposit,online,Tokyo,atm,False
17.79,transfer,online,Tokyo,mobile,False
43.43,transfer,online,New York,mobile,False
13.17,transfer,online,New York,atm,False
92.1,transfer,online,Tokyo,mobile,False
5.45,transfer,entertainment,New York,atm,False
25.71,transfer,entertainment,New York,mobile,False
1202.47,deposit,entertainment,New York,mobile,False
44.47,transfer,entertainment,Tokyo,mobile,False
492.14,deposit,online,Tokyo,atm,False
1091.62,deposit,online,New York,mobile,False
10.44,transfer,entertainment,New York,atm,False
730.02,deposit,entertainment,Tokyo,atm,False
7.04,transfer,entertainment,Tokyo,atm,False
34.66,transfer,entertainment,New York,mobile,False
32.82,transfer,entertainment,Tokyo,atm,False
15.91,transfer,entertainment,Tokyo,mobile,False
1767.64,deposit,entertainment,Tokyo,atm,False
16.15,transfer,online,Tokyo,atm,False
18.37,transfer,entertainment,New York,mobile,False
760.44,deposit,entertainment,Tokyo,atm,False
1182.28,deposit,entertainment,New York,atm,False
1184.98,deposit,online,Tokyo,atm,False
1194.8,deposit,online,New York,mobile,False
737.91,deposit,entertainment,Tokyo,atm,False
10.37,transfer,online,New York,mobile,False
75.38,transfer,online,New York,mobile,False
130.48,deposit,entertainment,Tokyo,atm,False
60.37,transfer,online,New York,atm,False
19.04,deposit,entertainment,New York,mobile,False
862.02,deposit,entertainment,New York,mobile,False
599.37,deposit,online,Tokyo,atm,False
28.86,transfer,online,Tokyo,mobile,False
49.98,transfer,entertainment,New York,atm,False
25.85,transfer,online,New York,mobile,False
20.64,transfer,online,New York,mobile,False
0.01,deposit,entertainment,New York,atm,False
1284.49,deposit,online,Tokyo,atm,False
27.07,transfer,online,New York,mobile,False
11,transfer,online,New York,atm,False
31.73,transfer,online,Tokyo,atm,False
834.54,deposit,entertainment,New York,atm,False
51.66,transfer,online,New York,mobile,False
20.69,transfer,entertainment,Tokyo,atm,False
127.97,deposit,entertainment,Tokyo,atm,False
1394.4,deposit,online,Tokyo,atm,False
14.71,transfer,online,Tokyo,mobile,False
303.4,deposit,online,New York,atm,False
1193.75,deposit,entertainment,New York,atm,False
32.16,transfer,entertainment,New York,atm,False
12.8,transfer,entertainment,New York,atm,False
944.12,deposit,online,New York,mobile,False
12.3,transfer,online,Tokyo,atm,False
24.04,transfer,online,New York,atm,False
17.61,transfer,online,New York,atm,False
11.53,transfer,entertainment,Tokyo,atm,False
10.79,transfer,entertainment,New York,mobile,False
15.52,transfer,online,Tokyo,atm,False
1468.05,deposit,online,Tokyo,atm,False
1005.4,deposit,entertainment,Tokyo,atm,False
13.07,transfer,entertainment,New York,atm,False
649.26,deposit,online,Tokyo,atm,False
11.52,transfer,entertainment,New York,mobile,False
1128.09,deposit,online,New York,mobile,False
13.12,transfer,online,Tokyo,atm,False
27.52,transfer,entertainment,Tokyo,mobile,False
53.81,transfer,entertainment,Tokyo,mobile,False
61.96,deposit,online,New York,mobile,False
1828.3,deposit,entertainment,Tokyo,atm,False
686.69,deposit,entertainment,Tokyo,atm,False
6.02,transfer,online,New York,mobile,False
29.08,transfer,online,New York,mobile,False
847.21,deposit,online,Tokyo,mobile,False
835.48,deposit,entertainment,Tokyo,atm,False
21.97,transfer,entertainment,Tokyo,mobile,False
24.67,transfer,entertainment,New York,mobile,False
12.91,transfer,entertainment,Tokyo,atm,False
599.4,deposit,online,New York,mobile,False
23.42,transfer,online,New York,mobile,False
11.22,transfer,entertainment,New York,atm,False
1225.82,deposit,online,Tokyo,atm,False
12.08,transfer,entertainment,Tokyo,mobile,False
40.81,transfer,entertainment,New York,mobile,False
1783.04,deposit,entertainment,Tokyo,atm,False
904.82,deposit,online,Tokyo,atm,False
2035.03,deposit,online,New York,mobile,False
24.06,transfer,entertainment,Tokyo,atm,False
12.28,transfer,entertainment,Tokyo,mobile,False
66.41,transfer,online,Tokyo,atm,False
984.16,deposit,entertainment,Tokyo,atm,False
1268.71,deposit,entertainment,Tokyo,atm,False
1085.64,deposit,online,New York,atm,False
14.33,transfer,entertainment,New York,atm,False
1174.96,deposit,online,New York,atm,False
355.62,deposit,entertainment,New York,atm,False
47.98,transfer,entertainment,Tokyo,atm,False
271.79,deposit,entertainment,New York,atm,False
382.54,deposit,online,New York,mobile,False
655.41,deposit,online,Tokyo,atm,False
54.32,transfer,entertainment,New York,mobile,False
22.03,transfer,online,Tokyo,mobile,False
1901.97,deposit,online,Tokyo,atm,False
6.82,transfer,online,New York,atm,False
1300.12,deposit,online,Tokyo,atm,False
8.56,transfer,online,Tokyo,atm,False
1004.83,deposit,online,New York,atm,False
18.63,transfer,entertainment,New York,atm,False
20.3,transfer,entertainment,Tokyo,mobile,False
15.69,transfer,entertainment,New York,atm,False
842.7,deposit,online,Tokyo,atm,False
815.07,deposit,entertainment,New York,mobile,False
33.22,transfer,entertainment,Tokyo,mobile,False
343.68,deposit,entertainment,Tokyo,mobile,False
2279.9,deposit,online,Tokyo,atm,False
1358.48,deposit,entertainment,Tokyo,atm,False
7.72,transfer,entertainment,Tokyo,atm,False
2062.22,deposit,entertainment,New York,mobile,False
1060.19,deposit,entertainment,New York,atm,False
9.46,transfer,online,New York,mobile,False
45.23,transfer,entertainment,New York,atm,False
1376.5,deposit,entertainment,New York,atm,False
36.4,transfer,entertainment,Tokyo,atm,False
51.21,transfer,entertainment,New York,atm,False
1072.45,deposit,online,New York,atm,False
314.77,deposit,online,Tokyo,atm,False
26.22,transfer,entertainment,Tokyo,atm,False
844.24,deposit,online,Tokyo,atm,False
897.43,deposit,online,Tokyo,atm,False
1595.8,deposit,online,New York,atm,False
31.08,transfer,online,New York,atm,False
14.17,transfer,entertainment,New York,atm,False
2031.95,deposit,entertainment,Tokyo,atm,False
632.86,deposit,online,New York,atm,False
45.34,transfer,entertainment,New York,atm,False
40.27,transfer,entertainment,New York,mobile,False
944.71,deposit,entertainment,Tokyo,mobile,False
933.17,deposit,entertainment,New York,atm,False
1500.09,deposit,entertainment,New York,atm,False
27.24,transfer,entertainment,New York,mobile,False
5.95,transfer,entertainment,Tokyo,atm,False
1388.6,deposit,entertainment,Tokyo,mobile,False
53.15,transfer,online,Tokyo,mobile,False
798.26,deposit,entertainment,Tokyo,mobile,False
1577.2,deposit,entertainment,New York,mobile,False
16.35,transfer,online,New York,atm,False
1482.25,deposit,online,New York,atm,False
38.31,transfer,entertainment,Tokyo,atm,False
19.51,transfer,online,Tokyo,mobile,False
1153.11,deposit,entertainment,Tokyo,atm,False
1481.54,deposit,entertainment,New York,mobile,False
1060.24,deposit,entertainment,New York,atm,False
437.38,deposit,entertainment,New York,atm,False
16.53,transfer,entertainment,New York,atm,False
887.57,deposit,online,New York,mobile,False
1271.4,deposit,entertainment,New York,mobile,True
1116.72,deposit,online,Tokyo,atm,False
1569.82,deposit,online,Tokyo,mobile,False
809.8,deposit,online,Tokyo,atm,False
6.65,transfer,entertainment,New York,atm,True
12.37,transfer,online,Tokyo,mobile,False
95.51,transfer,entertainment,New York,atm,False
681.21,deposit,entertainment,New York,mobile,False
12.05,transfer,online,New York,atm,False
977.45,deposit,entertainment,Tokyo,atm,False
27.88,transfer,entertainment,Tokyo,mobile,False
1026.09,deposit,online,Tokyo,mobile,False
1015.63,deposit,online,New York,mobile,False
31.98,transfer,entertainment,New York,atm,False
1448.42,deposit,entertainment,Tokyo,atm,False
1299.26,deposit,online,New York,mobile,False
1545.36,deposit,entertainment,Tokyo,atm,False
1065.14,deposit,online,Tokyo,atm,False
12.31,transfer,entertainment,New York,atm,False
24.31,transfer,entertainment,New York,mobile,False
426.31,deposit,online,Tokyo,mobile,False
26.19,transfer,entertainment,Tokyo,atm,False
995.21,deposit,online,Tokyo,atm,False
859.91,deposit,online,New York,mobile,False
10.62,transfer,entertainment,Tokyo,atm,False
5.78,transfer,entertainment,Tokyo,mobile,True
10.98,transfer,entertainment,New York,atm,False
1509.44,deposit,online,Tokyo,atm,False
74.99,transfer,online,Tokyo,mobile,False
1490.62,deposit,entertainment,Tokyo,atm,False
7.63,transfer,entertainment,Tokyo,atm,False
13.51,transfer,online,Tokyo,mobile,False
1397.11,deposit,entertainment,New York,mobile,False
1330.99,deposit,online,Tokyo,mobile,False
63.7,transfer,entertainment,New York,atm,False
37.21,transfer,entertainment,New York,atm,False
14.84,transfer,entertainment,Tokyo,atm,False
25.24,transfer,entertainment,Tokyo,atm,False
691.5,deposit,online,Tokyo,mobile,False
785.51,deposit,entertainment,New York,mobile,False
19.19,transfer,entertainment,Tokyo,mobile,False
781.8,deposit,online,New York,atm,False
26.91,transfer,entertainment,New York,atm,False
8.37,transfer,online,New York,atm,True
1582.94,deposit,entertainment,New York,mobile,False
1115.91,deposit,entertainment,Tokyo,mobile,False
25.13,transfer,online,New York,atm,False
20.92,transfer,entertainment,Tokyo,atm,False
26.03,transfer,entertainment,Tokyo,mobile,False
17.78,transfer,entertainment,New York,mobile,False
1470.25,deposit,entertainment,Tokyo,mobile,False
17.32,transfer,online,New York,atm,False
7.69,transfer,online,New York,atm,False
57.81,transfer,entertainment,Tokyo,atm,False
24.25,transfer,online,New York,atm,False
32.2,transfer,entertainment,New York,atm,False
40.35,transfer,entertainment,Tokyo,mobile,False
51.4,transfer,entertainment,New York,atm,False
13.88,transfer,entertainment,Tokyo,mobile,False
909.27,deposit,entertainment,New York,mobile,False
811.42,deposit,entertainment,Tokyo,mobile,False
867.32,deposit,entertainment,New York,mobile,False
1110.61,deposit,entertainment,New York,mobile,False
35.11,transfer,online,New York,mobile,False
1045.57,deposit,entertainment,Tokyo,mobile,False
10.36,transfer,online,Tokyo,atm,False
408.29,deposit,online,Tokyo,mobile,False
39.42,transfer,online,New York,mobile,False
20.11,transfer,online,New York,atm,False
0.01,deposit,entertainment,New York,atm,False
1443.39,deposit,entertainment,Tokyo,mobile,False
1208.89,deposit,online,Tokyo,mobile,False
1079.65,deposit,online,Tokyo,atm,False
1453.27,deposit,online,New York,mobile,False
73.42,transfer,online,Tokyo,mobile,False
8.63,transfer,entertainment,New York,atm,False
1350.82,deposit,entertainment,New York,mobile,False
28.24,transfer,online,New York,atm,False
2339.78,deposit,online,Tokyo,atm,False
25.6,transfer,online,Tokyo,atm,False
390.87,deposit,online,Tokyo,mobile,False
1446.58,deposit,online,Tokyo,mobile,False
1170,deposit,entertainment,New York,atm,False
7.92,transfer,online,Tokyo,mobile,False
63.22,transfer,entertainment,New York,atm,False
11.89,transfer,entertainment,Tokyo,mobile,True
737.71,deposit,online,New York,atm,False
922.29,deposit,entertainment,New York,mobile,False
746.22,deposit,entertainment,Tokyo,mobile,False
1507.25,deposit,entertainment,Tokyo,atm,False
1082.79,deposit,online,New York,mobile,False
855.66,deposit,online,New York,atm,False
1560.78,deposit,online,Tokyo,mobile,False
481.11,deposit,online,New York,mobile,False
1425.73,deposit,online,New York,mobile,False
14.21,transfer,online,New York,mobile,False
173.71,deposit,online,Tokyo,atm,False
9.01,transfer,online,New York,atm,False
779.17,deposit,entertainment,New York,mobile,False
16.35,transfer,online,New York,mobile,False
623.98,deposit,online,Tokyo,mobile,False
1427.68,deposit,online,Tokyo,atm,False
31.7,transfer,online,Tokyo,mobile,False
988.05,deposit,online,Tokyo,mobile,False
28.54,transfer,entertainment,Tokyo,atm,False
1311.16,deposit,online,New York,atm,False
1403.08,deposit,entertainment,Tokyo,mobile,False
1381.57,deposit,online,Tokyo,mobile,False
1222.1,deposit,entertainment,New York,atm,True
15.88,transfer,entertainment,New York,atm,False
483.84,deposit,online,New York,atm,False
687.79,deposit,online,New York,mobile,False
1676.89,deposit,entertainment,New York,mobile,False
16.61,transfer,entertainment,New York,mobile,False
7.7,transfer,online,Tokyo,atm,False
11.89,transfer,entertainment,New York,atm,False
1589.18,deposit,entertainment,Tokyo,mobile,False
863.07,deposit,entertainment,Tokyo,atm,False
748.22,deposit,entertainment,Tokyo,mobile,False
23.69,transfer,online,New York,mobile,False
1730.92,deposit,online,New York,mobile,False
26.9,transfer,online,New York,mobile,False
943.51,deposit,online,Tokyo,atm,False
824.75,deposit,online,Tokyo,atm,False
7.36,transfer,online,Tokyo,atm,False
62.5,transfer,entertainment,New York,mobile,False
11.23,transfer,entertainment,Tokyo,atm,False
16.81,transfer,entertainment,Tokyo,atm,False
9.85,transfer,online,New York,atm,False
965.9,deposit,online,Tokyo,atm,False
34.46,transfer,entertainment,New York,atm,False
2595.07,deposit,online,New York,atm,False
783.91,deposit,online,Tokyo,atm,False
12.3,transfer,online,Tokyo,mobile,False
1781.03,deposit,online,Tokyo,mobile,False
1673.21,deposit,entertainment,New York,mobile,False
21.27,transfer,online,Tokyo,atm,False
846.75,deposit,online,Tokyo,atm,False
19.35,transfer,online,Tokyo,mobile,False
17.83,transfer,online,Tokyo,atm,False
34.63,transfer,entertainment,New York,atm,False
13.4,transfer,entertainment,Tokyo,mobile,False
10.2,transfer,entertainment,Tokyo,mobile,False
96.84,transfer,entertainment,Tokyo,atm,False
1677.15,deposit,entertainment,New York,mobile,False
28.33,transfer,entertainment,Tokyo,mobile,False
10.7,transfer,entertainment,New York,atm,False
94.1,transfer,entertainment,New York,mobile,False
974.56,deposit,online,New York,mobile,False
641.24,deposit,entertainment,New York,mobile,False
22.06,transfer,entertainment,Tokyo,atm,False
1196.21,deposit,entertainment,Tokyo,mobile,False
1208.87,deposit,entertainment,New York,mobile,False
373.61,deposit,entertainment,New York,atm,False
10.44,transfer,entertainment,New York,mobile,False
26.9,transfer,online,Tokyo,atm,False
19.1,transfer,entertainment,Tokyo,atm,False
1168.82,deposit,entertainment,Tokyo,atm,False
1366.01,deposit,online,New York,mobile,False
0.01,deposit,online,New York,mobile,False
683.12,deposit,entertainment,New York,mobile,False
815.88,deposit,online,Tokyo,mobile,False
1641.16,deposit,online,New York,atm,False
1347.73,deposit,online,New York,mobile,False
1001.94,deposit,online,New York,atm,False
477.03,deposit,entertainment,New York,atm,False
1691.67,deposit,entertainment,Tokyo,mobile,False
16.55,transfer,entertainment,New York,atm,False
17.3,transfer,entertainment,Tokyo,atm,False
808.49,deposit,entertainment,New York,mobile,False
68.82,transfer,entertainment,Tokyo,atm,False
1215.75,deposit,online,New York,atm,False
1906.84,deposit,entertainment,Tokyo,atm,False
9.31,transfer,online,New York,atm,True
722.14,deposit,entertainment,Tokyo,mobile,False
34.14,transfer,entertainment,New York,atm,False
19.67,transfer,entertainment,New York,atm,False
1529.65,deposit,entertainment,Tokyo,mobile,False
456.39,deposit,online,New York,mobile,False
43.4,transfer,entertainment,Tokyo,atm,False
823.44,deposit,entertainment,Tokyo,mobile,False
17.77,transfer,online,New York,mobile,False
1160.4,deposit,online,New York,mobile,False
22.33,transfer,entertainment,New York,mobile,False
1401.98,deposit,online,Tokyo,mobile,False
441.4,deposit,online,Tokyo,atm,False
28.2,transfer,online,Tokyo,mobile,False
9.37,transfer,online,New York,mobile,False
328.3,deposit,online,New York,mobile,False
9.52,transfer,entertainment,Tokyo,atm,False
23.25,transfer,online,Tokyo,atm,False
1680.59,deposit,entertainment,New York,atm,False
399.4,deposit,online,Tokyo,mobile,False
1617.77,deposit,entertainment,New York,mobile,False
645.61,deposit,entertainment,Tokyo,atm,False
630.05,deposit,entertainment,New York,mobile,False
25,transfer,entertainment,New York,atm,False
1805.01,deposit,online,New York,mobile,False
36.13,transfer,entertainment,New York,atm,False
30.07,transfer,entertainment,Tokyo,mobile,False
963.17,deposit,entertainment,New York,mobile,False
2169.74,deposit,online,New York,mobile,False
11.98,transfer,online,Tokyo,atm,False
1515.73,deposit,online,New York,atm,False
50.47,deposit,entertainment,New York,mobile,False
235.8,deposit,entertainment,Tokyo,mobile,False
21.36,transfer,entertainment,New York,mobile,False
31.78,transfer,entertainment,New York,mobile,False
25.13,transfer,online,New York,mobile,False
1000.98,deposit,online,Tokyo,atm,False
962.92,deposit,entertainment,Tokyo,mobile,False
15.92,transfer,entertainment,New York,mobile,False
32.01,transfer,entertainment,New York,atm,False
761.78,deposit,online,Tokyo,atm,False
353.57,deposit,online,Tokyo,mobile,False
1448.85,deposit,online,New York,mobile,False
17.23,transfer,entertainment,New York,atm,False
11.58,transfer,entertainment,Tokyo,atm,False
3.01,transfer,entertainment,New York,atm,False
22.9,transfer,online,Tokyo,atm,False
212.66,deposit,online,New York,mobile,False
14.73,transfer,online,Tokyo,mobile,False
5.37,transfer,online,New York,atm,False
651.05,deposit,entertainment,Tokyo,mobile,False
1473.41,deposit,entertainment,New York,atm,False
93.36,transfer,entertainment,Tokyo,mobile,False
41.31,transfer,entertainment,Tokyo,atm,False
2497.72,deposit,online,Tokyo,mobile,False
38.65,transfer,online,New York,atm,False
330.76,deposit,online,Tokyo,mobile,False
9.76,transfer,online,Tokyo,atm,False
694.12,deposit,online,Tokyo,mobile,False
1565.52,deposit,entertainment,Tokyo,atm,False
69.43,transfer,entertainment,New York,atm,False
581.72,deposit,online,Tokyo,atm,False
1542.15,deposit,entertainment,New York,atm,False
12.55,transfer,online,New York,atm,False
485.4,deposit,entertainment,New York,mobile,False
1349.06,deposit,entertainment,Tokyo,atm,False
239.65,deposit,online,New York,atm,False
1118.71,deposit,entertainment,Tokyo,mobile,False
1049.45,deposit,entertainment,Tokyo,mobile,False
11.16,transfer,entertainment,New York,mobile,False
8.88,transfer,online,Tokyo,mobile,False
568.5,deposit,online,Tokyo,mobile,False
33.64,transfer,online,Tokyo,mobile,False
1223.4,deposit,online,New York,atm,False
81.12,transfer,entertainment,New York,atm,False
1305.44,deposit,online,New York,mobile,False
645.14,deposit,entertainment,New York,mobile,False
733.02,deposit,entertainment,New York,mobile,False
1267.13,deposit,online,Tokyo,atm,False
2.61,transfer,online,Tokyo,atm,False
16.22,transfer,entertainment,Tokyo,mobile,False
8.17,transfer,entertainment,Tokyo,mobile,False
1834.11,deposit,online,New York,mobile,False
10.59,transfer,entertainment,Tokyo,mobile,False
720.09,deposit,online,Tokyo,atm,False
40.26,transfer,entertainment,Tokyo,atm,False
651.73,deposit,online,Tokyo,atm,False
53.2,transfer,entertainment,New York,mobile,False
732.8,deposit,entertainment,New York,mobile,False
20.05,transfer,entertainment,Tokyo,atm,False
1130.18,deposit,online,Tokyo,mobile,False
109.37,transfer,online,Tokyo,mobile,False
949.15,deposit,online,Tokyo,mobile,False
24.99,transfer,entertainment,New York,atm,False
1558.54,deposit,entertainment,New York,mobile,False
33.75,transfer,entertainment,New York,atm,False
1216.17,deposit,online,New York,atm,False
286.95,deposit,entertainment,Tokyo,atm,False
15.86,transfer,entertainment,Tokyo,atm,False
21.48,transfer,online,New York,mobile,False
0.01,deposit,online,Tokyo,mobile,False
20.4,transfer,entertainment,Tokyo,atm,False
1872.59,deposit,online,New York,mobile,False
17.91,transfer,online,Tokyo,mobile,False
21.19,transfer,entertainment,New York,mobile,False
999.6,deposit,online,New York,atm,False
775.21,deposit,entertainment,New York,mobile,False
6.94,transfer,online,Tokyo,mobile,False
11.14,transfer,entertainment,Tokyo,atm,False
29.66,transfer,online,Tokyo,mobile,False
27.26,transfer,entertainment,New York,atm,False
876.12,deposit,online,New York,atm,False
620.84,deposit,entertainment,New York,mobile,False
33.52,transfer,online,New York,atm,False
41.35,transfer,entertainment,New York,atm,False
166.89,transfer,online,New York,atm,False
1169.36,deposit,online,Tokyo,atm,False
753.42,deposit,entertainment,Tokyo,mobile,False
1357.01,deposit,online,Tokyo,mobile,False
41.6,transfer,entertainment,New York,atm,False
1429.58,deposit,online,Tokyo,mobile,False
27.44,transfer,entertainment,New York,atm,False
6.86,transfer,entertainment,New York,atm,False
744.28,deposit,online,New York,atm,False
41.73,transfer,entertainment,New York,mobile,False
67.24,transfer,entertainment,New York,atm,False
0.01,deposit,online,Tokyo,mobile,False
13.89,transfer,entertainment,New York,atm,False
59.77,transfer,entertainment,New York,atm,False
1176.18,deposit,entertainment,Tokyo,atm,False
611.94,deposit,online,Tokyo,mobile,False
2017.69,deposit,entertainment,Tokyo,mobile,False
351.38,deposit,entertainment,Tokyo,atm,False
31.12,transfer,online,New York,mobile,False
1789.25,deposit,entertainment,Tokyo,atm,False
392.29,deposit,entertainment,New York,atm,False
36.39,transfer,online,New York,mobile,False
4.81,transfer,entertainment,Tokyo,mobile,False
1137.78,deposit,entertainment,Tokyo,mobile,False
413.51,deposit,entertainment,New York,atm,False
1055.8,deposit,online,New York,mobile,False
9.64,transfer,online,Tokyo,mobile,False
638.06,deposit,entertainment,New York,atm,False
18.68,transfer,online,Tokyo,mobile,False
30.87,transfer,entertainment,Tokyo,mobile,False
50.5,transfer,entertainment,New York,mobile,False
1442.06,deposit,online,Tokyo,mobile,False
37.37,transfer,online,New York,mobile,True
8.04,transfer,online,New York,mobile,False
744.74,deposit,entertainment,New York,mobile,False
7.15,transfer,entertainment,Tokyo,mobile,False
959.95,deposit,online,New York,atm,False
345.25,deposit,entertainment,Tokyo,mobile,False
1430.62,deposit,online,Tokyo,mobile,False
1290.55,deposit,online,New York,atm,False
509.54,deposit,online,New York,mobile,False
30.87,transfer,entertainment,New York,atm,False
420.71,deposit,entertainment,New York,atm,False
1137.16,deposit,entertainment,Tokyo,atm,False
1376.36,deposit,entertainment,New York,atm,False
40.93,transfer,online,Tokyo,atm,False
13.48,transfer,entertainment,New York,atm,False
6.33,transfer,online,Tokyo,atm,False
721.34,deposit,online,Tokyo,atm,False
16.92,transfer,online,New York,mobile,False
1000.09,deposit,online,New York,atm,False
1365.41,deposit,online,New York,atm,False
22.69,transfer,entertainment,New York,atm,False
12.44,transfer,entertainment,New York,atm,False
34.79,transfer,online,Tokyo,mobile,False
18.71,transfer,online,New York,mobile,False
121.36,deposit,online,Tokyo,mobile,False
64.34,transfer,entertainment,Tokyo,mobile,False
1241.02,deposit,entertainment,New York,atm,False
828.52,deposit,online,Tokyo,mobile,False
11.21,transfer,entertainment,Tokyo,atm,False
24.99,transfer,online,Tokyo,mobile,False
652.33,deposit,entertainment,Tokyo,mobile,False
41.29,transfer,online,New York,atm,False
466.74,deposit,entertainment,New York,mobile,False
644.62,deposit,online,New York,mobile,False
580.65,deposit,online,Tokyo,mobile,False
1474.47,deposit,entertainment,Tokyo,atm,False
1829.12,deposit,online,New York,atm,False
580.66,deposit,entertainment,New York,atm,False
12.34,transfer,online,New York,atm,False
15.92,transfer,online,Tokyo,atm,False
1162.58,deposit,entertainment,Tokyo,atm,False
466.64,deposit,online,New York,atm,False
50.12,transfer,entertainment,Tokyo,mobile,False
926.98,deposit,online,Tokyo,mobile,False
14.57,transfer,online,New York,atm,True
557.95,deposit,entertainment,New York,atm,False
30.32,transfer,entertainment,Tokyo,mobile,False
1065.57,deposit,entertainment,New York,mobile,False
670.55,deposit,entertainment,Tokyo,atm,False
20.11,transfer,entertainment,Tokyo,mobile,False
968.12,deposit,entertainment,New York,atm,False
877.68,deposit,online,Tokyo,atm,False
52.06,transfer,entertainment,New York,atm,False
12.77,transfer,online,Tokyo,atm,False
5.15,transfer,online,Tokyo,mobile,False
1573.15,deposit,online,Tokyo,atm,False
18.46,transfer,entertainment,Tokyo,mobile,False
454.78,deposit,entertainment,New York,mobile,False
1260.88,deposit,online,New York,mobile,False
13.05,transfer,online,Tokyo,atm,False
8.14,transfer,entertainment,New York,mobile,False
1130.58,deposit,entertainment,New York,atm,False
15.34,transfer,entertainment,Tokyo,atm,False
220.15,deposit,entertainment,Tokyo,atm,False
1901.3,deposit,entertainment,New York,mobile,False
27.02,transfer,online,New York,atm,False
1416.77,deposit,entertainment,Tokyo,mobile,True
511.18,deposit,online,New York,atm,False
14.4,transfer,online,Tokyo,mobile,False
728.62,deposit,online,Tokyo,atm,False
8.17,transfer,entertainment,Tokyo,atm,False
1068.47,deposit,entertainment,New York,atm,False
13.61,transfer,entertainment,New York,atm,False
1650.41,deposit,online,Tokyo,atm,False
1593.54,deposit,online,Tokyo,mobile,False
15.44,transfer,entertainment,Tokyo,atm,False
1549.54,deposit,entertainment,Tokyo,mobile,False
1287.97,deposit,online,New York,mobile,False
90.09,transfer,entertainment,Tokyo,mobile,False
19.38,transfer,entertainment,New York,mobile,False
31.11,transfer,online,New York,atm,False
965.91,deposit,entertainment,New York,mobile,False
1511.87,deposit,online,New York,mobile,False
19.15,transfer,entertainment,New York,mobile,False
1287.74,deposit,entertainment,Tokyo,atm,False
9.86,transfer,online,New York,mobile,False
689.39,deposit,online,Tokyo,atm,False
10.7,transfer,entertainment,New York,atm,False
1375.74,deposit,online,Tokyo,atm,False
13.2,transfer,online,New York,mobile,False
258.71,deposit,entertainment,Tokyo,mobile,False
1454.82,deposit,online,New York,atm,False
171.08,deposit,entertainment,Tokyo,mobile,False
24.21,transfer,online,New York,atm,False
110.3,deposit,entertainment,New York,mobile,False
7.37,transfer,online,New York,mobile,False
36.31,transfer,entertainment,New York,mobile,True
16.82,transfer,entertainment,New York,mobile,False
18.53,transfer,entertainment,Tokyo,atm,False
1327.32,deposit,online,Tokyo,mobile,False
1192.2,deposit,online,Tokyo,atm,False
35.69,transfer,online,New York,atm,False
26.18,transfer,entertainment,Tokyo,mobile,False
13.44,transfer,online,New York,atm,False
6.98,transfer,entertainment,New York,mobile,False
1004.42,deposit,online,Tokyo,mobile,False
15.95,transfer,online,Tokyo,mobile,False
40.54,transfer,online,Tokyo,mobile,False
345.81,deposit,online,New York,mobile,False
30,transfer,online,Tokyo,atm,False
23.52,transfer,online,Tokyo,mobile,False
627.5,deposit,entertainment,Tokyo,atm,False
13.48,transfer,entertainment,Tokyo,mobile,False
965.57,deposit,online,Tokyo,atm,False
1524.19,deposit,entertainment,Tokyo,atm,True
16.89,transfer,entertainment,Tokyo,atm,False
49.21,transfer,online,New York,atm,False
46.1,transfer,online,New York,mobile,False
1448.04,deposit,online,Tokyo,mobile,False
12.35,transfer,online,New York,atm,False
897.84,deposit,online,Tokyo,mobile,False
880.92,deposit,entertainment,New York,atm,False
30.58,transfer,entertainment,New York,atm,False
34.86,transfer,entertainment,Tokyo,mobile,False
51.86,transfer,online,Tokyo,mobile,False
1649.62,deposit,entertainment,New York,mobile,True
10.62,transfer,online,Tokyo,mobile,False
945.56,deposit,online,New York,atm,False
688.26,deposit,entertainment,Tokyo,mobile,False
7.13,transfer,entertainment,New York,mobile,False
315.14,deposit,online,New York,mobile,False
759.01,deposit,online,New York,mobile,False
329.2,deposit,entertainment,New York,atm,False
27.65,transfer,entertainment,New York,mobile,False
873.35,deposit,entertainment,Tokyo,atm,False
667.99,deposit,entertainment,New York,mobile,False
60.58,transfer,entertainment,New York,atm,False
1001.81,deposit,online,New York,atm,False
7.44,transfer,online,New York,atm,False
8.74,transfer,online,Tokyo,mobile,False
30.63,transfer,online,Tokyo,mobile,False
11.35,transfer,entertainment,Tokyo,atm,False
16.38,transfer,online,Tokyo,atm,False
49.92,transfer,online,Tokyo,atm,False
1155.69,deposit,entertainment,Tokyo,atm,False
967.47,deposit,entertainment,Tokyo,atm,False
29.74,transfer,entertainment,New York,mobile,False
2128,deposit,online,New York,mobile,False
22.69,transfer,online,Tokyo,mobile,False
747,deposit,entertainment,New York,mobile,False
19.57,transfer,entertainment,New York,mobile,False
66.46,transfer,online,Tokyo,mobile,False
955.49,deposit,online,Tokyo,atm,False
0.01,deposit,entertainment,New York,mobile,False
12.85,transfer,online,New York,atm,False
652.51,deposit,entertainment,New York,mobile,False
921.83,deposit,entertainment,New York,atm,False
12.04,transfer,entertainment,Tokyo,atm,False
29.49,transfer,online,Tokyo,atm,False
742.95,deposit,online,New York,mobile,False
203.6,deposit,online,Tokyo,atm,False
19.08,transfer,entertainment,New York,atm,False
1609.19,deposit,online,New York,atm,False
107.48,transfer,online,New York,atm,False
618.66,deposit,online,Tokyo,atm,False
1101.47,deposit,online,New York,atm,False
181.11,deposit,entertainment,New York,atm,False
41.09,transfer,online,Tokyo,mobile,False
1157.31,deposit,entertainment,Tokyo,mobile,False
23.28,transfer,entertainment,New York,atm,False
2078.81,deposit,entertainment,New York,mobile,False
1570.45,deposit,entertainment,New York,atm,False
6,transfer,online,Tokyo,atm,False
1089.74,deposit,entertainment,New York,mobile,False
7.1,transfer,entertainment,New York,mobile,False
26.9,transfer,online,New York,atm,False
23.1,transfer,online,Tokyo,atm,False
1285.16,deposit,entertainment,New York,mobile,False
1137.83,deposit,online,New York,mobile,False
1765.95,deposit,entertainment,Tokyo,atm,False
794.38,deposit,online,New York,mobile,False
98.73,transfer,online,Tokyo,atm,False
17.55,transfer,online,Tokyo,mobile,False
1387.38,deposit,entertainment,Tokyo,atm,False
481.08,deposit,online,Tokyo,mobile,False
1356.48,deposit,online,Tokyo,atm,False
1681.99,deposit,entertainment,Tokyo,mobile,False
12.24,transfer,online,Tokyo,atm,False
1066.76,deposit,online,Tokyo,atm,False
14.64,transfer,entertainment,Tokyo,mobile,False
8.47,transfer,entertainment,New York,atm,False
29.4,transfer,entertainment,Tokyo,mobile,False
1092.39,deposit,online,Tokyo,atm,False
324.61,deposit,entertainment,New York,atm,False
38.5,transfer,online,New York,mobile,False
2.44,transfer,online,Tokyo,mobile,False
21.28,transfer,online,Tokyo,mobile,False
1584.38,deposit,online,New York,atm,False
124.98,deposit,entertainment,New York,atm,False
738.02,deposit,entertainment,Tokyo,atm,False
14.36,transfer,entertainment,Tokyo,atm,False
11.21,transfer,online,New York,atm,False
11.63,transfer,online,New York,mobile,True
1601.71,deposit,online,New York,mobile,False
18.14,transfer,entertainment,Tokyo,atm,False
9.94,transfer,entertainment,Tokyo,mobile,False
743.72,deposit,online,New York,mobile,False
136.27,deposit,online,Tokyo,mobile,False
506.08,deposit,online,New York,mobile,False
14.07,transfer,online,Tokyo,mobile,False
644.14,deposit,entertainment,Tokyo,atm,False
15.05,transfer,entertainment,Tokyo,mobile,False
1823.15,deposit,online,New York,atm,False
36.3,transfer,entertainment,New York,atm,False
1040.22,deposit,entertainment,New York,atm,False
28.64,transfer,online,New York,mobile,False
9.75,transfer,online,Tokyo,atm,False
34.12,transfer,online,New York,atm,False
1206.82,deposit,entertainment,Tokyo,atm,False
1447.3,deposit,online,Tokyo,atm,False
1585.11,deposit,online,New York,mobile,False
8.58,transfer,entertainment,New York,atm,False
8.77,transfer,online,Tokyo,atm,False
818.21,deposit,entertainment,Tokyo,atm,False
40.85,transfer,entertainment,Tokyo,atm,False
727.78,deposit,entertainment,Tokyo,atm,False
1242.94,deposit,online,New York,atm,False
13.24,transfer,entertainment,Tokyo,mobile,False
12.76,transfer,entertainment,New York,atm,False
247.23,deposit,online,Tokyo,mobile,False
7.09,transfer,entertainment,New York,atm,False
62.88,transfer,entertainment,Tokyo,atm,False
831.88,deposit,online,Tokyo,atm,False
568.13,deposit,online,New York,atm,False
35.98,transfer,entertainment,Tokyo,atm,False
1168.54,deposit,online,Tokyo,mobile,False
1041.91,deposit,entertainment,New York,atm,False
627.21,deposit,online,Tokyo,atm,False
25.33,transfer,entertainment,Tokyo,mobile,False
15.23,transfer,online,Tokyo,atm,False
7.8,transfer,online,Tokyo,atm,False
21.63,transfer,online,Tokyo,atm,False
46.76,transfer,online,New York,mobile,False
17.19,transfer,online,New York,atm,False
16.72,transfer,entertainment,New York,atm,False
21.66,transfer,online,New York,mobile,False
70.12,transfer,online,New York,mobile,False
909.06,deposit,online,New York,atm,False
6.96,transfer,online,Tokyo,atm,False
18.18,transfer,entertainment,Tokyo,mobile,False
23.12,transfer,entertainment,Tokyo,atm,False
24.69,transfer,online,Tokyo,mobile,False
11.62,transfer,online,New York,atm,False
8.64,transfer,entertainment,Tokyo,mobile,False
875.26,deposit,online,Tokyo,mobile,False
1550.73,deposit,online,Tokyo,mobile,False
29.19,transfer,online,New York,mobile,False
65.81,transfer,entertainment,New York,mobile,False
39.99,transfer,entertainment,Tokyo,atm,False
1169.27,deposit,entertainment,New York,atm,False
61.3,transfer,entertainment,New York,atm,False
1157.66,deposit,online,Tokyo,atm,False
1773.23,deposit,online,New York,mobile,False
15.28,transfer,entertainment,New York,atm,False
676.02,deposit,entertainment,Tokyo,mobile,False
1180.9,deposit,entertainment,Tokyo,mobile,False
612.65,deposit,entertainment,Tokyo,mobile,False
29.29,transfer,online,Tokyo,mobile,False
15.14,transfer,online,Tokyo,mobile,False
11.66,transfer,online,New York,mobile,False
710.93,deposit,entertainment,Tokyo,mobile,False
31.28,transfer,online,Tokyo,atm,False
1314.09,deposit,entertainment,Tokyo,mobile,False
1073.92,deposit,entertainment,Tokyo,atm,False
49.75,transfer,entertainment,Tokyo,mobile,False
1243.43,deposit,entertainment,Tokyo,atm,False
26.15,transfer,entertainment,New York,atm,False
297.29,deposit,entertainment,Tokyo,mobile,False
1072.58,deposit,online,New York,mobile,False
10.31,transfer,entertainment,New York,mobile,False
27.82,transfer,online,New York,mobile,False
35.75,transfer,entertainment,New York,atm,False
1259.87,deposit,online,Tokyo,atm,True
21.25,transfer,entertainment,New York,mobile,False
280.47,deposit,online,New York,atm,False
61,transfer,online,New York,mobile,False
22.48,transfer,online,Tokyo,atm,True
25.52,transfer,entertainment,Tokyo,atm,False
939.39,deposit,entertainment,Tokyo,atm,False
688.96,deposit,entertainment,Tokyo,mobile,False
17.22,transfer,online,Tokyo,atm,False
27.91,transfer,entertainment,New York,atm,False
1437.15,deposit,online,New York,mobile,False
22.82,transfer,entertainment,New York,atm,False
24.46,transfer,online,New York,mobile,False
1362.93,deposit,entertainment,New York,mobile,False
33.37,transfer,entertainment,Tokyo,atm,False
604.17,deposit,online,Tokyo,atm,False
570.71,deposit,entertainment,New York,atm,False
16.73,transfer,entertainment,Tokyo,mobile,False
1421.03,deposit,online,Tokyo,atm,False
266.53,deposit,online,New York,mobile,False
12.64,transfer,online,New York,atm,False
11.29,transfer,entertainment,Tokyo,mobile,False
23.24,transfer,online,Tokyo,atm,False
1079.41,deposit,online,Tokyo,atm,False
15.93,transfer,online,Tokyo,atm,False
16.07,transfer,online,Tokyo,atm,False
101.11,transfer,online,New York,atm,False
15.46,transfer,online,Tokyo,mobile,False
983.2,deposit,online,New York,mobile,False
16.78,transfer,entertainment,New York,mobile,False
488.74,deposit,online,New York,atm,False
1372.81,deposit,online,New York,atm,False
992.37,deposit,entertainment,Tokyo,mobile,False
1172.74,deposit,entertainment,New York,atm,False
478.37,deposit,entertainment,New York,mobile,False
582.63,deposit,entertainment,Tokyo,atm,False
607.12,deposit,online,New York,mobile,False
5.4,transfer,entertainment,Tokyo,mobile,False
340.48,deposit,online,New York,mobile,False
15.27,transfer,entertainment,Tokyo,atm,False
170.73,deposit,online,New York,mobile,False
27.78,transfer,entertainment,New York,mobile,False
11.12,transfer,online,Tokyo,mobile,False
479.97,deposit,online,Tokyo,mobile,False
35.8,transfer,online,Tokyo,atm,False
15.62,transfer,online,New York,mobile,False
135.57,transfer,entertainment,New York,atm,False
1602.18,deposit,entertainment,Tokyo,atm,False
649.07,deposit,entertainment,New York,mobile,False
1384.44,deposit,entertainment,Tokyo,mobile,False
26.39,transfer,entertainment,New York,atm,False
13.26,transfer,online,New York,atm,False
1535.09,deposit,online,Tokyo,mobile,False
40.74,transfer,entertainment,Tokyo,atm,False
850.86,deposit,online,Tokyo,mobile,False
1111.7,deposit,entertainment,New York,atm,False
7.38,transfer,online,Tokyo,mobile,False
42.31,transfer,online,Tokyo,atm,False
10.98,transfer,online,Tokyo,mobile,False
15.98,transfer,online,New York,atm,False
25.56,transfer,online,Tokyo,atm,False
1413.69,deposit,online,New York,mobile,False
20.1,transfer,online,New York,atm,False
15.13,transfer,online,New York,mobile,False
178.05,deposit,entertainment,New York,atm,False
1439.56,deposit,entertainment,Tokyo,atm,False
18.8,transfer,online,Tokyo,mobile,False
21.24,transfer,online,Tokyo,mobile,False
15.2,transfer,entertainment,New York,atm,False
12.88,transfer,online,Tokyo,atm,False
11.76,transfer,entertainment,New York,atm,False
1375.82,deposit,online,New York,atm,False
23.22,transfer,online,New York,mobile,False
1124.36,deposit,online,Tokyo,mobile,False
1629.35,deposit,online,New York,mobile,False
12.52,transfer,entertainment,Tokyo,atm,False
61.58,transfer,entertainment,New York,mobile,False
829.47,deposit,entertainment,Tokyo,mobile,False
1257.06,deposit,online,New York,atm,False
103.38,transfer,entertainment,Tokyo,atm,False
47.2,transfer,entertainment,Tokyo,mobile,False
16.84,transfer,online,New York,atm,False
7.48,transfer,entertainment,New York,mobile,False
4.31,transfer,online,Tokyo,atm,False
12.7,transfer,online,New York,mobile,False
19.3,transfer,entertainment,New York,mobile,False
1451.15,deposit,entertainment,Tokyo,atm,False
501.4,deposit,entertainment,Tokyo,mobile,False
1153.46,deposit,online,Tokyo,atm,False
2099.45,deposit,online,New York,atm,False
25.85,transfer,entertainment,Tokyo,atm,False
11.84,transfer,entertainment,New York,mobile,False
1242.06,deposit,online,Tokyo,mobile,False
866,deposit,entertainment,New York,mobile,False
1718.26,deposit,online,Tokyo,mobile,False
1000.45,deposit,online,Tokyo,atm,False
945.54,deposit,online,New York,mobile,False
28.25,transfer,online,New York,atm,False
392.88,deposit,online,Tokyo,atm,False
34.14,transfer,online,Tokyo,atm,False
680.19,deposit,entertainment,Tokyo,mobile,False
71.93,transfer,online,Tokyo,atm,False
305.97,deposit,entertainment,New York,mobile,False
36.19,transfer,entertainment,Tokyo,mobile,False
16.75,transfer,entertainment,Tokyo,atm,False
661.7,deposit,online,New York,atm,False
440.19,deposit,entertainment,New York,atm,False
5.93,transfer,entertainment,New York,mobile,False
0.01,deposit,online,Tokyo,atm,False
31.28,transfer,online,Tokyo,mobile,False
44.06,transfer,entertainment,New York,atm,False
569.25,deposit,entertainment,Tokyo,atm,False
453.55,deposit,online,Tokyo,atm,False
1754.55,deposit,online,Tokyo,atm,False
39.44,transfer,entertainment,Tokyo,atm,False
22.4,transfer,online,Tokyo,atm,False
1240.29,deposit,entertainment,New York,atm,False
823.84,deposit,entertainment,New York,atm,False
1441.74,deposit,online,New York,atm,False
11.99,transfer,online,Tokyo,mobile,False
591.16,deposit,entertainment,Tokyo,mobile,False
9.1,transfer,online,Tokyo,mobile,False
1511.17,deposit,online,Tokyo,mobile,False
31.35,transfer,online,New York,mobile,False
1.67,transfer,entertainment,Tokyo,mobile,False
1942.92,deposit,online,Tokyo,mobile,False
15.2,transfer,online,Tokyo,atm,False
3.82,transfer,online,New York,atm,False
3.08,transfer,entertainment,Tokyo,atm,True
1049.58,deposit,entertainment,Tokyo,mobile,False
16.2,transfer,entertainment,New York,mobile,False
604.53,deposit,entertainment,Tokyo,mobile,False
1439.36,deposit,online,Tokyo,atm,False
10.89,transfer,entertainment,New York,mobile,False
868.66,deposit,online,Tokyo,atm,False
18.49,transfer,online,Tokyo,atm,False
33.88,transfer,entertainment,Tokyo,mobile,False
0.01,deposit,online,New York,mobile,False
10.01,transfer,online,New York,atm,False
13.34,transfer,entertainment,Tokyo,atm,False
1449.77,deposit,entertainment,Tokyo,mobile,False
13.63,transfer,entertainment,Tokyo,atm,False
1326.32,deposit,entertainment,Tokyo,atm,False
27.71,transfer,online,New York,atm,False
764.27,deposit,entertainment,Tokyo,mobile,False
0.01,deposit,entertainment,Tokyo,atm,False
39.63,transfer,online,New York,mobile,False
682.02,deposit,entertainment,Tokyo,atm,False
1498.75,deposit,entertainment,Tokyo,atm,False
24.68,transfer,online,Tokyo,mobile,False
22.89,transfer,online,New York,mobile,False
15.58,transfer,online,New York,atm,False
621.55,deposit,entertainment,New York,mobile,False
1490,deposit,online,New York,atm,False
33.91,transfer,online,Tokyo,atm,False
679.83,deposit,entertainment,New York,atm,False
21.46,transfer,online,Tokyo,mobile,False
9.16,transfer,entertainment,Tokyo,atm,False
32.01,transfer,online,Tokyo,mobile,False
20.78,transfer,online,New York,mobile,False
13.39,transfer,online,New York,mobile,False
601.66,deposit,online,New York,atm,False
21.61,transfer,online,New York,mobile,False
50.83,transfer,entertainment,New York,atm,False
30.17,transfer,online,New York,atm,True
12.32,transfer,online,New York,mobile,False
19.41,transfer,online,Tokyo,atm,False
29.69,transfer,entertainment,Tokyo,mobile,False
1431.61,deposit,entertainment,Tokyo,atm,False
893.02,deposit,online,New York,atm,False
286.23,deposit,online,Tokyo,mobile,False
20.87,transfer,entertainment,Tokyo,mobile,False
15.14,transfer,online,Tokyo,mobile,False
0.01,deposit,entertainment,Tokyo,mobile,False
130.78,deposit,online,New York,mobile,False
1536.84,deposit,entertainment,Tokyo,mobile,False
1410.27,deposit,online,Tokyo,atm,False
7.49,transfer,online,Tokyo,atm,False
1242.13,deposit,entertainment,Tokyo,mobile,False
1529.42,deposit,online,Tokyo,mobile,False
52.61,transfer,entertainment,Tokyo,mobile,False
768.2,deposit,online,New York,mobile,False
1028.2,deposit,online,New York,atm,False
644.8,deposit,entertainment,Tokyo,mobile,False
8.98,transfer,entertainment,Tokyo,mobile,False
1731.71,deposit,entertainment,New York,atm,False
618.32,deposit,online,Tokyo,atm,False
0.01,deposit,online,New York,atm,False
680.05,deposit,entertainment,Tokyo,mobile,False
807,deposit,online,Tokyo,atm,False
197.36,deposit,entertainment,New York,atm,False
1042.81,deposit,online,New York,atm,False
96.36,transfer,online,New York,mobile,False
12.09,transfer,online,Tokyo,mobile,False
873.43,deposit,entertainment,Tokyo,atm,False
37.03,transfer,entertainment,New York,atm,False
32.22,transfer,online,New York,mobile,False
1469.31,deposit,online,Tokyo,mobile,False
32.93,transfer,entertainment,Tokyo,atm,False
95.71,transfer,entertainment,Tokyo,mobile,False
683.74,deposit,entertainment,Tokyo,mobile,False
13.69,transfer,online,Tokyo,atm,False
13.5,transfer,entertainment,Tokyo,atm,False
1076.97,deposit,entertainment,Tokyo,atm,False
44.93,transfer,entertainment,New York,mobile,False
1398.26,deposit,entertainment,Tokyo,atm,False
43.49,transfer,online,New York,atm,False
31.11,transfer,entertainment,Tokyo,mobile,False
55.58,transfer,entertainment,New York,atm,False
11.75,transfer,entertainment,New York,atm,False
1833.11,deposit,online,Tokyo,atm,False
1196.27,deposit,entertainment,Tokyo,mobile,False
15.91,transfer,entertainment,New York,atm,False
51.89,transfer,entertainment,Tokyo,atm,False
52.7,transfer,online,Tokyo,mobile,False
3.59,transfer,online,New York,mobile,False
977.99,deposit,entertainment,New York,atm,False
26.23,transfer,entertainment,New York,atm,False
33.53,transfer,online,Tokyo,atm,False
1132.36,deposit,online,Tokyo,atm,False
86.05,transfer,online,New York,atm,False
4.67,transfer,online,New York,atm,False
881.24,deposit,online,New York,atm,False
1077.23,deposit,online,New York,atm,False
23.06,transfer,entertainment,Tokyo,atm,False
36.16,transfer,entertainment,Tokyo,atm,False
12.22,transfer,online,Tokyo,atm,False
115.5,deposit,online,Tokyo,atm,False
11.76,transfer,online,New York,atm,False
3.77,transfer,entertainment,Tokyo,mobile,False
28.37,transfer,entertainment,Tokyo,atm,False
246.51,deposit,online,New York,atm,False
1283.43,deposit,online,New York,mobile,False
22.37,transfer,online,New York,atm,False
372.21,deposit,online,Tokyo,mobile,False
1000.8,deposit,entertainment,New York,mobile,False
21,transfer,online,Tokyo,atm,False
15.68,transfer,online,New York,atm,False
9.28,transfer,online,Tokyo,mobile,False
1513.6,deposit,entertainment,Tokyo,mobile,False
850.64,deposit,online,Tokyo,mobile,False
26.6,transfer,online,Tokyo,atm,False
17.65,transfer,online,New York,mobile,False
43.27,transfer,entertainment,Tokyo,mobile,False
30.37,transfer,entertainment,New York,atm,False
19.16,transfer,online,Tokyo,mobile,False
1708.48,deposit,entertainment,Tokyo,atm,False
38.58,transfer,online,New York,mobile,False
17.67,transfer,online,New York,mobile,False
223.72,deposit,online,New York,atm,False
1461.32,deposit,online,New York,atm,False
1580.58,deposit,online,New York,mobile,False
556.56,deposit,online,Tokyo,mobile,False
872.99,deposit,online,New York,mobile,False
590.6,deposit,online,Tokyo,mobile,False
1948.83,deposit,online,New York,atm,False
8.93,transfer,entertainment,New York,atm,False
1123.18,deposit,entertainment,Tokyo,atm,False
22.26,transfer,online,New York,mobile,False
1174.83,deposit,entertainment,Tokyo,atm,False
925.4,deposit,online,Tokyo,mobile,True
1056.42,deposit,online,New York,atm,False
455.16,deposit,entertainment,Tokyo,mobile,False
42.47,transfer,entertainment,New York,atm,False
1577.62,deposit,online,New York,atm,False
875.15,deposit,online,Tokyo,atm,False
38.96,transfer,online,Tokyo,mobile,False
20.69,transfer,entertainment,Tokyo,mobile,False
12.2,transfer,entertainment,Tokyo,mobile,False
13.03,transfer,online,New York,mobile,False
18.45,transfer,online,New York,atm,False
21.9,transfer,entertainment,New York,mobile,False
973.82,deposit,entertainment,New York,mobile,False
874.69,deposit,entertainment,Tokyo,mobile,False
9.09,transfer,entertainment,Tokyo,mobile,False
736.96,deposit,entertainment,New York,atm,False
1172.25,deposit,online,New York,atm,False
24.15,transfer,entertainment,Tokyo,atm,False
53.12,transfer,entertainment,New York,atm,False
1338.18,deposit,online,Tokyo,mobile,False
1440.74,deposit,entertainment,Tokyo,atm,False
1511.85,deposit,entertainment,Tokyo,mobile,False
1574.25,deposit,online,Tokyo,mobile,False
1047.5,deposit,entertainment,Tokyo,atm,False
32.33,transfer,entertainment,New York,atm,False
2594.94,deposit,online,New York,atm,False
18.32,transfer,entertainment,Tokyo,atm,False
16.53,transfer,entertainment,Tokyo,mobile,False
856.91,deposit,entertainment,New York,mobile,False
1255.15,deposit,online,New York,mobile,False
0.01,deposit,entertainment,New York,mobile,False
1003.59,deposit,entertainment,New York,mobile,False
1219.01,deposit,entertainment,Tokyo,atm,False
17.1,transfer,entertainment,Tokyo,atm,False
1637.23,deposit,online,Tokyo,mobile,False
0.01,deposit,online,Tokyo,mobile,False
1747.55,deposit,entertainment,New York,mobile,False
29.13,transfer,online,Tokyo,atm,False
12.87,transfer,online,Tokyo,atm,False
9.3,transfer,online,Tokyo,mobile,False
532.95,deposit,online,New York,mobile,False
641.42,deposit,entertainment,Tokyo,atm,False
9.03,transfer,entertainment,Tokyo,mobile,False
1164.77,deposit,entertainment,New York,mobile,False
106.43,transfer,online,New York,mobile,False
4.04,transfer,online,New York,atm,False
532.81,deposit,online,Tokyo,mobile,False
645.95,deposit,entertainment,New York,mobile,False
2318.65,deposit,online,Tokyo,mobile,False
24.52,transfer,entertainment,New York,atm,False
1189.31,deposit,entertainment,New York,mobile,False
14.17,transfer,entertainment,Tokyo,mobile,False
23.1,transfer,entertainment,New York,mobile,False
28.3,transfer,online,Tokyo,atm,False
1083.87,deposit,entertainment,New York,mobile,False
24.64,transfer,entertainment,New York,mobile,False
1378.83,deposit,entertainment,New York,mobile,False
22.13,transfer,entertainment,Tokyo,mobile,False
870.64,deposit,entertainment,New York,atm,False
34.58,transfer,entertainment,Tokyo,mobile,False
1474.42,deposit,online,Tokyo,atm,False
31.72,transfer,online,New York,atm,False
37.75,transfer,entertainment,New York,mobile,False
33.41,transfer,online,Tokyo,mobile,False
3.49,transfer,entertainment,New York,mobile,False
20.58,transfer,entertainment,New York,mobile,False
44.62,transfer,entertainment,New York,mobile,False
36.71,transfer,online,Tokyo,mobile,False
9.25,transfer,online,New York,mobile,False
15.46,transfer,entertainment,New York,mobile,False
527.68,deposit,online,Tokyo,mobile,False
27.24,transfer,entertainment,Tokyo,mobile,False
733.23,deposit,online,New York,atm,False
13.13,transfer,online,Tokyo,mobile,False
27.69,transfer,online,Tokyo,atm,False
15.22,transfer,online,Tokyo,atm,False
6.29,transfer,online,New York,mobile,False
28.31,transfer,online,Tokyo,atm,False
815.46,deposit,online,New York,mobile,True
5.4,transfer,entertainment,Tokyo,atm,False
928.56,deposit,entertainment,New York,mobile,False
74.49,transfer,entertainment,New York,mobile,False
8.39,transfer,entertainment,Tokyo,atm,False
8.06,transfer,online,New York,mobile,False
30.21,transfer,entertainment,Tokyo,mobile,False
850.79,deposit,online,New York,atm,False
14.7,transfer,online,Tokyo,mobile,False
1834.34,deposit,entertainment,Tokyo,atm,False
0.01,deposit,online,New York,mobile,False
543.09,deposit,online,Tokyo,atm,False
10.48,transfer,entertainment,Tokyo,atm,False
24.36,transfer,entertainment,Tokyo,mobile,False
42.15,transfer,online,New York,mobile,False
46.47,transfer,entertainment,Tokyo,atm,False
1340.62,deposit,entertainment,Tokyo,atm,False
38,transfer,entertainment,New York,mobile,False
1210.47,deposit,entertainment,New York,atm,False
229.42,deposit,entertainment,Tokyo,mobile,False
29.36,transfer,entertainment,New York,mobile,False
1469.32,deposit,entertainment,New York,mobile,False
1338.52,deposit,entertainment,Tokyo,mobile,False
633.3,deposit,online,New York,mobile,False
25.29,transfer,entertainment,Tokyo,atm,False
1675.61,deposit,online,Tokyo,atm,False
436.36,deposit,online,Tokyo,atm,False
32.72,transfer,entertainment,Tokyo,mobile,False
31.87,transfer,entertainment,New York,atm,False
1362.17,deposit,online,Tokyo,mobile,False
22.57,transfer,online,Tokyo,atm,False
14.92,transfer,online,New York,mobile,False
889.13,deposit,entertainment,New York,atm,False
1220.22,deposit,entertainment,Tokyo,mobile,False
6.95,transfer,entertainment,Tokyo,atm,False
20.26,transfer,online,Tokyo,mobile,False
18.85,transfer,online,New York,mobile,False
1252.43,deposit,entertainment,New York,atm,False
18.31,transfer,online,Tokyo,atm,False
180.68,deposit,entertainment,New York,atm,False
11.16,transfer,online,Tokyo,mobile,False
2181.46,deposit,entertainment,New York,mobile,False
21.26,transfer,online,New York,mobile,False
11.85,transfer,online,Tokyo,mobile,False
1150.3,deposit,online,Tokyo,atm,False
17.72,transfer,online,Tokyo,atm,False
930.32,deposit,online,New York,mobile,False
1058.26,deposit,entertainment,Tokyo,mobile,False
26.08,transfer,online,Tokyo,atm,True
25.37,transfer,online,New York,atm,False
516.92,deposit,entertainment,Tokyo,mobile,False
12.28,transfer,entertainment,Tokyo,atm,False
1076.07,deposit,entertainment,Tokyo,mobile,False
968.34,deposit,online,Tokyo,mobile,False
1610.5,deposit,online,Tokyo,mobile,False
1787.12,deposit,entertainment,New York,mobile,False
17.68,transfer,online,Tokyo,mobile,False
16.56,transfer,online,Tokyo,mobile,False
1737.53,deposit,entertainment,Tokyo,mobile,False
794.92,deposit,online,Tokyo,atm,False
25.44,transfer,online,New York,mobile,False
784.93,deposit,entertainment,New York,atm,False
582.95,deposit,entertainment,Tokyo,mobile,False
16.42,transfer,online,New York,mobile,False
14.39,transfer,entertainment,Tokyo,atm,False
511.06,deposit,online,Tokyo,mobile,False
49.11,transfer,entertainment,Tokyo,mobile,False
84.29,transfer,entertainment,New York,mobile,False
15.76,transfer,online,Tokyo,atm,False
1190.82,deposit,entertainment,Tokyo,atm,False
11.41,transfer,entertainment,New York,atm,False
794.62,deposit,entertainment,New York,mobile,False
11.26,transfer,entertainment,Tokyo,atm,False
955.01,deposit,entertainment,New York,mobile,False
17.79,transfer,entertainment,New York,atm,False
967.24,deposit,entertainment,Tokyo,atm,False
20.41,deposit,entertainment,Tokyo,atm,False
1040.59,deposit,online,Tokyo,atm,False
354.08,deposit,entertainment,Tokyo,mobile,False
17.14,transfer,entertainment,New York,mobile,False
609.64,deposit,online,New York,atm,False
20.77,transfer,entertainment,New York,mobile,False
108.49,transfer,entertainment,New York,mobile,True
46.35,transfer,online,Tokyo,atm,False
281.27,deposit,online,New York,mobile,False
21.55,transfer,entertainment,Tokyo,atm,False
1815.95,deposit,entertainment,New York,mobile,False
833.68,deposit,online,New York,mobile,False
6.35,transfer,online,Tokyo,atm,False
1313.77,deposit,entertainment,New York,mobile,False
22.22,transfer,online,Tokyo,mobile,False
1066.96,deposit,online,Tokyo,mobile,False
30.92,transfer,online,New York,atm,False
933.66,deposit,online,Tokyo,mobile,False
606.17,deposit,online,Tokyo,atm,False
1274.84,deposit,entertainment,Tokyo,mobile,False
47.58,transfer,entertainment,Tokyo,mobile,False
11.36,transfer,entertainment,Tokyo,mobile,False
1164.06,deposit,entertainment,New York,mobile,True
307.99,deposit,online,Tokyo,mobile,False
82.88,transfer,online,Tokyo,atm,False
21.98,transfer,entertainment,New York,mobile,False
1349.97,deposit,online,New York,atm,False
15.66,transfer,entertainment,Tokyo,atm,False
29.58,transfer,online,Tokyo,mobile,False
12.55,transfer,online,New York,mobile,False
235.61,deposit,online,New York,mobile,False
19.84,transfer,entertainment,Tokyo,mobile,False
24.57,transfer,entertainment,Tokyo,mobile,False
1417.94,deposit,entertainment,New York,atm,False
17.01,transfer,entertainment,New York,mobile,False
55,transfer,online,Tokyo,mobile,False
20.03,transfer,entertainment,New York,atm,False
12.09,transfer,entertainment,Tokyo,mobile,False
711.69,deposit,entertainment,New York,atm,False
11.53,transfer,entertainment,Tokyo,mobile,True
1662.08,deposit,online,New York,mobile,False
1100.24,deposit,online,Tokyo,mobile,False
25.76,transfer,entertainment,Tokyo,atm,False
1566.85,deposit,entertainment,New York,atm,False
584.74,deposit,entertainment,Tokyo,atm,False
12.75,transfer,entertainment,New York,atm,False
269.4,deposit,entertainment,Tokyo,atm,False
0.01,deposit,online,New York,mobile,False
6.4,transfer,online,New York,mobile,False
12.66,transfer,entertainment,Tokyo,atm,True
9.97,transfer,entertainment,New York,atm,False
11.36,transfer,online,Tokyo,atm,False
1252.21,deposit,entertainment,Tokyo,atm,False
1463.31,deposit,online,New York,atm,False
27.13,transfer,online,New York,mobile,False
32.34,transfer,entertainment,New York,mobile,False
1596.17,deposit,online,Tokyo,atm,False
13.26,transfer,online,Tokyo,atm,True
10.81,transfer,entertainment,New York,mobile,False
0.01,deposit,entertainment,New York,mobile,False
2120.44,deposit,online,New York,atm,False
1814.96,deposit,online,New York,mobile,False
1174.7,deposit,online,Tokyo,atm,False
11.49,transfer,entertainment,New York,mobile,False
6.4,transfer,online,New York,atm,False
1110.01,deposit,entertainment,New York,mobile,False
1101.92,deposit,entertainment,Tokyo,mobile,False
32.25,transfer,online,Tokyo,mobile,False
1799.91,deposit,entertainment,Tokyo,atm,False
11.73,transfer,entertainment,Tokyo,atm,False
0.01,deposit,online,New York,mobile,False
18.28,transfer,online,New York,mobile,False
10.17,transfer,entertainment,New York,atm,False
613.47,deposit,entertainment,New York,mobile,False
1021.37,deposit,entertainment,Tokyo,mobile,False
33.27,transfer,entertainment,New York,atm,False
963.81,deposit,entertainment,New York,atm,False
1218.21,deposit,online,Tokyo,mobile,False
27.89,transfer,entertainment,Tokyo,mobile,False
49.79,transfer,online,New York,atm,False
1059.2,deposit,entertainment,New York,mobile,False
46.21,transfer,online,Tokyo,atm,False
37.14,transfer,entertainment,New York,atm,False
14.88,transfer,entertainment,Tokyo,mobile,False
8.26,transfer,online,New York,atm,False
61.77,transfer,online,New York,mobile,False
1262.6,deposit,entertainment,New York,mobile,False
1589.55,deposit,online,New York,mobile,False
1037.11,deposit,entertainment,Tokyo,mobile,False
1416.4,deposit,online,Tokyo,mobile,False
1233.3,deposit,online,New York,atm,False
19.77,transfer,online,New York,mobile,False
1634.78,deposit,online,New York,atm,False
467.3,deposit,online,New York,mobile,False
761.03,deposit,entertainment,Tokyo,mobile,False
4.48,transfer,online,New York,mobile,False
26.72,transfer,online,New York,atm,False
47.64,transfer,entertainment,New York,atm,False
30.41,transfer,entertainment,Tokyo,atm,False
653.96,deposit,entertainment,Tokyo,atm,False
1313.58,deposit,online,Tokyo,mobile,False
17.21,transfer,entertainment,Tokyo,atm,False
0.01,deposit,online,Tokyo,mobile,False
56.9,transfer,entertainment,New York,atm,False
29.83,transfer,entertainment,Tokyo,atm,False
12.62,transfer,entertainment,New York,mobile,False
1156.46,deposit,online,Tokyo,mobile,False
1007.84,deposit,entertainment,New York,atm,False
32.09,transfer,entertainment,New York,mobile,False
35.33,transfer,entertainment,Tokyo,atm,False
7.21,transfer,entertainment,Tokyo,atm,False
53.63,transfer,online,Tokyo,mobile,False
1200.92,deposit,entertainment,New York,atm,False
979.38,deposit,entertainment,Tokyo,atm,False
8.93,transfer,entertainment,New York,atm,False
30.84,transfer,entertainment,Tokyo,mobile,False
796.77,deposit,online,Tokyo,mobile,False
930.31,deposit,online,New York,atm,False
1762.16,deposit,entertainment,New York,mobile,False
17.4,transfer,online,New York,atm,False
5.72,transfer,online,Tokyo,mobile,False
1588.46,deposit,entertainment,Tokyo,atm,False
0.01,deposit,online,Tokyo,atm,False
473.31,deposit,entertainment,New York,atm,False
1429.09,deposit,online,New York,atm,False
870.26,deposit,entertainment,Tokyo,mobile,False
1571.37,deposit,entertainment,New York,atm,False
12.59,transfer,online,Tokyo,atm,False
10.68,transfer,online,Tokyo,mobile,False
1495.99,deposit,online,Tokyo,mobile,False
5.23,transfer,online,New York,mobile,False
1152.46,deposit,online,Tokyo,mobile,False
0.01,deposit,entertainment,New York,mobile,False
137.92,deposit,online,Tokyo,atm,False
1590.54,deposit,entertainment,Tokyo,atm,False
1361.07,deposit,online,New York,atm,False
13.14,transfer,entertainment,New York,mobile,False
259.46,deposit,online,Tokyo,atm,False
10.15,transfer,entertainment,Tokyo,mobile,False
2.99,transfer,entertainment,Tokyo,atm,False
14.21,transfer,entertainment,New York,atm,False
23.69,transfer,entertainment,New York,mobile,False
44.44,transfer,entertainment,New York,mobile,False
16.31,transfer,online,New York,atm,False
1262.36,deposit,entertainment,New York,mobile,False
7.61,transfer,online,New York,atm,False
9.76,transfer,online,Tokyo,atm,False
9.35,transfer,online,New York,atm,False
1248.73,deposit,entertainment,New York,mobile,False
1323.83,deposit,online,New York,atm,False
10.57,transfer,entertainment,Tokyo,atm,False
1480.91,deposit,online,Tokyo,atm,False
251.31,deposit,online,Tokyo,atm,False
40.8,transfer,entertainment,Tokyo,mobile,False
20.47,transfer,entertainment,Tokyo,atm,False
19.89,transfer,entertainment,New York,atm,False
6.98,transfer,online,New York,mobile,False
463.92,deposit,online,Tokyo,atm,False
41.96,transfer,entertainment,Tokyo,atm,False
26.37,transfer,entertainment,New York,mobile,False
403.42,deposit,online,Tokyo,atm,False
1066.38,deposit,online,Tokyo,mobile,False
21.97,transfer,entertainment,Tokyo,atm,False
781.42,deposit,online,Tokyo,mobile,False
29.13,transfer,entertainment,Tokyo,mobile,False
7.1,transfer,entertainment,New York,atm,False
11.06,transfer,entertainment,Tokyo,mobile,False
1204.53,deposit,entertainment,New York,atm,False
1488.27,deposit,online,Tokyo,atm,False
15.08,transfer,online,Tokyo,mobile,False
183.82,deposit,entertainment,Tokyo,mobile,False
1201.32,deposit,entertainment,New York,mobile,False
17.7,transfer,entertainment,New York,mobile,False
26.45,transfer,online,Tokyo,atm,False
24.54,transfer,entertainment,New York,mobile,False
1502.11,deposit,entertainment,New York,mobile,False
11.86,transfer,entertainment,New York,atm,False
112.72,transfer,online,New York,mobile,False
14.1,transfer,entertainment,New York,mobile,False
9.01,transfer,entertainment,Tokyo,mobile,False
770.08,deposit,online,New York,mobile,False
42.77,transfer,entertainment,New York,mobile,False
719.43,deposit,entertainment,Tokyo,atm,False
1017.53,deposit,entertainment,Tokyo,mobile,False
384.46,deposit,entertainment,Tokyo,atm,False
24.87,transfer,entertainment,Tokyo,mobile,False
68.66,transfer,entertainment,New York,atm,False
32.19,transfer,online,Tokyo,mobile,False
33.67,transfer,entertainment,Tokyo,mobile,False
13.73,transfer,entertainment,New York,mobile,False
25.62,transfer,online,New York,atm,False
1938.25,deposit,online,Tokyo,mobile,False
749.13,deposit,entertainment,New York,mobile,False
1060.95,deposit,online,Tokyo,mobile,False
11.4,transfer,entertainment,New York,mobile,False
973.61,deposit,entertainment,New York,mobile,False
17.79,transfer,online,New York,mobile,False
546.54,deposit,online,Tokyo,atm,False
1324,deposit,online,Tokyo,atm,True
3.4,transfer,online,New York,mobile,False
636.25,deposit,entertainment,Tokyo,mobile,False
48.22,transfer,entertainment,Tokyo,atm,False
30.23,transfer,online,New York,mobile,False
8.34,transfer,entertainment,Tokyo,mobile,False
14.28,transfer,entertainment,New York,atm,False
10.38,transfer,entertainment,Tokyo,mobile,False
24.56,transfer,online,Tokyo,mobile,False
2.32,transfer,online,Tokyo,atm,False
1095.04,deposit,online,New York,mobile,False
1097.68,deposit,online,Tokyo,atm,False
899.03,deposit,online,Tokyo,atm,False
21.37,transfer,online,Tokyo,atm,False
1199.49,deposit,entertainment,New York,mobile,False
17.33,transfer,online,Tokyo,mobile,False
600.84,deposit,online,Tokyo,mobile,False
121.72,transfer,entertainment,Tokyo,atm,False
20.4,transfer,online,New York,atm,False
25.38,transfer,entertainment,New York,mobile,False
13.94,transfer,entertainment,Tokyo,atm,False
25.09,transfer,online,Tokyo,atm,False
11.36,transfer,online,Tokyo,atm,False
1153.68,deposit,entertainment,New York,atm,False
14.36,transfer,online,Tokyo,mobile,False
13.41,transfer,online,Tokyo,atm,True
1373.65,deposit,online,Tokyo,mobile,False
28.12,transfer,entertainment,Tokyo,mobile,False
46.66,transfer,entertainment,Tokyo,mobile,False
10.97,transfer,online,Tokyo,atm,False
1100.11,deposit,online,New York,mobile,False
10.65,transfer,entertainment,Tokyo,atm,False
66.46,transfer,online,Tokyo,atm,False
0.01,deposit,entertainment,New York,mobile,False
1127,deposit,entertainment,New York,atm,False
16.76,transfer,entertainment,New York,mobile,False
894.14,deposit,entertainment,New York,mobile,False
832.51,deposit,online,New York,atm,False
290.98,deposit,online,Tokyo,atm,False
3.02,transfer,online,Tokyo,mobile,False
18.79,transfer,entertainment,Tokyo,atm,True
43.6,transfer,online,New York,atm,False
1522.01,deposit,online,Tokyo,atm,False
41.42,transfer,entertainment,New York,mobile,False
20.64,transfer,online,Tokyo,atm,False
681.33,deposit,online,Tokyo,mobile,False
13.42,transfer,online,Tokyo,mobile,False
423.02,deposit,online,Tokyo,mobile,False
1200.56,deposit,entertainment,Tokyo,atm,False
1674.79,deposit,entertainment,Tokyo,atm,False
795.3,deposit,online,New York,mobile,False
40.27,transfer,online,New York,atm,False
173.71,deposit,entertainment,New York,atm,False
30.99,transfer,entertainment,Tokyo,atm,True
29.84,transfer,entertainment,Tokyo,atm,False
25.84,transfer,entertainment,Tokyo,mobile,False
19.95,deposit,entertainment,New York,atm,False
753.52,deposit,entertainment,Tokyo,atm,False
446.35,deposit,online,Tokyo,atm,False
1282.59,deposit,online,New York,atm,False
6.97,transfer,online,New York,mobile,False
23.01,transfer,entertainment,New York,mobile,False
1212.35,deposit,entertainment,New York,atm,False
6.74,transfer,online,Tokyo,atm,False
1979.49,deposit,online,Tokyo,mobile,False
30.37,transfer,entertainment,New York,atm,False
24.66,transfer,online,Tokyo,atm,False
190.65,deposit,online,Tokyo,atm,False
75.11,transfer,entertainment,Tokyo,mobile,False
3.63,transfer,entertainment,Tokyo,mobile,False
1041.03,deposit,entertainment,Tokyo,mobile,False
68.26,deposit,online,New York,atm,False
68.07,transfer,online,Tokyo,atm,False
26.81,transfer,entertainment,Tokyo,atm,False
28.96,transfer,online,Tokyo,mobile,False
0.01,deposit,online,Tokyo,atm,False
2019.74,deposit,online,Tokyo,atm,False
19.85,transfer,entertainment,New York,mobile,False
49.65,transfer,online,New York,atm,False
8.28,transfer,online,New York,atm,False
19.82,transfer,entertainment,New York,atm,False
66.48,transfer,entertainment,Tokyo,atm,False
0.01,deposit,online,Tokyo,mobile,False
11.56,transfer,online,New York,mobile,False
34.17,transfer,online,New York,atm,False
442.87,deposit,online,New York,atm,False
1109.19,deposit,entertainment,Tokyo,atm,False
996.06,deposit,online,New York,atm,False
8.38,transfer,online,Tokyo,atm,False
17.97,transfer,online,Tokyo,atm,False
25.59,transfer,online,New York,atm,False
543.67,deposit,entertainment,Tokyo,mobile,False
1170.37,deposit,online,New York,atm,False
48.58,transfer,entertainment,New York,mobile,False
44.58,transfer,entertainment,New York,atm,False
11.08,transfer,online,New York,atm,False
1357.91,deposit,online,New York,atm,False
0.01,deposit,online,New York,atm,False
746.38,deposit,entertainment,Tokyo,atm,False
51.88,deposit,entertainment,Tokyo,mobile,False
906.9,deposit,entertainment,New York,atm,False
9.25,transfer,online,Tokyo,mobile,False
1365.26,deposit,entertainment,New York,atm,False
1410.63,deposit,entertainment,Tokyo,atm,False
1239.94,deposit,entertainment,New York,mobile,False
1130.39,deposit,entertainment,Tokyo,mobile,True
16.13,transfer,online,Tokyo,atm,False
1702.64,deposit,online,Tokyo,mobile,False
12.37,transfer,online,Tokyo,atm,False
34.58,transfer,entertainment,Tokyo,atm,False
36.34,transfer,online,Tokyo,atm,False
38.86,transfer,entertainment,New York,atm,False
5.28,transfer,entertainment,New York,mobile,False
27.02,transfer,entertainment,Tokyo,mobile,False
1249.51,deposit,entertainment,Tokyo,atm,False
720.85,deposit,online,Tokyo,atm,False
704.23,deposit,entertainment,New York,atm,False
853.5,deposit,entertainment,Tokyo,atm,False
732.72,deposit,online,Tokyo,mobile,False
19.82,transfer,online,Tokyo,mobile,False
181.96,deposit,online,Tokyo,atm,False
20.1,transfer,online,Tokyo,mobile,False
12.98,transfer,online,Tokyo,mobile,False
720.79,deposit,online,Tokyo,mobile,False
350.88,deposit,entertainment,New York,atm,False
10.14,transfer,online,New York,atm,False
29.72,transfer,online,Tokyo,atm,False
37.28,transfer,entertainment,Tokyo,atm,False
1093.98,deposit,entertainment,Tokyo,mobile,False
29.88,transfer,online,New York,atm,False
56.08,transfer,online,Tokyo,mobile,False
5.76,transfer,entertainment,Tokyo,mobile,False
633.17,deposit,entertainment,Tokyo,mobile,False
862.44,deposit,entertainment,New York,mobile,False
1246.99,deposit,entertainment,Tokyo,mobile,False
1926.78,deposit,entertainment,Tokyo,mobile,False
52.43,transfer,online,Tokyo,mobile,False
12.93,transfer,online,New York,mobile,False
928.41,deposit,entertainment,Tokyo,atm,False
497.52,deposit,entertainment,New York,atm,False
738.07,deposit,online,New York,mobile,False
46.89,transfer,online,New York,atm,False
1027.97,deposit,online,New York,mobile,True
14.87,transfer,entertainment,New York,atm,False
176.99,deposit,entertainment,Tokyo,atm,False
13.04,transfer,entertainment,Tokyo,atm,False
14.11,transfer,entertainment,New York,atm,False
1066.38,deposit,online,Tokyo,atm,False
32.39,transfer,entertainment,New York,atm,False
117.29,transfer,online,New York,mobile,False
1316.06,deposit,entertainment,New York,mobile,False
18.36,transfer,entertainment,Tokyo,atm,False
29.52,transfer,online,Tokyo,atm,False
42.74,transfer,entertainment,New York,atm,False
22.44,transfer,entertainment,Tokyo,atm,False
14.39,transfer,entertainment,New York,mobile,False
11.42,transfer,online,New York,mobile,False
18.35,transfer,online,New York,atm,False
707.19,deposit,entertainment,Tokyo,atm,False
847.72,deposit,entertainment,Tokyo,mobile,False
900.7,deposit,online,Tokyo,mobile,False
15.16,transfer,entertainment,New York,atm,False
79.77,transfer,entertainment,Tokyo,mobile,False
1244.72,deposit,online,New York,atm,False
29.41,transfer,entertainment,Tokyo,atm,False
105.15,transfer,entertainment,Tokyo,atm,False
20.46,transfer,entertainment,New York,atm,False
306.9,deposit,entertainment,Tokyo,atm,False
1787.02,deposit,online,Tokyo,atm,False
8.77,transfer,online,New York,atm,False
16.32,transfer,entertainment,Tokyo,mobile,False
42.21,transfer,entertainment,Tokyo,atm,False
1632.83,deposit,entertainment,Tokyo,mobile,False
35.58,transfer,entertainment,Tokyo,atm,False
742.52,deposit,entertainment,New York,atm,False
47.32,transfer,entertainment,Tokyo,mobile,False
424.74,deposit,online,New York,atm,False
10.49,transfer,entertainment,Tokyo,mobile,False
1446.92,deposit,entertainment,New York,mobile,False
52.32,transfer,online,Tokyo,atm,False
341.78,deposit,online,New York,atm,False
1191.07,deposit,online,New York,mobile,False
717.45,deposit,entertainment,New York,atm,False
711.49,deposit,entertainment,Tokyo,mobile,False
4.51,transfer,online,New York,atm,False
469.05,deposit,online,New York,mobile,False
47,transfer,entertainment,New York,atm,False
53.58,transfer,online,Tokyo,atm,False
20.54,transfer,entertainment,New York,atm,False
1175.69,deposit,online,Tokyo,mobile,False
1091.43,deposit,online,New York,mobile,False
885.01,deposit,online,New York,mobile,False
13.12,transfer,entertainment,Tokyo,mobile,False
15.68,transfer,online,Tokyo,mobile,False
1667.55,deposit,entertainment,Tokyo,mobile,False
912.57,deposit,online,New York,mobile,True
27.8,transfer,entertainment,New York,atm,False
694.24,deposit,online,Tokyo,mobile,False
40.14,transfer,entertainment,New York,mobile,False
11.59,transfer,entertainment,New York,mobile,False
1493.64,deposit,online,New York,atm,False
1189.59,deposit,online,Tokyo,mobile,False
8.84,transfer,entertainment,Tokyo,mobile,False
38.52,transfer,entertainment,Tokyo,atm,False
288.59,deposit,online,Tokyo,mobile,False
1557.74,deposit,entertainment,New York,mobile,False
153.42,deposit,online,New York,atm,False
33.11,transfer,online,Tokyo,mobile,False
11.31,transfer,online,Tokyo,mobile,False
34.67,transfer,online,Tokyo,mobile,False
31.94,transfer,entertainment,Tokyo,mobile,False
715.41,deposit,entertainment,New York,mobile,False
26,transfer,online,Tokyo,atm,False
1313.61,deposit,entertainment,New York,mobile,False
1254.87,deposit,entertainment,New York,mobile,False
1111.02,deposit,entertainment,Tokyo,mobile,False
8.17,transfer,online,Tokyo,atm,False
40.72,transfer,online,New York,atm,False
1946.67,deposit,entertainment,Tokyo,atm,True
18.73,transfer,entertainment,New York,atm,False
10.75,transfer,online,New York,mobile,False
18.1,transfer,entertainment,New York,mobile,False
1003.65,deposit,online,New York,atm,False
1337.34,deposit,online,Tokyo,mobile,False
1261.28,deposit,entertainment,Tokyo,atm,False
1089,deposit,online,Tokyo,mobile,False
18.24,transfer,entertainment,Tokyo,atm,False
1217.93,deposit,entertainment,Tokyo,mobile,False
14.46,transfer,online,Tokyo,mobile,False
18.19,transfer,entertainment,Tokyo,mobile,False
1054.07,deposit,entertainment,Tokyo,mobile,False
6.05,transfer,online,Tokyo,atm,False
12.92,transfer,entertainment,Tokyo,mobile,False
29.65,transfer,online,New York,mobile,True
0.01,deposit,entertainment,New York,mobile,False
4.81,transfer,online,Tokyo,atm,False
719.28,deposit,entertainment,Tokyo,mobile,False
33.1,transfer,entertainment,New York,mobile,False
1676.93,deposit,entertainment,Tokyo,atm,False
496.49,deposit,entertainment,Tokyo,atm,False
1343.19,deposit,online,New York,mobile,False
8.82,transfer,entertainment,Tokyo,mobile,False
631.71,deposit,online,New York,atm,False
472.85,deposit,online,Tokyo,mobile,False
968.83,deposit,entertainment,Tokyo,mobile,False
25.96,transfer,entertainment,New York,atm,False
808.2,deposit,entertainment,Tokyo,mobile,False
33.58,transfer,online,Tokyo,atm,False
1741.17,deposit,entertainment,Tokyo,atm,False
32.88,transfer,online,Tokyo,atm,False
1228.25,deposit,online,Tokyo,atm,False
39.98,transfer,entertainment,New York,mobile,False
15.73,transfer,entertainment,Tokyo,mobile,False
73.41,transfer,entertainment,Tokyo,atm,False
1532.34,deposit,entertainment,Tokyo,mobile,False
25.52,transfer,online,New York,atm,False
776.61,deposit,entertainment,Tokyo,mobile,False
22.39,transfer,online,Tokyo,atm,False
932.89,deposit,entertainment,New York,atm,False
9.09,transfer,entertainment,Tokyo,atm,False
16.9,transfer,entertainment,New York,atm,False
1023.17,deposit,entertainment,Tokyo,atm,False
30.05,transfer,entertainment,Tokyo,mobile,False
1159.65,deposit,online,New York,mobile,False
724.41,deposit,entertainment,Tokyo,mobile,False
1014.05,deposit,entertainment,Tokyo,mobile,False
1537.92,deposit,online,Tokyo,mobile,False
1468.67,deposit,online,New York,mobile,False
37.44,transfer,online,New York,atm,False
37.33,transfer,entertainment,New York,atm,False
1552.92,deposit,entertainment,Tokyo,atm,False
17.55,transfer,entertainment,Tokyo,mobile,False
1739.46,deposit,online,New York,atm,False
35.48,transfer,entertainment,New York,mobile,False
11.42,transfer,entertainment,Tokyo,atm,False
45.6,transfer,entertainment,Tokyo,atm,False
1365.09,deposit,online,Tokyo,mobile,False
27.93,transfer,online,New York,mobile,False
42.87,transfer,online,Tokyo,atm,False
10.9,transfer,online,New York,mobile,False
50.45,transfer,online,Tokyo,mobile,False
754.8,deposit,online,Tokyo,mobile,False
485.29,deposit,entertainment,New York,atm,False
27.64,transfer,entertainment,New York,mobile,False
22.62,transfer,online,Tokyo,atm,False
303.69,deposit,online,Tokyo,atm,False
783.33,deposit,online,Tokyo,mobile,False
1539.65,deposit,entertainment,New York,mobile,False
23.8,transfer,online,New York,mobile,False
10.97,transfer,online,Tokyo,atm,False
46.22,transfer,online,Tokyo,mobile,False
1145.94,deposit,entertainment,Tokyo,mobile,False
12.73,deposit,online,New York,mobile,False
1155.45,deposit,online,New York,atm,False
26.49,transfer,online,New York,atm,False
1148.48,deposit,online,Tokyo,atm,False
785.95,deposit,entertainment,New York,atm,False
36.68,transfer,online,Tokyo,mobile,False
709.16,deposit,entertainment,Tokyo,atm,False
10.68,transfer,entertainment,New York,atm,False
12.64,transfer,entertainment,Tokyo,atm,False
22.15,transfer,entertainment,New York,atm,False
1282.76,deposit,online,New York,mobile,False
1584.27,deposit,entertainment,New York,atm,False
20.11,transfer,entertainment,New York,mobile,False
678.44,deposit,entertainment,Tokyo,atm,False
16.21,transfer,entertainment,New York,mobile,False
19.85,transfer,online,Tokyo,atm,False
15.81,transfer,entertainment,New York,atm,False
1083.85,deposit,online,New York,atm,True
1118.73,deposit,online,New York,atm,False
19.06,transfer,entertainment,New York,atm,False
536.01,deposit,online,New York,mobile,False
1427.21,deposit,entertainment,Tokyo,mobile,False
29.05,transfer,entertainment,Tokyo,atm,False
42.92,transfer,online,New York,mobile,False
17.24,transfer,online,New York,atm,False
14.53,transfer,entertainment,Tokyo,atm,False
51.14,transfer,entertainment,Tokyo,atm,False
20.11,transfer,online,Tokyo,mobile,False
1169.92,deposit,online,Tokyo,mobile,False
1271.62,deposit,online,New York,atm,False
18.76,transfer,entertainment,New York,mobile,True
26.36,transfer,online,Tokyo,atm,False
74.78,transfer,entertainment,Tokyo,atm,False
39.44,transfer,entertainment,Tokyo,mobile,False
23.69,transfer,entertainment,New York,atm,False
1334.36,deposit,online,Tokyo,atm,False
5.39,transfer,entertainment,Tokyo,atm,False
1260.87,deposit,entertainment,New York,atm,False
861.92,deposit,entertainment,New York,atm,False
42.94,transfer,entertainment,New York,atm,False
44.13,transfer,online,New York,mobile,False
1645.69,deposit,online,Tokyo,atm,False
1101.45,deposit,online,New York,atm,False
1998.6,deposit,online,New York,mobile,False
1003.99,deposit,entertainment,Tokyo,atm,False
1764.72,deposit,online,New York,atm,False
17.26,transfer,entertainment,New York,atm,False
26.36,transfer,online,Tokyo,mobile,False
1577.47,deposit,entertainment,New York,atm,False
1191.02,deposit,entertainment,Tokyo,mobile,False
2067.69,deposit,entertainment,New York,atm,False
40.83,transfer,entertainment,New York,mobile,False
36.38,transfer,online,New York,atm,False
1654.69,deposit,entertainment,New York,mobile,False
530.96,deposit,entertainment,New York,mobile,False
1025.97,deposit,online,New York,atm,False
1361.93,deposit,online,Tokyo,atm,False
1020.92,deposit,entertainment,Tokyo,atm,False
28.17,transfer,online,Tokyo,atm,False
23.06,transfer,entertainment,Tokyo,mobile,False
8.42,transfer,entertainment,Tokyo,mobile,False
1269.64,deposit,entertainment,Tokyo,atm,False
658.97,deposit,online,Tokyo,mobile,False
31.1,transfer,online,Tokyo,atm,False
1140.57,deposit,entertainment,Tokyo,mobile,False
1164,deposit,entertainment,Tokyo,atm,False
18.12,transfer,online,Tokyo,atm,False
1094.04,deposit,online,Tokyo,atm,False
17.12,transfer,entertainment,Tokyo,mobile,False
1342.81,deposit,online,Tokyo,atm,False
34.85,transfer,entertainment,New York,atm,False
691.65,deposit,online,New York,atm,False
148.75,transfer,entertainment,Tokyo,atm,True
773.49,deposit,online,Tokyo,mobile,False
13.08,transfer,online,Tokyo,mobile,False
1951.08,deposit,online,Tokyo,atm,False
1384.47,deposit,entertainment,Tokyo,mobile,False
1682.56,deposit,online,Tokyo,mobile,False
18.24,transfer,entertainment,New York,atm,False
1104.98,deposit,online,New York,mobile,False
1244.91,deposit,online,New York,mobile,False
534.2,deposit,entertainment,New York,mobile,False
1036.85,deposit,online,Tokyo,atm,False
13.42,transfer,online,Tokyo,mobile,False
1242.13,deposit,online,New York,atm,False
1144.7,deposit,online,New York,atm,False
34.13,transfer,online,New York,mobile,False
1824.02,deposit,entertainment,Tokyo,mobile,False
17.89,transfer,entertainment,New York,mobile,False
18.09,transfer,entertainment,New York,mobile,False
36.98,transfer,online,New York,mobile,False
44.23,transfer,online,New York,atm,False
12.77,transfer,entertainment,New York,atm,False
20.6,transfer,online,New York,mobile,False
8.38,transfer,entertainment,Tokyo,mobile,False
434.33,deposit,entertainment,Tokyo,mobile,False
10.29,transfer,online,New York,mobile,True
331.87,deposit,entertainment,New York,mobile,False
1265.28,deposit,online,New York,mobile,False
1140.82,deposit,online,New York,atm,False
1669.73,deposit,entertainment,Tokyo,atm,False
267.98,deposit,entertainment,New York,mobile,False
511.4,deposit,online,Tokyo,atm,False
13.55,transfer,entertainment,New York,atm,False
888.89,deposit,entertainment,New York,atm,False
17.46,transfer,online,Tokyo,atm,False
13.12,transfer,entertainment,New York,mobile,False
419.55,deposit,online,New York,mobile,False
983.51,deposit,online,New York,mobile,False
24.54,transfer,entertainment,Tokyo,atm,False
44.03,transfer,entertainment,New York,atm,False
1264.6,deposit,entertainment,New York,atm,False
22.16,transfer,entertainment,Tokyo,atm,False
1494.96,deposit,entertainment,Tokyo,atm,False
48.52,transfer,entertainment,Tokyo,atm,False
949.48,deposit,entertainment,Tokyo,mobile,False
1054.49,deposit,entertainment,New York,mobile,False
1840.48,deposit,online,New York,atm,False
36.55,transfer,online,New York,atm,False
20.28,transfer,online,Tokyo,atm,False
60.35,transfer,online,Tokyo,mobile,False
800.66,deposit,online,New York,mobile,False
1456.97,deposit,online,Tokyo,atm,False
615.39,deposit,entertainment,Tokyo,atm,False
12.21,transfer,entertainment,Tokyo,mobile,False
13.1,transfer,entertainment,Tokyo,mobile,False
957.59,deposit,online,New York,atm,False
1065.99,deposit,online,Tokyo,atm,False
0.01,deposit,online,New York,mobile,False
26.16,transfer,online,New York,mobile,False
1766.83,deposit,entertainment,New York,atm,False
729.18,deposit,entertainment,Tokyo,atm,False
9.09,transfer,entertainment,New York,mobile,False
742.83,deposit,entertainment,New York,atm,False
29.79,transfer,entertainment,New York,atm,False
24.78,transfer,entertainment,New York,atm,False
235.75,deposit,online,New York,mobile,False
31.51,transfer,online,New York,mobile,False
14.03,transfer,entertainment,New York,atm,False
946.03,deposit,online,Tokyo,atm,False
45.95,transfer,entertainment,Tokyo,atm,False
10.16,transfer,online,Tokyo,mobile,False
77.48,transfer,online,New York,atm,False
1364.9,deposit,entertainment,Tokyo,atm,False
1861.25,deposit,online,New York,atm,False
926.06,deposit,entertainment,New York,atm,False
1193.07,deposit,entertainment,Tokyo,atm,False
1090.97,deposit,entertainment,Tokyo,atm,True
18.62,transfer,entertainment,Tokyo,atm,False
19.55,transfer,online,New York,atm,False
38.22,transfer,online,New York,mobile,False
487.13,deposit,entertainment,Tokyo,mobile,False
12.49,transfer,entertainment,New York,atm,False
33.73,transfer,online,Tokyo,atm,False
23.21,transfer,online,New York,atm,False
675.54,deposit,entertainment,New York,atm,False
1354.91,deposit,entertainment,Tokyo,atm,False
496.51,deposit,entertainment,New York,mobile,False
870.43,deposit,online,New York,mobile,False
13.19,transfer,online,Tokyo,mobile,False
999.56,deposit,online,Tokyo,atm,False
133.62,deposit,entertainment,Tokyo,atm,False
646.63,deposit,online,New York,atm,False
1516,deposit,online,Tokyo,atm,False
1514.99,deposit,entertainment,New York,mobile,False
1405.85,deposit,entertainment,Tokyo,mobile,False
1513.64,deposit,online,Tokyo,atm,False
1235.1,deposit,online,New York,mobile,False
99.77,transfer,entertainment,New York,atm,False
661.3,deposit,entertainment,Tokyo,atm,False
18.72,transfer,online,New York,atm,False
46.47,transfer,online,New York,atm,False
930.41,deposit,online,New York,atm,False
32.99,transfer,entertainment,New York,atm,False
717.65,deposit,online,New York,mobile,False
1020.54,deposit,online,New York,atm,False
48.21,transfer,online,Tokyo,mobile,False
711.57,deposit,online,Tokyo,atm,True
22.79,transfer,entertainment,Tokyo,atm,False
28.76,transfer,entertainment,Tokyo,atm,False
936.63,deposit,online,Tokyo,mobile,False
1658.15,deposit,online,Tokyo,atm,False
1510.82,deposit,entertainment,New York,mobile,False
1465.95,deposit,entertainment,New York,atm,False
4.15,transfer,entertainment,New York,mobile,False
32.41,transfer,entertainment,Tokyo,mobile,False
901.53,deposit,online,New York,atm,False
804.7,deposit,entertainment,Tokyo,mobile,False
1077.56,deposit,entertainment,New York,atm,False
31.06,transfer,online,New York,mobile,False
1042.28,deposit,entertainment,Tokyo,mobile,False
17.96,transfer,online,New York,mobile,False
24.44,transfer,online,Tokyo,mobile,False
20.58,transfer,entertainment,Tokyo,mobile,False
8.34,transfer,online,Tokyo,mobile,False
654.66,deposit,entertainment,Tokyo,mobile,False
11.62,deposit,entertainment,New York,mobile,False
549.37,deposit,entertainment,Tokyo,atm,False
1276.58,deposit,online,Tokyo,atm,False
13.06,transfer,online,Tokyo,atm,False
1082.16,deposit,entertainment,New York,atm,False
685.13,deposit,entertainment,Tokyo,mobile,True
12.85,transfer,entertainment,New York,atm,False
12.26,transfer,online,New York,mobile,False
11.34,transfer,entertainment,Tokyo,atm,False
1803.09,deposit,entertainment,Tokyo,mobile,False
1206.9,deposit,entertainment,New York,atm,False
21.03,transfer,entertainment,New York,mobile,False
815.9,deposit,entertainment,Tokyo,atm,False
541.89,deposit,online,New York,mobile,False
10.15,transfer,entertainment,Tokyo,mobile,False
10.65,transfer,entertainment,Tokyo,atm,False
913.87,deposit,entertainment,Tokyo,atm,False
1284.1,deposit,entertainment,New York,atm,False
16.61,transfer,online,Tokyo,atm,False
15.56,transfer,online,Tokyo,mobile,False
213.11,deposit,entertainment,New York,mobile,False
18.27,transfer,online,Tokyo,mobile,False
1895.17,deposit,entertainment,Tokyo,atm,False
915.69,deposit,online,Tokyo,mobile,False
7.82,transfer,online,New York,mobile,False
17.86,transfer,online,New York,atm,False
774.13,deposit,online,New York,mobile,False
14.11,transfer,online,New York,mobile,False
1823.62,deposit,entertainment,Tokyo,atm,False
284.51,deposit,entertainment,New York,mobile,True
10.1,transfer,online,New York,mobile,False
967.79,deposit,online,New York,atm,False
1294.79,deposit,online,New York,mobile,False
1707.26,deposit,online,New York,atm,False
1179.96,deposit,entertainment,Tokyo,mobile,False
988.57,deposit,entertainment,New York,mobile,False
74.76,deposit,online,New York,mobile,False
596.4,deposit,online,Tokyo,mobile,False
18.65,transfer,entertainment,New York,mobile,False
13.65,transfer,entertainment,Tokyo,atm,False
33.54,transfer,entertainment,Tokyo,atm,False
6.85,transfer,online,New York,atm,False
59.73,transfer,online,Tokyo,atm,False
1370.79,deposit,entertainment,New York,atm,False
25,transfer,entertainment,New York,atm,False
20.32,transfer,online,Tokyo,mobile,False
20.15,transfer,entertainment,Tokyo,mobile,False
92.87,transfer,entertainment,Tokyo,mobile,False
1259.7,deposit,online,New York,atm,False
0.01,deposit,online,New York,mobile,False
11.06,transfer,entertainment,Tokyo,mobile,False
0.01,deposit,online,Tokyo,mobile,False
42.88,transfer,entertainment,Tokyo,mobile,False
13.84,transfer,entertainment,New York,mobile,False
20.17,transfer,entertainment,Tokyo,atm,False
1079.77,deposit,entertainment,Tokyo,atm,False
173.27,deposit,entertainment,New York,atm,False
15.45,transfer,entertainment,Tokyo,atm,False
13.32,transfer,entertainment,Tokyo,mobile,False
13.5,transfer,entertainment,Tokyo,mobile,False
652.19,deposit,online,Tokyo,mobile,False
7.21,transfer,online,Tokyo,atm,False
1030.65,deposit,online,Tokyo,mobile,False
1224,deposit,online,New York,atm,False
1457.87,deposit,online,New York,mobile,False
853.24,deposit,online,Tokyo,mobile,False
314.73,deposit,online,Tokyo,atm,False
594.48,deposit,entertainment,New York,mobile,False
1579.56,deposit,entertainment,Tokyo,atm,False
1647.78,deposit,online,New York,atm,False
980.87,deposit,online,New York,mobile,False
71.52,transfer,online,Tokyo,mobile,False
1309.78,deposit,entertainment,Tokyo,atm,False
11.83,transfer,online,Tokyo,atm,False
32.33,transfer,online,Tokyo,atm,False
1699.93,deposit,online,Tokyo,mobile,False
50.49,transfer,entertainment,New York,atm,False
1566.24,deposit,entertainment,New York,mobile,False
1406.71,deposit,entertainment,Tokyo,mobile,False
1103.2,deposit,online,New York,atm,False
1118.79,deposit,online,New York,atm,False
1583.94,deposit,entertainment,New York,atm,False
10.29,transfer,entertainment,New York,atm,False
1201.23,deposit,entertainment,New York,atm,False
1061.8,deposit,online,Tokyo,mobile,False
12.37,transfer,entertainment,Tokyo,mobile,False
70.81,transfer,entertainment,New York,atm,False
4.02,transfer,online,New York,mobile,False
12.61,transfer,entertainment,New York,mobile,False
12.53,transfer,online,Tokyo,atm,False
62.14,transfer,online,Tokyo,atm,False
8.17,transfer,entertainment,New York,atm,False
25.84,transfer,entertainment,Tokyo,atm,False
1847.68,deposit,online,Tokyo,atm,False
441.3,deposit,entertainment,Tokyo,mobile,False
55.23,transfer,online,New York,mobile,False
1980.22,deposit,entertainment,New York,atm,False
1000.61,deposit,entertainment,New York,mobile,False
689.02,deposit,online,New York,atm,False
26.94,transfer,online,New York,mobile,False
454.13,deposit,online,Tokyo,mobile,False
610.85,deposit,entertainment,Tokyo,mobile,False
802.32,deposit,entertainment,Tokyo,mobile,False
1023.81,deposit,online,Tokyo,atm,False
7,transfer,entertainment,Tokyo,atm,False
772.29,deposit,entertainment,New York,mobile,False
1625.5,deposit,online,Tokyo,mobile,False
1552.97,deposit,online,New York,atm,False
838.66,deposit,entertainment,New York,atm,False
37.42,transfer,online,Tokyo,mobile,False
31.66,transfer,entertainment,New York,atm,False
80.77,transfer,entertainment,Tokyo,mobile,False
697.42,deposit,online,New York,mobile,False
6.04,transfer,online,New York,atm,False
40.84,transfer,entertainment,New York,mobile,False
22.77,transfer,entertainment,New York,atm,False
1018.1,deposit,online,New York,atm,False
573.1,deposit,online,New York,atm,False
641.64,deposit,online,New York,mobile,False
506.19,deposit,entertainment,New York,mobile,False
468.94,deposit,entertainment,New York,atm,False
1410.57,deposit,entertainment,New York,atm,False
875.87,deposit,entertainment,Tokyo,atm,False
438.29,deposit,online,Tokyo,mobile,False
22.16,transfer,entertainment,New York,mobile,False
99.19,transfer,online,Tokyo,atm,False
1280.33,deposit,entertainment,Tokyo,mobile,False
1055.06,deposit,online,New York,mobile,False
1268.49,deposit,online,Tokyo,atm,False
28.05,transfer,entertainment,New York,atm,False
22.9,transfer,entertainment,New York,mobile,False
1735.04,deposit,online,New York,mobile,False
23.93,transfer,entertainment,New York,mobile,False
602.36,deposit,entertainment,New York,mobile,False
978.52,deposit,entertainment,New York,atm,False
1704.55,deposit,online,New York,atm,False
22.5,transfer,online,Tokyo,mobile,False
56.97,transfer,entertainment,Tokyo,mobile,False
13.45,transfer,online,Tokyo,atm,False
31.26,transfer,entertainment,New York,atm,False
64.42,transfer,online,New York,atm,False
9.99,transfer,online,Tokyo,mobile,False
17.71,transfer,online,New York,mobile,False
708.26,deposit,entertainment,Tokyo,mobile,False
13.71,transfer,online,New York,mobile,False
36.35,transfer,entertainment,Tokyo,atm,False
22.4,transfer,entertainment,New York,atm,False
18.84,transfer,online,Tokyo,atm,False
8.23,transfer,entertainment,Tokyo,mobile,False
1384.91,deposit,entertainment,New York,atm,False
381.22,deposit,entertainment,New York,mobile,False
18.93,transfer,online,Tokyo,atm,False
1597.69,deposit,entertainment,New York,atm,False
1758.83,deposit,online,New York,mobile,False
386.89,deposit,entertainment,New York,atm,False
10.39,transfer,entertainment,Tokyo,mobile,False
439.46,deposit,online,New York,atm,False
1415.85,deposit,online,New York,mobile,False
5.58,transfer,entertainment,Tokyo,atm,False
13,transfer,online,Tokyo,mobile,False
493.56,deposit,entertainment,Tokyo,mobile,False
26.71,transfer,online,New York,mobile,False
17.47,transfer,entertainment,New York,atm,False
35.08,transfer,online,New York,atm,False
1226.77,deposit,entertainment,New York,atm,False
8.08,transfer,online,New York,atm,False
23.48,transfer,entertainment,Tokyo,mobile,False
8.79,transfer,online,Tokyo,mobile,False
85.54,deposit,entertainment,New York,atm,False
564.46,deposit,entertainment,New York,mobile,False
1020.93,deposit,entertainment,Tokyo,atm,False
46.48,transfer,online,New York,mobile,False
440.11,deposit,entertainment,New York,atm,False
32.24,transfer,online,New York,atm,False
54.56,transfer,online,Tokyo,mobile,False
11.17,transfer,entertainment,New York,mobile,False
16.7,transfer,entertainment,New York,atm,False
23.93,transfer,entertainment,Tokyo,atm,False
22.47,transfer,online,Tokyo,mobile,False
391.9,deposit,online,Tokyo,mobile,False
1560.31,deposit,online,Tokyo,mobile,False
9.04,transfer,online,New York,atm,False
15.21,transfer,entertainment,Tokyo,mobile,False
8.56,transfer,entertainment,Tokyo,mobile,False
1555.51,deposit,entertainment,Tokyo,atm,False
6.67,transfer,entertainment,Tokyo,mobile,False
1728.08,deposit,entertainment,New York,atm,False
12.53,transfer,entertainment,New York,atm,False
25.16,transfer,entertainment,Tokyo,atm,False
1100.21,deposit,entertainment,Tokyo,mobile,False
7.87,transfer,entertainment,Tokyo,mobile,False
26.16,transfer,entertainment,New York,atm,False
1964.89,deposit,entertainment,New York,mobile,False
28.44,transfer,entertainment,Tokyo,atm,False
1749.28,deposit,entertainment,New York,mobile,False
14.01,transfer,online,New York,atm,False
1331.68,deposit,entertainment,New York,mobile,False
14.4,transfer,entertainment,Tokyo,atm,False
14.59,transfer,entertainment,New York,mobile,False
9.95,transfer,entertainment,New York,mobile,False
29.76,transfer,entertainment,New York,mobile,False
1042.19,deposit,online,New York,atm,False
140.22,deposit,online,Tokyo,mobile,False
8.49,transfer,entertainment,Tokyo,mobile,False
771.18,deposit,entertainment,New York,mobile,False
1280.36,deposit,entertainment,New York,atm,False
25.05,transfer,online,Tokyo,atm,False
15.25,transfer,entertainment,Tokyo,mobile,False
1011.26,deposit,entertainment,New York,atm,False
30.07,transfer,entertainment,New York,atm,False
12.71,transfer,entertainment,Tokyo,atm,False
7.64,transfer,entertainment,Tokyo,mobile,False
6.89,transfer,online,Tokyo,atm,False
7.38,transfer,online,Tokyo,mobile,False
837.22,deposit,entertainment,Tokyo,atm,False
1262.8,deposit,online,New York,mobile,False
1104.47,deposit,online,Tokyo,atm,False
709.12,deposit,online,Tokyo,atm,False
896.73,deposit,online,New York,atm,False
2522.74,deposit,online,New York,atm,True
2076.77,deposit,entertainment,New York,atm,False
28.7,transfer,entertainment,Tokyo,mobile,False
17.22,transfer,online,New York,mobile,False
453.14,deposit,online,Tokyo,atm,False
1415.8,deposit,online,Tokyo,atm,False
9.28,transfer,entertainment,New York,mobile,False
1243.22,deposit,online,New York,atm,False
15.6,transfer,entertainment,New York,mobile,False
16.73,transfer,online,New York,atm,False
1378.44,deposit,entertainment,Tokyo,mobile,False
7.75,transfer,online,Tokyo,atm,False
49.71,transfer,entertainment,Tokyo,mobile,False
77.94,transfer,entertainment,New York,atm,False
1360.57,deposit,entertainment,New York,mobile,False
263.98,deposit,entertainment,New York,mobile,False
44.34,transfer,entertainment,New York,mobile,False
1108.8,deposit,online,New York,mobile,False
23.77,transfer,online,New York,atm,True
1121.64,deposit,entertainment,New York,atm,False
12.41,transfer,entertainment,Tokyo,mobile,False
1073.4,deposit,online,Tokyo,atm,False
403.29,deposit,online,Tokyo,atm,False
29.78,transfer,online,New York,mobile,False
806.24,deposit,online,New York,atm,False
16.81,transfer,entertainment,New York,atm,False
8.48,transfer,online,New York,atm,False
1068.59,deposit,online,Tokyo,atm,False
1369.98,deposit,online,New York,atm,False
1468.87,deposit,entertainment,New York,atm,False
18.38,transfer,online,New York,mobile,False
44.14,transfer,online,Tokyo,mobile,False
1570.36,deposit,entertainment,New York,atm,False
25.66,transfer,online,Tokyo,mobile,False
684.88,deposit,entertainment,New York,atm,False
916.14,deposit,entertainment,Tokyo,atm,False
1266.03,deposit,entertainment,New York,atm,False
23.56,transfer,entertainment,New York,atm,False
1704.96,deposit,online,Tokyo,atm,False
546.57,deposit,online,Tokyo,atm,False
8.57,transfer,entertainment,Tokyo,atm,False
21.41,transfer,online,New York,mobile,False
1168.44,deposit,online,New York,atm,False
26.51,transfer,online,Tokyo,atm,False
13.79,transfer,entertainment,New York,atm,False
16,transfer,online,Tokyo,atm,False
1472.27,deposit,entertainment,New York,mobile,False
654.33,deposit,online,New York,mobile,False
1442.37,deposit,entertainment,New York,mobile,False
175.91,deposit,online,Tokyo,mobile,False
1729.86,deposit,online,Tokyo,mobile,False
94.29,deposit,online,New York,atm,False
25.77,transfer,online,Tokyo,mobile,False
10.53,transfer,online,New York,mobile,False
762.05,deposit,entertainment,Tokyo,atm,False
562.18,deposit,online,New York,atm,False
26.57,transfer,online,New York,atm,False
300.45,deposit,entertainment,Tokyo,atm,False
1346.67,deposit,entertainment,New York,mobile,False
26.83,transfer,entertainment,Tokyo,mobile,False
630.95,deposit,entertainment,New York,atm,False
0.01,deposit,online,Tokyo,atm,False
1211.23,deposit,entertainment,New York,mobile,False
32.79,transfer,online,New York,mobile,False
1239.6,deposit,online,Tokyo,mobile,False
12.06,transfer,online,New York,atm,False
690.54,deposit,entertainment,New York,mobile,False
1170.7,deposit,entertainment,Tokyo,mobile,False
14.51,transfer,entertainment,New York,atm,False
10.05,transfer,online,Tokyo,atm,False
42.03,transfer,entertainment,Tokyo,atm,False
0.01,deposit,online,New York,mobile,False
1228.62,deposit,entertainment,New York,atm,False
7.38,transfer,online,Tokyo,mobile,False
277.23,deposit,entertainment,New York,atm,False
0.01,deposit,entertainment,Tokyo,atm,False
1166.78,deposit,entertainment,New York,mobile,False
299.61,deposit,online,New York,atm,False
382.05,deposit,online,Tokyo,mobile,False
864.13,deposit,entertainment,Tokyo,atm,False
501.89,deposit,online,New York,atm,False
30.66,transfer,online,New York,atm,False
54.99,transfer,entertainment,Tokyo,mobile,True
1185.44,deposit,entertainment,Tokyo,atm,False
1041.42,deposit,online,New York,atm,False
1433.55,deposit,online,Tokyo,atm,False
29.54,transfer,online,New York,atm,False
2473.78,deposit,entertainment,New York,atm,False
17.11,transfer,entertainment,New York,atm,False
36.06,transfer,online,New York,atm,False
1225.23,deposit,online,New York,mobile,False
8.52,transfer,online,New York,mobile,False
1358.9,deposit,online,New York,mobile,False
66.51,transfer,online,Tokyo,mobile,False
37.72,transfer,entertainment,Tokyo,atm,False
39.49,transfer,online,New York,atm,False
100.85,deposit,online,Tokyo,atm,False
6.94,transfer,entertainment,New York,atm,False
31.9,transfer,online,New York,mobile,False
1756.38,deposit,entertainment,New York,mobile,False
2039.09,deposit,online,Tokyo,atm,False
625.33,deposit,entertainment,Tokyo,mobile,False
1433.17,deposit,entertainment,New York,atm,False
33.86,transfer,entertainment,Tokyo,mobile,False
1266.3,deposit,entertainment,Tokyo,mobile,False
8.53,transfer,online,New York,mobile,False
44.46,transfer,entertainment,New York,atm,False
66.96,transfer,entertainment,Tokyo,atm,False
721.37,deposit,online,New York,mobile,True
1082.03,deposit,entertainment,New York,atm,False
9.45,transfer,online,New York,mobile,False
747.85,deposit,entertainment,New York,atm,False
24.38,transfer,online,Tokyo,atm,False
341.84,deposit,online,New York,atm,False
666.84,deposit,online,Tokyo,atm,False
509.01,deposit,online,Tokyo,mobile,False
18.54,transfer,entertainment,New York,mobile,False
1440.39,deposit,entertainment,Tokyo,mobile,False
19.33,transfer,entertainment,Tokyo,atm,False
939.12,deposit,entertainment,New York,mobile,False
14.61,transfer,online,Tokyo,mobile,False
19.27,transfer,entertainment,Tokyo,mobile,False
30.35,transfer,online,New York,mobile,False
490.95,deposit,online,Tokyo,atm,False
1518.75,deposit,entertainment,New York,mobile,False
29.14,transfer,entertainment,Tokyo,atm,False
19.87,transfer,online,New York,atm,False
35.29,transfer,online,Tokyo,atm,False
7.36,transfer,online,Tokyo,atm,False
16.72,transfer,online,New York,atm,False
274.11,deposit,entertainment,Tokyo,mobile,False
10.8,transfer,online,New York,atm,False
780.74,deposit,online,Tokyo,mobile,False
1467.01,deposit,entertainment,Tokyo,mobile,True
994.76,deposit,online,New York,atm,False
1261.49,deposit,entertainment,Tokyo,mobile,False
1058.1,deposit,online,New York,mobile,False
1836.34,deposit,online,Tokyo,atm,False
1235.62,deposit,online,Tokyo,atm,False
40.93,transfer,entertainment,Tokyo,mobile,False
56.43,transfer,entertainment,New York,atm,False
1183.11,deposit,online,New York,mobile,False
11.65,transfer,entertainment,New York,atm,False
62.85,transfer,entertainment,New York,mobile,False
0.01,deposit,online,New York,atm,False
1499.97,deposit,entertainment,New York,mobile,False
2001.33,deposit,entertainment,New York,mobile,False
718.75,deposit,online,New York,atm,False
1497.14,deposit,online,Tokyo,atm,False
61.81,transfer,entertainment,Tokyo,atm,False
1361.84,deposit,online,Tokyo,atm,False
1728.02,deposit,entertainment,Tokyo,atm,False
1848.89,deposit,online,New York,mobile,False
40.73,transfer,online,New York,atm,False
1013.62,deposit,online,New York,mobile,False
635.07,deposit,online,Tokyo,atm,False
1272.74,deposit,entertainment,New York,atm,False
13.63,transfer,entertainment,Tokyo,atm,False
3.84,transfer,entertainment,New York,mobile,False
30.11,transfer,entertainment,Tokyo,mobile,False
11.2,transfer,online,Tokyo,atm,False
842.13,deposit,online,Tokyo,mobile,False
13.5,transfer,online,New York,mobile,False
24.22,transfer,online,New York,atm,False
4.9,transfer,online,New York,atm,False
1253.36,deposit,entertainment,New York,mobile,False
932.99,deposit,online,New York,atm,False
191.96,deposit,online,New York,mobile,False
1442.33,deposit,entertainment,New York,atm,False
20.46,transfer,entertainment,Tokyo,mobile,False
14.68,transfer,entertainment,New York,mobile,False
1555.06,deposit,online,Tokyo,atm,False
667.2,deposit,online,Tokyo,atm,False
52.15,transfer,entertainment,New York,mobile,False
913.71,deposit,online,Tokyo,atm,False
8.51,transfer,entertainment,Tokyo,mobile,False
1552.93,deposit,entertainment,New York,mobile,False
35.94,transfer,entertainment,Tokyo,atm,False
36.31,transfer,entertainment,Tokyo,mobile,False
34.28,transfer,online,Tokyo,atm,False
27.76,transfer,online,Tokyo,atm,False
2062.29,deposit,online,New York,atm,False
30.69,deposit,entertainment,Tokyo,mobile,False
30.45,transfer,online,Tokyo,mobile,False
308.64,deposit,online,New York,mobile,False
12.35,transfer,entertainment,New York,mobile,False
8.49,transfer,online,New York,mobile,False
32.91,transfer,entertainment,New York,atm,False
1181.7,deposit,entertainment,New York,mobile,False
107.89,transfer,online,Tokyo,atm,False
39.75,transfer,online,New York,mobile,False
0.01,deposit,entertainment,New York,atm,False
20.05,transfer,online,Tokyo,atm,False
10.06,transfer,online,Tokyo,mobile,False
15.95,transfer,online,Tokyo,atm,False
6.15,transfer,entertainment,Tokyo,atm,False
7.8,transfer,online,New York,mobile,False
35.86,transfer,online,New York,atm,False
1446.1,deposit,online,New York,mobile,False
891.51,deposit,entertainment,New York,atm,False
23.97,transfer,online,Tokyo,mobile,False
669.9,deposit,online,Tokyo,mobile,False
17.26,transfer,online,Tokyo,atm,False
18.13,transfer,entertainment,Tokyo,atm,False
111.46,deposit,entertainment,Tokyo,mobile,True
12.25,transfer,online,New York,atm,False
727.95,deposit,online,Tokyo,atm,False
12.17,transfer,online,Tokyo,mobile,False
859.01,deposit,online,New York,mobile,False
26.01,transfer,online,Tokyo,atm,False
1669.9,deposit,online,New York,atm,False
591.36,deposit,online,Tokyo,atm,False
19.73,transfer,online,Tokyo,atm,True
102.67,transfer,online,Tokyo,atm,False
373.79,deposit,entertainment,Tokyo,atm,False
555.49,deposit,entertainment,New York,mobile,False
10.87,transfer,online,Tokyo,atm,False
1214.88,deposit,online,New York,mobile,False
71.86,transfer,entertainment,New York,atm,True
478.29,deposit,online,Tokyo,atm,False
905,deposit,entertainment,New York,mobile,False
1007.31,deposit,entertainment,Tokyo,atm,False
1067.93,deposit,online,Tokyo,mobile,False
33.04,transfer,entertainment,Tokyo,mobile,False
0.01,deposit,online,New York,atm,False
463.86,deposit,online,Tokyo,atm,False
629.69,deposit,online,Tokyo,atm,False
1544.04,deposit,online,New York,mobile,False
19.25,transfer,online,New York,atm,False
1580.34,deposit,entertainment,Tokyo,mobile,False
596.33,deposit,entertainment,Tokyo,atm,False
881.31,deposit,online,New York,mobile,False
109.34,transfer,entertainment,Tokyo,mobile,False
1475.17,deposit,entertainment,New York,mobile,False
22.88,transfer,entertainment,Tokyo,atm,False
513.37,deposit,online,New York,mobile,False
15.81,transfer,online,New York,atm,False
19.69,transfer,online,Tokyo,atm,False
176.55,deposit,online,Tokyo,atm,False
0.01,deposit,online,New York,atm,False
1025.42,deposit,online,New York,atm,False
1421.93,deposit,online,Tokyo,atm,False
39.68,transfer,online,New York,mobile,False
27.39,transfer,online,New York,atm,False
1077.35,deposit,entertainment,New York,atm,False
1811.8,deposit,entertainment,Tokyo,mobile,False
5.56,transfer,entertainment,New York,mobile,False
935.92,deposit,online,New York,atm,False
358.72,deposit,online,Tokyo,atm,False
692.49,deposit,online,New York,mobile,False
1040.38,deposit,online,New York,mobile,False
4.68,transfer,entertainment,New York,mobile,False
1084.6,deposit,online,Tokyo,mobile,False
1308.84,deposit,entertainment,Tokyo,atm,False
32.55,transfer,online,Tokyo,atm,False
8.2,transfer,online,New York,atm,False
1688.56,deposit,entertainment,New York,mobile,False
473.2,deposit,entertainment,New York,mobile,False
16.79,transfer,entertainment,New York,atm,False
1140.03,deposit,online,Tokyo,atm,False
1231.16,deposit,entertainment,Tokyo,atm,False
1178.38,deposit,online,Tokyo,mobile,False
31.9,transfer,entertainment,Tokyo,mobile,False
1349.41,deposit,online,Tokyo,atm,False
623.39,deposit,entertainment,Tokyo,mobile,False
8.74,transfer,online,New York,mobile,False
1224.1,deposit,entertainment,Tokyo,atm,False
31.41,transfer,online,New York,atm,False
1121.11,deposit,online,Tokyo,mobile,False
1065.1,deposit,online,Tokyo,atm,False
11.34,transfer,online,New York,atm,False
469.41,deposit,online,New York,mobile,False
7.05,transfer,online,New York,atm,False
28.84,transfer,online,Tokyo,mobile,False
17.51,transfer,entertainment,Tokyo,atm,False
9.49,transfer,online,Tokyo,mobile,False
6.59,transfer,entertainment,Tokyo,mobile,False
33.6,transfer,online,New York,mobile,False
14,transfer,online,Tokyo,atm,False
1102.9,deposit,online,Tokyo,atm,False
117.53,transfer,entertainment,Tokyo,mobile,False
12.91,transfer,entertainment,Tokyo,mobile,False
1297.87,deposit,entertainment,Tokyo,mobile,False
14.53,transfer,online,New York,mobile,False
9.13,transfer,online,Tokyo,atm,False
1505.27,deposit,online,Tokyo,atm,False
519.9,deposit,entertainment,Tokyo,mobile,False
10.14,transfer,entertainment,New York,atm,False
6.9,transfer,entertainment,New York,atm,False
17.44,transfer,online,Tokyo,atm,False
1552.99,deposit,online,New York,mobile,False
1738.78,deposit,entertainment,Tokyo,atm,False
24.67,transfer,online,New York,mobile,False
1326.77,deposit,entertainment,New York,atm,False
1356.67,deposit,online,Tokyo,mobile,False
35.07,transfer,entertainment,Tokyo,mobile,False
698.34,deposit,online,New York,atm,False
780.7,deposit,online,New York,atm,False
1311.09,deposit,entertainment,New York,mobile,False
23.38,transfer,entertainment,Tokyo,atm,False
43.95,transfer,online,New York,mobile,False
20.41,transfer,entertainment,New York,mobile,False
1125.41,deposit,online,Tokyo,mobile,False
21.43,transfer,online,Tokyo,atm,False
17.47,transfer,online,Tokyo,atm,False
1690.53,deposit,online,New York,mobile,False
0.01,deposit,entertainment,Tokyo,atm,False
69.19,transfer,online,New York,mobile,False
25.79,transfer,entertainment,Tokyo,mobile,False
1014.9,deposit,online,New York,atm,False
890.55,deposit,online,Tokyo,mobile,False
673.8,deposit,online,New York,atm,False
1097.35,deposit,entertainment,New York,mobile,False
7.71,transfer,entertainment,New York,mobile,False
1228.85,deposit,entertainment,Tokyo,atm,False
23.45,transfer,online,Tokyo,atm,False
856.33,deposit,online,Tokyo,mobile,False
43.49,transfer,online,Tokyo,mobile,False
1480.05,deposit,online,Tokyo,mobile,False
961.62,deposit,online,New York,mobile,False
12.71,transfer,entertainment,Tokyo,atm,False
28.71,transfer,entertainment,Tokyo,mobile,False
816.31,deposit,entertainment,Tokyo,atm,False
869.64,deposit,entertainment,New York,mobile,False
11.57,transfer,online,New York,atm,False
1629.09,deposit,online,Tokyo,atm,False
55.54,transfer,entertainment,New York,mobile,False
1732.76,deposit,entertainment,Tokyo,mobile,False
12.78,transfer,online,New York,atm,False
13.22,transfer,entertainment,Tokyo,mobile,False
28.5,transfer,entertainment,Tokyo,mobile,False
17.71,transfer,entertainment,New York,atm,False
605.36,deposit,online,Tokyo,atm,False
1635.66,deposit,entertainment,Tokyo,atm,False
365.39,deposit,online,New York,atm,False
9.02,transfer,entertainment,Tokyo,mobile,False
1735.17,deposit,entertainment,Tokyo,mobile,False
1596.56,deposit,entertainment,Tokyo,atm,False
52.22,transfer,entertainment,New York,atm,False
1950.74,deposit,online,New York,atm,False
976.61,deposit,entertainment,New York,atm,False
25.75,transfer,entertainment,New York,atm,False
2388.36,deposit,online,Tokyo,mobile,False
1164.48,deposit,entertainment,New York,mobile,False
1708.96,deposit,online,Tokyo,atm,False
13.87,transfer,online,Tokyo,mobile,False
5.92,transfer,entertainment,New York,mobile,False
1050.82,deposit,entertainment,Tokyo,mobile,False
20.52,transfer,entertainment,Tokyo,atm,False
781.43,deposit,online,Tokyo,atm,False
1333.59,deposit,entertainment,Tokyo,atm,False
11.18,transfer,entertainment,New York,mobile,False
21.66,transfer,entertainment,New York,atm,False
635.84,deposit,online,New York,mobile,False
11.27,transfer,entertainment,Tokyo,mobile,False
591.94,deposit,entertainment,Tokyo,mobile,False
972.71,deposit,entertainment,Tokyo,mobile,False
1724.17,deposit,entertainment,Tokyo,mobile,False
932.38,deposit,online,New York,mobile,False
1247.47,deposit,online,Tokyo,mobile,False
1699.9,deposit,entertainment,Tokyo,mobile,False
39.09,transfer,entertainment,Tokyo,atm,False
10.38,transfer,entertainment,Tokyo,mobile,False
16.47,transfer,online,Tokyo,atm,False
10.98,transfer,entertainment,New York,atm,False
1502.49,deposit,online,Tokyo,mobile,False
46.86,transfer,online,New York,atm,False
51.07,transfer,entertainment,New York,mobile,False
714.68,deposit,online,New York,mobile,False
1145.46,deposit,entertainment,Tokyo,atm,False
36.66,transfer,online,Tokyo,atm,False
42.5,transfer,entertainment,Tokyo,mobile,False
980.16,deposit,entertainment,New York,mobile,False
14.01,transfer,entertainment,New York,atm,False
41.92,transfer,online,New York,mobile,False
81.66,deposit,entertainment,Tokyo,atm,False
1193.89,deposit,entertainment,Tokyo,mobile,False
23.28,transfer,entertainment,New York,mobile,False
5.94,transfer,entertainment,New York,mobile,False
19.71,transfer,entertainment,Tokyo,mobile,False
18.3,transfer,entertainment,Tokyo,atm,False
629.82,deposit,online,Tokyo,atm,False
1100.79,deposit,online,New York,mobile,False
1549.52,deposit,online,Tokyo,mobile,False
23.2,transfer,entertainment,Tokyo,atm,False
10.75,transfer,online,New York,atm,False
1384.96,deposit,entertainment,Tokyo,mobile,False
13.15,transfer,entertainment,Tokyo,mobile,False
1763.3,deposit,online,New York,atm,False
258.23,deposit,online,Tokyo,atm,False
733.19,deposit,entertainment,Tokyo,mobile,False
857.23,deposit,online,New York,atm,False
987.13,deposit,online,New York,atm,False
1543.99,deposit,entertainment,Tokyo,mobile,False
29.54,transfer,online,Tokyo,mobile,False
6.66,transfer,online,Tokyo,atm,False
1427.17,deposit,online,Tokyo,mobile,False
1344.83,deposit,entertainment,New York,mobile,False
899.29,deposit,entertainment,Tokyo,atm,False
13.39,transfer,entertainment,Tokyo,atm,False
751.85,deposit,entertainment,Tokyo,atm,False
820.74,deposit,entertainment,Tokyo,atm,False
16.87,transfer,entertainment,Tokyo,atm,False
49.58,transfer,online,New York,mobile,False
1014.16,deposit,entertainment,New York,atm,False
104.02,deposit,entertainment,Tokyo,atm,False
31.69,transfer,entertainment,New York,mobile,False
5.26,transfer,online,Tokyo,mobile,False
1436.1,deposit,entertainment,Tokyo,mobile,False
24.66,transfer,online,New York,atm,False
967.2,deposit,online,New York,atm,False
18.1,transfer,entertainment,New York,mobile,False
1081.22,deposit,entertainment,New York,atm,False
2.44,transfer,entertainment,Tokyo,atm,False
21.05,transfer,entertainment,Tokyo,mobile,False
21.86,transfer,online,Tokyo,atm,False
998.27,deposit,entertainment,Tokyo,mobile,False
18.59,transfer,entertainment,New York,mobile,False
11.26,transfer,entertainment,New York,mobile,False
16.81,transfer,online,New York,atm,False
993.06,deposit,entertainment,Tokyo,atm,False
8.03,transfer,online,New York,atm,False
15.53,transfer,online,Tokyo,atm,False
1015.64,deposit,entertainment,Tokyo,atm,False
365.82,deposit,online,New York,mobile,False
613.24,deposit,online,Tokyo,mobile,False
861.83,deposit,online,Tokyo,mobile,False
1173.98,deposit,entertainment,New York,atm,False
25.08,transfer,online,New York,atm,False
1507.9,deposit,entertainment,New York,atm,False
1891.85,deposit,online,New York,atm,False
34.76,transfer,entertainment,Tokyo,mobile,False
24.18,transfer,online,New York,mobile,False
50.66,transfer,entertainment,New York,mobile,False
1707.88,deposit,entertainment,New York,atm,False
1058.49,deposit,online,New York,atm,False
15.36,transfer,online,Tokyo,mobile,False
835.44,deposit,entertainment,Tokyo,mobile,False
28.69,transfer,entertainment,New York,mobile,False
34.6,transfer,entertainment,Tokyo,atm,False
24.8,transfer,entertainment,New York,mobile,False
1002.54,deposit,online,New York,mobile,False
14.38,transfer,entertainment,Tokyo,atm,False
34.45,transfer,online,New York,mobile,False
37.41,transfer,online,New York,mobile,False
67.45,transfer,online,Tokyo,mobile,False
53.09,transfer,online,New York,atm,False
23.18,transfer,online,New York,mobile,False
761.04,deposit,online,Tokyo,atm,False
829.11,deposit,entertainment,New York,atm,False
485.99,deposit,entertainment,Tokyo,atm,False
1275.2,deposit,entertainment,Tokyo,atm,False
37.16,transfer,entertainment,New York,atm,False
503.96,deposit,entertainment,New York,mobile,False
11.46,transfer,entertainment,Tokyo,atm,False
33.29,transfer,entertainment,Tokyo,atm,False
1563.17,deposit,online,New York,mobile,False
577.4,deposit,entertainment,New York,atm,False
23.13,transfer,entertainment,New York,atm,False
1304.63,deposit,entertainment,Tokyo,atm,False
45.98,transfer,online,Tokyo,mobile,False
9.67,transfer,online,New York,atm,False
397.64,deposit,online,New York,mobile,False
1348.32,deposit,entertainment,Tokyo,mobile,False
1073.12,deposit,entertainment,Tokyo,atm,False
1963.11,deposit,entertainment,New York,atm,False
39.6,transfer,entertainment,New York,atm,False
473.45,deposit,online,Tokyo,mobile,False
1326.22,deposit,online,Tokyo,mobile,False
1402.14,deposit,entertainment,Tokyo,mobile,False
25.77,transfer,entertainment,New York,mobile,False
1266.93,deposit,entertainment,New York,mobile,False
22.62,transfer,online,Tokyo,atm,False
25.99,transfer,entertainment,New York,atm,False
16.51,transfer,entertainment,New York,mobile,False
761.44,deposit,entertainment,New York,atm,False
762.94,deposit,online,Tokyo,mobile,False
14.45,transfer,entertainment,Tokyo,mobile,False
1152.13,deposit,entertainment,Tokyo,mobile,False
1525.79,deposit,online,New York,atm,False
38,transfer,online,New York,mobile,False
1045.66,deposit,entertainment,New York,mobile,False
1613.07,deposit,online,Tokyo,atm,False
889.6,deposit,online,New York,atm,False
407.08,deposit,entertainment,New York,atm,False
12.01,transfer,entertainment,Tokyo,atm,False
79.83,transfer,online,Tokyo,atm,False
21.8,transfer,online,Tokyo,mobile,False
167.2,deposit,online,Tokyo,mobile,False
33.38,transfer,online,Tokyo,atm,False
34.4,transfer,online,Tokyo,atm,False
15.39,transfer,online,New York,atm,False
7.11,transfer,entertainment,Tokyo,atm,False
68.85,deposit,entertainment,New York,atm,False
2075.6,deposit,online,Tokyo,mobile,False
9.63,transfer,entertainment,Tokyo,mobile,False
84.7,transfer,entertainment,Tokyo,mobile,False
41.16,transfer,online,New York,atm,False
39.85,transfer,entertainment,Tokyo,mobile,False
900.82,deposit,online,New York,atm,False
42.58,transfer,entertainment,New York,mobile,False
724.92,deposit,online,Tokyo,mobile,False
24.7,transfer,online,New York,mobile,False
2262.39,deposit,entertainment,Tokyo,mobile,False
30.17,transfer,online,New York,mobile,False
923.01,deposit,entertainment,Tokyo,atm,False
1016.55,deposit,online,Tokyo,atm,False
874.89,deposit,entertainment,New York,atm,False
25.92,transfer,online,Tokyo,atm,False
115.67,deposit,online,New York,mobile,False
34.06,transfer,online,New York,atm,False
74.22,deposit,online,New York,atm,False
8.26,transfer,online,New York,atm,False
1024.01,deposit,online,Tokyo,mobile,False
446.99,deposit,online,Tokyo,mobile,False
1728.38,deposit,entertainment,New York,mobile,False
36.77,transfer,online,Tokyo,atm,False
21.32,transfer,online,New York,mobile,False
33.28,transfer,entertainment,Tokyo,atm,False
1381.29,deposit,entertainment,New York,mobile,False
12.61,transfer,entertainment,Tokyo,atm,False
23.18,transfer,entertainment,New York,mobile,False
848.16,deposit,online,Tokyo,mobile,False
1017.68,deposit,online,Tokyo,mobile,False
35.8,transfer,online,New York,atm,False
16.62,transfer,entertainment,New York,mobile,False
16.21,transfer,entertainment,Tokyo,mobile,False
26.1,transfer,entertainment,New York,atm,False
1484.9,deposit,online,New York,mobile,False
16.65,transfer,entertainment,Tokyo,atm,False
1158.14,deposit,online,New York,atm,False
11.06,transfer,online,New York,mobile,False
1788.99,deposit,entertainment,New York,atm,False
855.74,deposit,entertainment,Tokyo,atm,False
1326.82,deposit,entertainment,New York,mobile,False
12.03,transfer,entertainment,New York,mobile,False
1919.69,deposit,entertainment,Tokyo,atm,True
45.11,transfer,online,Tokyo,mobile,False
11.74,transfer,entertainment,Tokyo,mobile,False
165.21,deposit,online,New York,mobile,False
1470.53,deposit,entertainment,New York,mobile,False
311.63,deposit,online,New York,atm,False
9.3,transfer,entertainment,Tokyo,atm,False
9.86,transfer,entertainment,New York,mobile,False
16.62,transfer,online,Tokyo,mobile,False
62.59,transfer,entertainment,Tokyo,atm,False
17.07,transfer,entertainment,New York,atm,False
671.71,deposit,online,Tokyo,atm,False
856.48,deposit,entertainment,Tokyo,atm,False
1492.77,deposit,online,Tokyo,atm,False
7.99,transfer,entertainment,New York,atm,False
368.36,deposit,online,Tokyo,atm,False
917.95,deposit,entertainment,New York,mobile,False
17.49,transfer,entertainment,New York,mobile,False
506.98,deposit,online,Tokyo,mobile,False
22.93,transfer,online,New York,mobile,False
716.96,deposit,online,New York,mobile,False
40.43,transfer,entertainment,Tokyo,mobile,False
14.73,transfer,online,New York,mobile,False
22.05,transfer,entertainment,New York,mobile,False
929.45,deposit,entertainment,New York,mobile,False
17.54,transfer,entertainment,Tokyo,atm,False
1143.35,deposit,entertainment,New York,atm,False
10.7,transfer,entertainment,Tokyo,mobile,False
18.81,transfer,entertainment,Tokyo,atm,False
1209.83,deposit,entertainment,New York,atm,False
1351.23,deposit,online,Tokyo,mobile,False
1345.39,deposit,online,New York,atm,False
1579.88,deposit,online,Tokyo,atm,False
528.17,deposit,entertainment,Tokyo,mobile,False
1026.72,deposit,entertainment,New York,atm,False
118.21,transfer,entertainment,New York,mobile,False
45.15,transfer,entertainment,New York,mobile,False
23.09,transfer,entertainment,New York,atm,False
42.66,transfer,online,New York,mobile,False
1237.87,deposit,entertainment,New York,mobile,False
5.88,transfer,entertainment,Tokyo,atm,False
7.18,transfer,entertainment,New York,atm,False
75.86,transfer,online,New York,mobile,False
1260.77,deposit,online,Tokyo,atm,False
568.34,deposit,entertainment,Tokyo,mobile,False
2318.66,deposit,entertainment,Tokyo,atm,False
61.97,transfer,online,New York,atm,False
1253.31,deposit,online,New York,atm,False
21.31,transfer,online,New York,atm,False
1345.53,deposit,entertainment,Tokyo,mobile,False
38.23,transfer,entertainment,New York,mobile,False
467.66,deposit,online,New York,mobile,False
1594.61,deposit,entertainment,Tokyo,atm,False
0.75,deposit,online,New York,mobile,False
319.24,deposit,online,New York,atm,False
20.42,transfer,entertainment,Tokyo,mobile,False
958.26,deposit,online,New York,mobile,False
42.19,transfer,entertainment,New York,atm,False
14.67,transfer,entertainment,New York,atm,False
22.45,transfer,entertainment,New York,mobile,False
28.46,transfer,online,Tokyo,mobile,False
26.08,transfer,entertainment,Tokyo,mobile,False
1702.12,deposit,online,New York,atm,False
12.01,transfer,online,Tokyo,mobile,False
1271.92,deposit,online,Tokyo,atm,False
4.96,transfer,online,New York,mobile,False
997.18,deposit,entertainment,New York,atm,False
1448.89,deposit,entertainment,Tokyo,atm,False
73.09,transfer,entertainment,New York,mobile,False
44.57,transfer,online,Tokyo,mobile,False
1244.46,deposit,entertainment,New York,atm,False
15.67,transfer,entertainment,Tokyo,atm,False
45.28,transfer,online,Tokyo,atm,False
1109.22,deposit,online,Tokyo,atm,False
748.59,deposit,online,Tokyo,mobile,False
1228.77,deposit,online,New York,atm,False
38.73,transfer,online,New York,atm,False
68.33,transfer,entertainment,New York,atm,False
341.9,deposit,online,Tokyo,mobile,False
431.62,deposit,online,Tokyo,atm,False
1135.55,deposit,entertainment,Tokyo,atm,False
616.27,deposit,online,Tokyo,atm,False
2198.25,deposit,online,New York,atm,False
16.75,transfer,entertainment,New York,atm,False
1535.23,deposit,entertainment,New York,mobile,False
31.11,transfer,online,Tokyo,atm,False
10.89,transfer,online,Tokyo,atm,False
0.01,deposit,online,Tokyo,mobile,False
28.21,transfer,online,Tokyo,mobile,False
4.77,transfer,online,Tokyo,mobile,False
190.56,deposit,online,Tokyo,atm,False
119.21,deposit,entertainment,New York,mobile,False
1266.88,deposit,online,New York,atm,False
2466.54,deposit,online,New York,mobile,False
48.3,transfer,online,Tokyo,atm,False
7.78,transfer,entertainment,New York,mobile,False
913.53,deposit,online,Tokyo,mobile,False
515.13,deposit,online,Tokyo,mobile,False
1687.8,deposit,entertainment,New York,mobile,False
1436.83,deposit,entertainment,Tokyo,mobile,False
14.28,transfer,online,New York,atm,False
42.46,transfer,online,Tokyo,mobile,False
1869.87,deposit,entertainment,New York,atm,False
19.86,transfer,online,New York,atm,False
24.03,transfer,online,Tokyo,atm,False
955.44,deposit,entertainment,Tokyo,mobile,False
443.23,deposit,online,New York,mobile,True
947.83,deposit,online,Tokyo,mobile,False
10.97,transfer,online,Tokyo,atm,False
42.99,transfer,entertainment,Tokyo,mobile,False
931.69,deposit,online,New York,mobile,False
29.2,transfer,entertainment,Tokyo,mobile,False
1199.79,deposit,online,New York,atm,False
1235.5,deposit,online,Tokyo,mobile,False
27.44,transfer,entertainment,New York,atm,False
1593.64,deposit,entertainment,Tokyo,mobile,False
786.23,deposit,entertainment,Tokyo,mobile,False
39.82,transfer,online,Tokyo,atm,False
778.84,deposit,online,Tokyo,mobile,False
42.12,transfer,entertainment,New York,atm,False
814.3,deposit,online,Tokyo,mobile,False
1132.98,deposit,online,New York,atm,False
1505.08,deposit,online,Tokyo,atm,False
1121.12,deposit,online,New York,mobile,False
658.3,deposit,entertainment,Tokyo,mobile,False
472.23,deposit,online,Tokyo,atm,False
20.19,transfer,online,Tokyo,mobile,False
8.16,transfer,online,Tokyo,atm,False
61.5,transfer,online,New York,mobile,False
18.95,transfer,entertainment,New York,mobile,False
396.11,deposit,online,New York,mobile,False
8.82,transfer,entertainment,Tokyo,mobile,False
47.31,transfer,entertainment,Tokyo,mobile,False
8.48,transfer,entertainment,Tokyo,mobile,False
421.22,deposit,entertainment,New York,atm,False
2308.43,deposit,entertainment,New York,atm,False
41.91,transfer,online,New York,atm,False
1439.69,deposit,online,Tokyo,mobile,False
7.16,transfer,entertainment,Tokyo,atm,False
1264.64,deposit,online,New York,atm,False
10.21,transfer,entertainment,Tokyo,atm,False
16.41,transfer,entertainment,Tokyo,mobile,False
15.33,transfer,entertainment,New York,mobile,False
21.75,transfer,online,New York,mobile,False
17.52,transfer,entertainment,New York,atm,False
782.66,deposit,online,New York,mobile,False
908.54,deposit,entertainment,New York,mobile,False
10.33,transfer,entertainment,Tokyo,mobile,False
89.07,transfer,entertainment,New York,atm,False
58.53,deposit,entertainment,New York,atm,False
1211.7,deposit,entertainment,Tokyo,mobile,False
687.01,deposit,entertainment,New York,mobile,False
1044.67,deposit,online,New York,atm,False
64.44,transfer,entertainment,Tokyo,atm,False
15.15,transfer,online,New York,atm,False
17.5,transfer,entertainment,New York,mobile,False
781.46,deposit,entertainment,Tokyo,mobile,False
12.93,transfer,online,New York,mobile,False
12.62,transfer,online,Tokyo,mobile,False
24.99,transfer,entertainment,Tokyo,atm,False
7.8,transfer,entertainment,New York,atm,False
1392.21,deposit,online,New York,atm,False
1713.43,deposit,online,Tokyo,atm,False
959.74,deposit,entertainment,Tokyo,mobile,False
785.62,deposit,entertainment,New York,mobile,False
11.75,transfer,online,New York,mobile,False
496.62,deposit,entertainment,New York,atm,False
1145.85,deposit,online,Tokyo,mobile,False
15.61,transfer,entertainment,New York,mobile,False
1176.51,deposit,entertainment,Tokyo,atm,False
15.04,transfer,online,New York,atm,False
13.22,transfer,online,New York,atm,False
819.73,deposit,entertainment,Tokyo,atm,False
19.92,transfer,entertainment,Tokyo,atm,False
1340.91,deposit,entertainment,Tokyo,atm,False
9.52,transfer,entertainment,Tokyo,mobile,False
1420.73,deposit,entertainment,New York,mobile,False
1313.97,deposit,entertainment,Tokyo,mobile,False
1671.76,deposit,online,Tokyo,atm,False
316.49,deposit,online,New York,atm,False
1285.51,deposit,online,New York,mobile,False
1127,deposit,online,New York,atm,False
1553.89,deposit,online,Tokyo,atm,False
1830.54,deposit,entertainment,New York,atm,False
1230.17,deposit,online,New York,atm,False
618.27,deposit,online,Tokyo,atm,False
230.86,deposit,entertainment,Tokyo,mobile,False
21.74,transfer,online,New York,mobile,False
5.2,transfer,entertainment,Tokyo,mobile,False
390.28,deposit,online,Tokyo,mobile,True
16.12,transfer,online,New York,mobile,False
952.37,deposit,online,Tokyo,mobile,False
9.96,transfer,entertainment,Tokyo,mobile,False
1699.56,deposit,entertainment,New York,atm,False
12.2,transfer,online,Tokyo,atm,False
34.59,transfer,online,Tokyo,mobile,False
25.62,transfer,online,Tokyo,atm,True
606.56,deposit,online,Tokyo,mobile,False
42.94,transfer,entertainment,Tokyo,atm,True
997.75,deposit,entertainment,New York,atm,False
8.25,transfer,entertainment,Tokyo,atm,False
27.56,transfer,entertainment,Tokyo,mobile,True
1394.99,deposit,entertainment,Tokyo,atm,False
836.51,deposit,entertainment,Tokyo,atm,False
503.17,deposit,entertainment,Tokyo,atm,False
6.78,transfer,online,Tokyo,mobile,False
7.84,transfer,online,Tokyo,atm,False
522.91,deposit,online,New York,mobile,False
5.62,transfer,online,Tokyo,mobile,False
465.18,deposit,entertainment,Tokyo,atm,False
618.44,deposit,entertainment,Tokyo,mobile,False
366.63,deposit,online,New York,atm,False
1177.35,deposit,online,Tokyo,atm,False
763.15,deposit,entertainment,Tokyo,mobile,False
9.1,transfer,online,Tokyo,atm,False
20.6,transfer,entertainment,Tokyo,atm,False
1294.85,deposit,entertainment,Tokyo,atm,False
853.04,deposit,online,New York,atm,False
24.18,transfer,entertainment,Tokyo,mobile,False
38.15,transfer,entertainment,New York,atm,False
16.12,transfer,online,Tokyo,atm,False
492.33,deposit,online,Tokyo,mobile,False
4.85,transfer,online,Tokyo,atm,False
1018.38,deposit,entertainment,Tokyo,atm,False
39.36,transfer,online,Tokyo,atm,False
1467.07,deposit,online,New York,mobile,False
6.7,transfer,online,New York,atm,False
970.52,deposit,entertainment,Tokyo,mobile,False
1785.07,deposit,online,Tokyo,mobile,False
23.55,transfer,online,New York,mobile,False
10.35,transfer,online,New York,atm,False
12.93,transfer,online,New York,mobile,False
36.56,transfer,entertainment,Tokyo,mobile,False
27.78,transfer,online,Tokyo,mobile,False
28.68,transfer,online,Tokyo,atm,False
925.11,deposit,online,Tokyo,atm,False
289.71,deposit,entertainment,Tokyo,atm,False
1092.1,deposit,online,New York,mobile,False
6.68,transfer,online,New York,atm,False
32.54,transfer,online,Tokyo,mobile,False
40.82,transfer,online,Tokyo,mobile,False
241.32,deposit,entertainment,Tokyo,mobile,False
1071.04,deposit,online,New York,atm,False
20.78,transfer,entertainment,New York,mobile,False
17.31,transfer,entertainment,Tokyo,atm,False
918.54,deposit,online,New York,atm,False
23.96,transfer,online,Tokyo,mobile,False
13.89,transfer,entertainment,Tokyo,atm,False
1509.87,deposit,entertainment,Tokyo,mobile,False
163.02,deposit,online,Tokyo,atm,False
1137.24,deposit,entertainment,Tokyo,atm,False
2258.84,deposit,online,New York,atm,False
1626.39,deposit,entertainment,Tokyo,mobile,False
8.39,transfer,entertainment,Tokyo,atm,False
4.24,transfer,entertainment,New York,atm,False
6,transfer,entertainment,Tokyo,mobile,False
9.24,transfer,online,New York,atm,False
59.85,transfer,online,New York,mobile,False
22.68,transfer,online,New York,atm,False
9.77,transfer,online,Tokyo,mobile,True
1299.92,deposit,entertainment,Tokyo,atm,False
1406.39,deposit,online,New York,atm,False
1059.9,deposit,entertainment,New York,mobile,False
1120.78,deposit,online,Tokyo,atm,False
782.67,deposit,entertainment,Tokyo,mobile,False
1288.87,deposit,online,Tokyo,atm,False
37.59,transfer,online,Tokyo,atm,False
1460.14,deposit,online,New York,atm,False
660.29,deposit,entertainment,New York,mobile,False
1653.56,deposit,online,Tokyo,atm,False
16.56,transfer,entertainment,Tokyo,mobile,False
2009.36,deposit,entertainment,New York,mobile,False
966.21,deposit,entertainment,New York,atm,False
18.93,transfer,online,New York,atm,False
21.34,transfer,entertainment,New York,atm,False
911.46,deposit,entertainment,New York,atm,False
16.53,transfer,entertainment,New York,mobile,False
25.59,transfer,entertainment,Tokyo,atm,False
1270.29,deposit,entertainment,New York,mobile,False
1884.62,deposit,online,New York,atm,False
1163.9,deposit,entertainment,New York,atm,False
32.39,transfer,entertainment,New York,mobile,False
1379.73,deposit,entertainment,Tokyo,atm,False
10.33,transfer,entertainment,Tokyo,mobile,False
16.95,transfer,entertainment,New York,mobile,False
1003.63,deposit,online,Tokyo,mobile,False
22.86,transfer,entertainment,New York,atm,False
10.91,transfer,online,Tokyo,mobile,False
2237.14,deposit,entertainment,Tokyo,atm,False
35.64,transfer,online,New York,atm,False
30.38,transfer,entertainment,Tokyo,mobile,False
929.27,deposit,entertainment,New York,mobile,False
19.82,transfer,entertainment,New York,mobile,False
1747.09,deposit,online,Tokyo,mobile,False
28.71,transfer,online,New York,atm,False
684.48,deposit,online,Tokyo,mobile,False
20.12,transfer,online,Tokyo,atm,False
35.32,transfer,online,Tokyo,atm,False
627.05,deposit,entertainment,Tokyo,atm,False
23.97,transfer,online,Tokyo,atm,False
25.29,transfer,entertainment,New York,atm,False
12.32,transfer,online,Tokyo,mobile,False
1039.5,deposit,entertainment,New York,atm,False
4.66,transfer,entertainment,Tokyo,atm,False
1094.31,deposit,entertainment,New York,mobile,False
14.77,transfer,entertainment,New York,atm,False
1556.24,deposit,online,New York,atm,False
727.39,deposit,entertainment,New York,mobile,False
1080.74,deposit,entertainment,New York,mobile,False
10.64,transfer,online,New York,atm,False
18.73,transfer,entertainment,New York,mobile,False
3.9,transfer,entertainment,Tokyo,mobile,False
1600.45,deposit,online,New York,atm,True
19.13,transfer,online,Tokyo,atm,False
844.7,deposit,online,New York,atm,False
567.18,deposit,online,New York,atm,False
10.29,transfer,online,Tokyo,atm,False
12.28,transfer,entertainment,New York,atm,False
912.62,deposit,entertainment,New York,mobile,False
16.28,transfer,online,Tokyo,mobile,False
14.05,transfer,online,New York,mobile,False
9.93,transfer,online,Tokyo,atm,False
1702.52,deposit,online,Tokyo,mobile,False
40.37,transfer,entertainment,New York,atm,False
1437.89,deposit,online,Tokyo,atm,False
1915.7,deposit,entertainment,Tokyo,mobile,False
23.24,transfer,online,Tokyo,mobile,False
0.01,deposit,online,New York,atm,False
13.84,transfer,entertainment,New York,mobile,False
12.73,transfer,online,New York,mobile,False
1117.53,deposit,entertainment,Tokyo,mobile,False
57.74,transfer,entertainment,New York,mobile,False
1103.41,deposit,online,New York,atm,True
849.06,deposit,entertainment,New York,atm,False
1937.72,deposit,online,New York,atm,False
10.75,transfer,online,New York,atm,False
11.72,transfer,entertainment,New York,atm,False
39.7,transfer,online,New York,mobile,False
101.12,transfer,entertainment,Tokyo,atm,False
27.74,transfer,online,New York,mobile,False
7.71,transfer,entertainment,Tokyo,mobile,False
1282.05,deposit,online,New York,mobile,False
242.64,deposit,entertainment,Tokyo,mobile,False
17.02,transfer,online,New York,mobile,False
709.78,deposit,online,Tokyo,atm,False
16.78,transfer,online,Tokyo,mobile,False
17.74,transfer,entertainment,Tokyo,mobile,False
1105.98,deposit,online,Tokyo,mobile,False
14.27,transfer,online,New York,mobile,False
1372.09,deposit,online,New York,mobile,False
1672.72,deposit,entertainment,Tokyo,mobile,False
12.29,transfer,entertainment,Tokyo,mobile,False
11.1,transfer,entertainment,New York,mobile,False
10.22,transfer,online,Tokyo,atm,False
1116.11,deposit,entertainment,Tokyo,mobile,False
11.48,transfer,entertainment,New York,mobile,False
648.88,deposit,online,Tokyo,mobile,False
22.8,deposit,online,Tokyo,atm,True
25.25,transfer,online,New York,atm,False
1400.33,deposit,entertainment,Tokyo,atm,False
739.53,deposit,entertainment,New York,atm,False
1159.66,deposit,online,Tokyo,atm,False
1127.76,deposit,online,Tokyo,mobile,False
7.22,transfer,online,New York,atm,False
5.69,transfer,entertainment,New York,atm,False
629.85,deposit,online,New York,mobile,False
9.91,transfer,entertainment,New York,mobile,False
4.81,transfer,entertainment,Tokyo,mobile,False
10.11,transfer,entertainment,Tokyo,atm,False
1073.29,deposit,online,New York,mobile,False
18.26,transfer,entertainment,New York,atm,False
1593.62,deposit,online,New York,mobile,False
42.96,transfer,entertainment,Tokyo,mobile,False
1484.86,deposit,online,Tokyo,mobile,False
89.39,transfer,online,New York,mobile,False
1292.7,deposit,online,Tokyo,atm,False
1760.88,deposit,online,New York,atm,False
20.71,transfer,entertainment,Tokyo,atm,False
1802.66,deposit,entertainment,New York,atm,False
20.15,transfer,online,Tokyo,mobile,False
545.91,deposit,online,Tokyo,mobile,False
36.51,transfer,online,New York,atm,False
431,deposit,online,New York,mobile,False
390.82,deposit,entertainment,Tokyo,mobile,False
64.43,transfer,online,New York,atm,False
23.46,transfer,entertainment,Tokyo,mobile,False
17.85,transfer,online,Tokyo,mobile,False
593.99,deposit,entertainment,New York,atm,False
903.81,deposit,entertainment,Tokyo,mobile,False
35.71,transfer,entertainment,Tokyo,atm,False
29.14,transfer,entertainment,Tokyo,mobile,False
712.99,deposit,entertainment,New York,mobile,False
18.66,transfer,online,Tokyo,atm,False
634.44,deposit,entertainment,New York,mobile,False
20.97,transfer,entertainment,New York,atm,False
1176.69,deposit,online,Tokyo,mobile,False
7.35,transfer,entertainment,New York,mobile,False
21.5,transfer,online,New York,mobile,False
31.06,transfer,entertainment,New York,atm,False
1273.21,deposit,entertainment,Tokyo,atm,False
835.91,deposit,online,Tokyo,mobile,False
25.28,transfer,online,New York,atm,False
13.27,transfer,online,New York,atm,False
415.98,deposit,online,Tokyo,mobile,True
1223.7,deposit,entertainment,New York,atm,False
19.84,transfer,entertainment,Tokyo,atm,False
365.79,deposit,entertainment,New York,atm,False
1164.22,deposit,entertainment,New York,mobile,False
709.37,deposit,entertainment,Tokyo,atm,False
24.96,transfer,entertainment,New York,mobile,False
911.32,deposit,entertainment,Tokyo,atm,False
10.28,transfer,entertainment,New York,mobile,False
361.42,deposit,online,Tokyo,mobile,True
34.06,transfer,entertainment,New York,atm,False
64.68,transfer,online,New York,atm,False
40.94,deposit,online,New York,mobile,False
1780.39,deposit,online,Tokyo,mobile,False
7.13,transfer,entertainment,Tokyo,atm,False
9.68,transfer,online,New York,atm,False
540.04,deposit,online,New York,atm,False
1185.28,deposit,entertainment,New York,atm,False
22.1,transfer,online,Tokyo,atm,False
1430.08,deposit,online,New York,atm,False
32.93,transfer,online,New York,mobile,False
0.01,deposit,online,New York,atm,False
21.56,transfer,online,New York,mobile,False
30.96,transfer,online,New York,mobile,False
1256.61,deposit,entertainment,Tokyo,atm,False
573.98,deposit,online,New York,mobile,False
724.67,deposit,entertainment,New York,mobile,False
824.3,deposit,entertainment,Tokyo,atm,False
480.29,deposit,online,New York,atm,False
716.59,deposit,entertainment,New York,atm,False
39.5,transfer,entertainment,New York,atm,False
25.23,transfer,online,Tokyo,mobile,False
853.44,deposit,online,Tokyo,atm,False
867.46,deposit,online,Tokyo,atm,False
2124.96,deposit,entertainment,New York,mobile,False
454.7,deposit,entertainment,Tokyo,mobile,False
43.25,transfer,online,Tokyo,atm,False
53.44,deposit,online,New York,mobile,False
8.51,transfer,entertainment,Tokyo,mobile,False
28.15,transfer,entertainment,New York,mobile,False
21.47,transfer,online,Tokyo,mobile,False
25.48,transfer,entertainment,New York,atm,False
22.92,transfer,entertainment,Tokyo,mobile,False
19.62,transfer,online,Tokyo,atm,False
610.5,deposit,online,New York,atm,False
15.32,transfer,online,Tokyo,mobile,False
1860.07,deposit,online,Tokyo,atm,False
1326.58,deposit,online,New York,atm,False
24.7,transfer,online,New York,mobile,False
8.92,transfer,online,Tokyo,mobile,False
742.16,deposit,entertainment,New York,mobile,False
19.09,transfer,entertainment,New York,atm,False
23.36,transfer,online,Tokyo,mobile,False
10.7,transfer,online,Tokyo,mobile,False
1185.45,deposit,online,Tokyo,atm,False
133.23,deposit,online,New York,atm,False
14.61,transfer,entertainment,Tokyo,atm,False
81.45,transfer,online,New York,atm,False
46.81,transfer,entertainment,New York,mobile,False
30.93,transfer,online,New York,mobile,False
40.79,transfer,entertainment,Tokyo,atm,False
24.63,transfer,entertainment,New York,mobile,False
10.81,transfer,online,Tokyo,atm,False
23.24,transfer,online,New York,mobile,False
928.78,deposit,entertainment,New York,atm,False
428.17,deposit,online,Tokyo,atm,False
840.06,deposit,online,New York,mobile,False
844.7,deposit,online,Tokyo,atm,False
41.76,transfer,online,Tokyo,mobile,False
76.04,transfer,entertainment,Tokyo,atm,False
41.35,transfer,entertainment,New York,atm,False
478.18,deposit,online,New York,mobile,False
24.92,transfer,online,New York,atm,False
1732.84,deposit,entertainment,New York,atm,False
7.11,transfer,online,Tokyo,mobile,False
8.58,transfer,entertainment,Tokyo,mobile,False
12.37,transfer,online,Tokyo,atm,False
11.12,transfer,online,Tokyo,atm,False
4.06,transfer,entertainment,Tokyo,mobile,False
2486.06,deposit,online,New York,atm,False
16.15,transfer,entertainment,New York,mobile,False
1000.46,deposit,entertainment,Tokyo,atm,False
1692.1,deposit,entertainment,New York,mobile,False
28.78,transfer,online,New York,atm,False
888.23,deposit,online,New York,atm,False
1161.87,deposit,online,New York,atm,False
22.43,transfer,entertainment,Tokyo,atm,True
68.75,transfer,online,Tokyo,mobile,False
1121.18,deposit,online,New York,mobile,False
21.51,transfer,online,New York,atm,False
19.1,transfer,entertainment,New York,atm,False
994.57,deposit,online,Tokyo,mobile,False
6.06,transfer,online,New York,atm,False
1474.21,deposit,entertainment,New York,atm,False
861.96,deposit,online,Tokyo,mobile,False
37.09,transfer,entertainment,New York,atm,False
18.67,transfer,online,Tokyo,atm,False
884.74,deposit,online,New York,mobile,False
25.4,transfer,online,Tokyo,atm,False
29.11,transfer,entertainment,Tokyo,mobile,False
562.24,deposit,online,Tokyo,mobile,False
29.12,transfer,online,Tokyo,mobile,False
408.43,deposit,online,New York,mobile,False
69.69,transfer,online,New York,mobile,False
0.01,deposit,entertainment,New York,mobile,False
1095.81,deposit,online,New York,mobile,False
968.58,deposit,online,New York,atm,False
40.76,transfer,entertainment,Tokyo,atm,False
9.62,transfer,online,New York,atm,False
0.01,deposit,online,Tokyo,mobile,False
105.89,transfer,online,New York,atm,False
34.75,transfer,online,New York,mobile,False
5.4,transfer,entertainment,New York,atm,False
1322.9,deposit,online,Tokyo,atm,False
0.01,deposit,online,Tokyo,atm,False
521.12,deposit,online,New York,atm,False
9.51,transfer,online,Tokyo,atm,False
14.2,transfer,online,New York,mobile,False
1725.87,deposit,entertainment,New York,atm,False
1526.76,deposit,entertainment,New York,mobile,False
1070.68,deposit,entertainment,New York,atm,False
353.85,deposit,online,New York,mobile,False
1107.77,deposit,online,New York,mobile,False
171.31,deposit,entertainment,New York,atm,False
26.65,deposit,online,New York,atm,False
14.81,transfer,entertainment,New York,mobile,False
12.05,transfer,entertainment,New York,atm,False
5.26,transfer,entertainment,Tokyo,atm,False
20.9,transfer,entertainment,Tokyo,mobile,False
7.49,transfer,entertainment,Tokyo,mobile,False
1310.88,deposit,online,Tokyo,atm,False
1452.51,deposit,online,New York,atm,False
26.63,transfer,entertainment,New York,atm,False
25.56,transfer,online,Tokyo,mobile,False
21.56,transfer,online,New York,atm,False
1834.23,deposit,entertainment,New York,atm,False
1405.11,deposit,online,Tokyo,mobile,False
996.74,deposit,online,Tokyo,atm,False
1203.71,deposit,entertainment,New York,atm,False
782.92,deposit,entertainment,New York,mobile,False
6.89,transfer,entertainment,New York,atm,True
19.37,transfer,entertainment,Tokyo,atm,False
915.94,deposit,online,Tokyo,mobile,False
44.72,transfer,online,Tokyo,mobile,False
16.02,transfer,entertainment,Tokyo,mobile,False
1583.19,deposit,entertainment,Tokyo,mobile,False
6.3,transfer,online,New York,atm,False
31.83,transfer,entertainment,Tokyo,atm,False
1172.86,deposit,online,Tokyo,atm,False
1026.14,deposit,entertainment,New York,atm,False
3.07,transfer,online,Tokyo,atm,False
14.55,transfer,online,New York,mobile,True
699.75,deposit,online,Tokyo,atm,False
1673.84,deposit,online,Tokyo,atm,False
0.01,deposit,entertainment,Tokyo,atm,False
6.05,transfer,online,Tokyo,mobile,False
810.67,deposit,online,Tokyo,mobile,False
1602.35,deposit,online,Tokyo,atm,False
764.03,deposit,entertainment,Tokyo,mobile,False
1566.03,deposit,entertainment,New York,atm,False
0.01,deposit,online,Tokyo,mobile,False
413.61,deposit,online,New York,atm,False
1150.41,deposit,online,Tokyo,atm,False
12.16,transfer,entertainment,New York,mobile,False
0.01,deposit,online,New York,mobile,False
1707.2,deposit,online,New York,mobile,False
16.75,transfer,entertainment,Tokyo,mobile,False
18.96,transfer,entertainment,New York,atm,False
21.87,transfer,entertainment,New York,mobile,False
76.57,transfer,entertainment,Tokyo,atm,False
432.06,deposit,entertainment,Tokyo,mobile,False
1238.02,deposit,entertainment,New York,atm,False
39.73,transfer,entertainment,Tokyo,atm,False
22.05,transfer,online,Tokyo,mobile,False
21.83,transfer,online,Tokyo,mobile,False
22.43,transfer,entertainment,New York,atm,False
11.98,transfer,online,Tokyo,mobile,False
21.08,transfer,online,Tokyo,atm,False
39.58,transfer,entertainment,Tokyo,atm,False
52.41,transfer,entertainment,New York,mobile,False
16.39,transfer,online,New York,atm,False
1156.4,deposit,online,New York,atm,False
685.38,deposit,entertainment,Tokyo,mobile,False
139.17,transfer,entertainment,New York,mobile,False
23.88,transfer,online,New York,mobile,False
25.54,transfer,online,Tokyo,mobile,False
26.51,transfer,online,Tokyo,mobile,False
24.16,transfer,entertainment,New York,mobile,False
25.87,transfer,online,Tokyo,atm,False
60.68,transfer,online,New York,atm,False
0.01,deposit,online,New York,mobile,False
15.89,transfer,entertainment,Tokyo,atm,False
35.08,transfer,online,Tokyo,atm,False
3.73,transfer,online,Tokyo,atm,False
1306.13,deposit,entertainment,Tokyo,mobile,False
586.71,deposit,entertainment,New York,atm,False
801.35,deposit,entertainment,New York,atm,False
1867.58,deposit,online,Tokyo,mobile,False
14.22,transfer,entertainment,Tokyo,mobile,False
1445.93,deposit,online,New York,atm,False
1935.93,deposit,online,Tokyo,atm,False
823.49,deposit,online,New York,atm,False
15.6,transfer,online,New York,mobile,False
919.74,deposit,online,Tokyo,mobile,False
5.62,transfer,entertainment,Tokyo,atm,False
842,deposit,online,Tokyo,atm,False
22.11,transfer,entertainment,New York,atm,False
15.74,transfer,online,New York,atm,False
22.31,transfer,online,New York,mobile,False
516.89,deposit,online,Tokyo,atm,False
235.69,deposit,entertainment,New York,atm,False
30.6,transfer,online,New York,mobile,False
24.13,transfer,online,New York,mobile,False
559.29,deposit,online,Tokyo,atm,False
5.98,transfer,online,Tokyo,atm,False
1972.14,deposit,online,Tokyo,atm,False
1176.84,deposit,entertainment,New York,atm,False
1027.05,deposit,online,New York,mobile,False
1472.57,deposit,entertainment,Tokyo,atm,False
1023.97,deposit,online,Tokyo,mobile,False
0.01,deposit,entertainment,New York,atm,False
369.08,deposit,entertainment,New York,mobile,False
1995.77,deposit,entertainment,Tokyo,atm,False
952.34,deposit,entertainment,Tokyo,atm,False
14.57,transfer,online,New York,atm,False
353.72,deposit,entertainment,New York,atm,False
19.86,transfer,online,New York,atm,False
5.39,transfer,online,New York,atm,False
9.15,transfer,entertainment,Tokyo,mobile,False
731.68,deposit,online,Tokyo,mobile,False
1205.69,deposit,online,New York,atm,False
1574.78,deposit,entertainment,Tokyo,atm,False
1083.07,deposit,online,Tokyo,atm,False
13.02,transfer,online,New York,mobile,False
45.18,transfer,entertainment,Tokyo,atm,False
1619.01,deposit,entertainment,Tokyo,atm,False
62.25,transfer,entertainment,New York,mobile,False
23.21,transfer,entertainment,Tokyo,atm,False
1693.68,deposit,entertainment,Tokyo,atm,False
22.6,transfer,online,Tokyo,atm,False
251.85,deposit,entertainment,Tokyo,atm,False
1775.52,deposit,online,New York,mobile,False
15.25,transfer,online,New York,mobile,False
14.83,transfer,entertainment,New York,atm,False
17.63,transfer,entertainment,New York,atm,False
11.57,transfer,entertainment,New York,mobile,False
517.59,deposit,entertainment,New York,mobile,False
1382.13,deposit,online,Tokyo,mobile,False
853.09,deposit,entertainment,New York,mobile,False
37.45,transfer,entertainment,New York,atm,False
10.84,transfer,entertainment,Tokyo,mobile,False
520.63,deposit,online,New York,mobile,False
364.92,deposit,entertainment,Tokyo,atm,False
772.76,deposit,online,New York,atm,False
351.01,deposit,entertainment,New York,mobile,False
1294.48,deposit,online,New York,atm,False
11.64,transfer,entertainment,New York,mobile,False
11.38,transfer,online,New York,atm,False
29.98,transfer,entertainment,New York,mobile,False
0.01,deposit,entertainment,New York,atm,False
1456.77,deposit,entertainment,New York,atm,False
838.92,deposit,entertainment,Tokyo,mobile,False
12.41,transfer,online,Tokyo,atm,False
16.2,transfer,entertainment,Tokyo,atm,False
1550.31,deposit,online,New York,mobile,False
31.66,transfer,online,New York,atm,False
1834.11,deposit,entertainment,Tokyo,atm,False
32.86,transfer,online,Tokyo,mobile,False
1182.74,deposit,online,New York,mobile,False
13.16,transfer,online,Tokyo,mobile,False
547.29,deposit,online,Tokyo,atm,False
473.47,deposit,entertainment,New York,atm,False
17.47,transfer,entertainment,New York,mobile,False
10.82,transfer,online,New York,atm,False
2035.11,deposit,online,Tokyo,mobile,False
14.69,transfer,entertainment,Tokyo,atm,False
8.35,transfer,entertainment,Tokyo,atm,False
1663.82,deposit,online,Tokyo,atm,False
0.01,deposit,online,Tokyo,atm,False
19.86,transfer,online,Tokyo,atm,False
1631.08,deposit,online,Tokyo,mobile,False
1416.96,deposit,online,New York,mobile,False
18.88,transfer,online,New York,mobile,False
27.33,transfer,online,Tokyo,mobile,False
1144.79,deposit,online,Tokyo,atm,False
0.01,deposit,online,Tokyo,atm,False
39.12,transfer,entertainment,Tokyo,atm,False
744.87,deposit,online,Tokyo,mobile,False
23.25,transfer,entertainment,New York,mobile,False
47.95,transfer,entertainment,New York,mobile,False
5.64,transfer,online,New York,mobile,False
1415.23,deposit,online,New York,atm,False
12.68,transfer,entertainment,Tokyo,mobile,False
718.41,deposit,online,Tokyo,mobile,False
11.04,transfer,online,New York,atm,False
357.05,deposit,entertainment,New York,mobile,False
1018.14,deposit,online,Tokyo,atm,False
117.72,transfer,online,New York,atm,False
587.51,deposit,online,New York,atm,False
44.67,transfer,entertainment,Tokyo,mobile,False
639.15,deposit,online,Tokyo,atm,False
1061.15,deposit,entertainment,Tokyo,mobile,False
1809.04,deposit,entertainment,New York,atm,False
807.47,deposit,entertainment,New York,mobile,False
53.49,transfer,entertainment,Tokyo,atm,False
397.83,deposit,entertainment,Tokyo,mobile,False
81.35,transfer,entertainment,New York,mobile,False
121.21,transfer,entertainment,Tokyo,atm,False
18.46,transfer,online,Tokyo,atm,False
23.89,transfer,entertainment,Tokyo,atm,False
26.8,transfer,online,Tokyo,atm,True
466.58,deposit,entertainment,New York,atm,False
487.49,deposit,online,Tokyo,atm,False
23.55,deposit,entertainment,New York,mobile,False
8.02,transfer,online,New York,mobile,False
24.95,transfer,online,New York,mobile,False
20.98,transfer,entertainment,Tokyo,mobile,False
10.79,transfer,online,Tokyo,mobile,False
24.72,transfer,entertainment,Tokyo,atm,False
4.65,transfer,entertainment,New York,atm,False
5.39,transfer,entertainment,New York,mobile,False
1493.28,deposit,entertainment,New York,atm,False
35.08,transfer,entertainment,Tokyo,atm,False
22.44,transfer,online,Tokyo,mobile,False
1290.02,deposit,entertainment,New York,mobile,False
55,transfer,online,New York,mobile,False
19.11,transfer,online,Tokyo,mobile,False
1898.84,deposit,online,New York,mobile,False
21.57,transfer,entertainment,New York,mobile,False
1779.29,deposit,online,New York,mobile,False
106.18,transfer,online,New York,atm,False
14.09,transfer,online,New York,atm,False
28.85,transfer,entertainment,Tokyo,atm,False
42.86,transfer,entertainment,New York,mobile,False
1181.11,deposit,online,New York,atm,False
1584.58,deposit,online,New York,mobile,False
3.68,transfer,entertainment,New York,mobile,False
50.38,transfer,entertainment,Tokyo,mobile,False
1098.27,deposit,online,Tokyo,atm,False
0.01,deposit,online,New York,atm,False
1827.21,deposit,entertainment,New York,atm,False
414.57,deposit,entertainment,Tokyo,mobile,False
1091.61,deposit,online,New York,atm,False
16.67,transfer,entertainment,New York,mobile,False
15.06,transfer,online,New York,atm,False
1349.93,deposit,entertainment,New York,mobile,False
15.81,transfer,online,New York,atm,False
172.86,deposit,entertainment,Tokyo,mobile,False
33.74,transfer,online,New York,mobile,False
941.69,deposit,online,Tokyo,mobile,False
991.97,deposit,online,Tokyo,mobile,False
1692.41,deposit,online,Tokyo,atm,False
1026.37,deposit,online,Tokyo,atm,False
25.44,transfer,entertainment,New York,mobile,False
0.01,deposit,online,Tokyo,mobile,False
62.76,transfer,entertainment,Tokyo,mobile,False
1452.54,deposit,online,Tokyo,atm,False
21.42,transfer,online,Tokyo,atm,False
8.99,transfer,online,New York,atm,False
581.79,deposit,online,Tokyo,mobile,False
1589.8,deposit,online,New York,mobile,False
924.71,deposit,online,New York,mobile,False
30.75,transfer,entertainment,New York,mobile,False
12.62,transfer,entertainment,Tokyo,atm,False
707.08,deposit,online,New York,atm,False
998.86,deposit,online,New York,mobile,False
7.35,transfer,entertainment,Tokyo,mobile,False
18.5,transfer,entertainment,New York,atm,False
4.94,transfer,online,Tokyo,atm,False
1006.65,deposit,entertainment,New York,atm,False
1407.4,deposit,online,Tokyo,atm,False
35.13,transfer,online,New York,mobile,False
647.73,deposit,entertainment,New York,atm,False
1461.75,deposit,entertainment,Tokyo,mobile,False
937.87,deposit,online,Tokyo,mobile,False
290.65,deposit,entertainment,Tokyo,atm,False
14.67,transfer,entertainment,Tokyo,mobile,False
30.93,transfer,entertainment,Tokyo,atm,False
17.52,transfer,online,Tokyo,mobile,False
19.95,transfer,online,Tokyo,atm,False
2180.82,deposit,online,Tokyo,atm,False
5.64,transfer,entertainment,New York,atm,False
18.74,transfer,entertainment,Tokyo,atm,False
252.42,deposit,entertainment,Tokyo,atm,False
0.01,deposit,entertainment,Tokyo,mobile,False
23.94,transfer,entertainment,New York,atm,False
517.35,deposit,entertainment,New York,atm,False
13.4,transfer,online,New York,mobile,False
748.69,deposit,entertainment,Tokyo,mobile,False
1368.62,deposit,entertainment,Tokyo,mobile,False
951.58,deposit,online,Tokyo,atm,False
74.62,transfer,entertainment,Tokyo,atm,False
1292.5,deposit,entertainment,Tokyo,atm,False
40.33,transfer,entertainment,Tokyo,atm,False
17.32,transfer,online,New York,atm,False
1591.7,deposit,entertainment,New York,mobile,False
11.65,transfer,online,Tokyo,atm,False
260.65,deposit,entertainment,New York,atm,False
804.01,deposit,online,New York,atm,False
18.53,transfer,online,Tokyo,atm,False
13.29,transfer,online,New York,atm,False
28.84,transfer,entertainment,Tokyo,mobile,False
11.63,transfer,online,Tokyo,atm,False
913.96,deposit,online,Tokyo,mobile,False
557.15,deposit,entertainment,Tokyo,mobile,False
1083.54,deposit,entertainment,New York,atm,False
16.23,transfer,entertainment,Tokyo,atm,False
1179.85,deposit,entertainment,Tokyo,mobile,False
406.01,deposit,online,New York,mobile,False
291.39,deposit,online,Tokyo,mobile,False
23.26,transfer,entertainment,Tokyo,atm,False
846.96,deposit,online,Tokyo,mobile,False
9.82,transfer,online,Tokyo,mobile,False
1318.46,deposit,entertainment,New York,mobile,False
5.96,transfer,online,New York,atm,False
980.33,deposit,online,Tokyo,atm,False
51.83,transfer,entertainment,Tokyo,atm,False
24.25,transfer,online,New York,mobile,False
1514.39,deposit,online,New York,atm,False
1020.85,deposit,online,New York,atm,False
34.19,transfer,online,Tokyo,atm,False
14.29,transfer,entertainment,New York,mobile,False
67.1,transfer,entertainment,Tokyo,mobile,False
25.66,transfer,online,Tokyo,atm,False
14.68,transfer,entertainment,Tokyo,atm,False
1233.06,deposit,entertainment,Tokyo,atm,False
1344.49,deposit,entertainment,Tokyo,atm,False
1208.95,deposit,online,New York,atm,False
35.17,transfer,entertainment,New York,atm,False
18.61,transfer,online,Tokyo,atm,False
1465.11,deposit,entertainment,New York,mobile,False
28.03,transfer,entertainment,Tokyo,atm,False
22.06,transfer,online,New York,mobile,False
12.03,transfer,online,Tokyo,atm,False
435.19,deposit,entertainment,New York,atm,False
3.84,transfer,entertainment,New York,atm,False
11.23,transfer,online,Tokyo,mobile,False
1540.17,deposit,online,New York,mobile,False
4.73,transfer,online,New York,atm,False
17.58,transfer,entertainment,Tokyo,atm,False
1048.99,deposit,online,Tokyo,mobile,False
335.32,deposit,online,New York,mobile,False
9.94,transfer,online,Tokyo,atm,False
830.56,deposit,online,New York,mobile,False
14.18,transfer,online,New York,atm,False
1662.44,deposit,online,New York,mobile,False
11.07,transfer,entertainment,New York,mobile,True
741.07,deposit,entertainment,New York,mobile,False
13.8,transfer,online,Tokyo,mobile,False
254.17,deposit,online,Tokyo,mobile,False
12.05,transfer,online,Tokyo,mobile,False
5.2,transfer,entertainment,New York,mobile,False
9.22,transfer,online,New York,mobile,False
1448.02,deposit,online,New York,mobile,False
29.41,transfer,entertainment,New York,atm,False
23.79,transfer,entertainment,New York,atm,False
1306.33,deposit,entertainment,Tokyo,atm,False
15.16,transfer,online,New York,atm,False
17.49,transfer,entertainment,Tokyo,atm,False
20.01,transfer,entertainment,Tokyo,mobile,False
1162.38,deposit,entertainment,New York,mobile,False
22.16,transfer,entertainment,New York,atm,False
16.94,transfer,online,Tokyo,atm,True
1016.24,deposit,online,New York,mobile,False
20.12,transfer,entertainment,New York,mobile,False
731.92,deposit,entertainment,Tokyo,atm,False
6.44,transfer,online,New York,atm,False
26.5,transfer,online,Tokyo,mobile,False
4.54,transfer,online,New York,atm,False
209.8,deposit,online,New York,mobile,False
1275.64,deposit,entertainment,New York,atm,False
17.01,transfer,entertainment,New York,mobile,False
6.98,transfer,entertainment,New York,mobile,False
8.2,transfer,entertainment,Tokyo,mobile,False
19,transfer,online,New York,atm,False
10.02,transfer,entertainment,Tokyo,atm,False
49.71,transfer,online,New York,mobile,False
17.27,transfer,entertainment,Tokyo,atm,False
28.17,transfer,entertainment,New York,atm,False
9.42,transfer,online,Tokyo,atm,False
7.34,transfer,online,New York,atm,False
15.41,transfer,online,New York,mobile,False
722.28,deposit,entertainment,New York,mobile,False
465.55,deposit,entertainment,Tokyo,atm,False
58.65,transfer,online,New York,atm,False
928.1,deposit,entertainment,New York,mobile,False
28.57,transfer,online,New York,atm,False
711.52,deposit,entertainment,New York,atm,False
20.51,transfer,online,New York,mobile,False
13.63,transfer,online,New York,atm,False
52.14,transfer,entertainment,New York,atm,False
890.08,deposit,entertainment,Tokyo,mobile,False
18.81,transfer,online,New York,atm,False
11.5,transfer,online,Tokyo,atm,False
1021.23,deposit,entertainment,Tokyo,mobile,False
1501.39,deposit,online,New York,mobile,False
33.19,transfer,entertainment,New York,mobile,False
886.23,deposit,entertainment,New York,atm,False
905.27,deposit,online,Tokyo,mobile,False
832.65,deposit,entertainment,Tokyo,atm,False
1498.87,deposit,online,Tokyo,atm,False
1294.13,deposit,online,New York,atm,False
27.42,transfer,online,New York,mobile,False
545.04,deposit,entertainment,New York,mobile,False
24.12,transfer,entertainment,Tokyo,mobile,False
1170,deposit,entertainment,New York,mobile,False
720.07,deposit,online,Tokyo,mobile,False
1115.89,deposit,entertainment,Tokyo,mobile,False
627.35,deposit,online,New York,atm,False
10.83,transfer,online,Tokyo,atm,False
67.65,transfer,online,Tokyo,atm,False
1661.34,deposit,online,Tokyo,mobile,False
22.35,transfer,online,Tokyo,mobile,False
1982,deposit,online,New York,atm,False
894.6,deposit,online,New York,mobile,False
1350.72,deposit,online,Tokyo,mobile,False
584.17,deposit,entertainment,Tokyo,mobile,False
792.58,deposit,entertainment,Tokyo,atm,False
881.83,deposit,online,Tokyo,mobile,False
34.46,transfer,entertainment,New York,mobile,False
24.59,transfer,online,New York,atm,False
1645.11,deposit,entertainment,Tokyo,mobile,False
7.52,transfer,entertainment,Tokyo,mobile,False
1112.83,deposit,online,Tokyo,atm,False
859.58,deposit,online,Tokyo,mobile,False
17.57,transfer,entertainment,Tokyo,atm,False
550.18,deposit,entertainment,Tokyo,atm,False
22.44,transfer,entertainment,Tokyo,atm,False
749.29,deposit,entertainment,Tokyo,mobile,False
1010.38,deposit,entertainment,Tokyo,atm,False
25.37,transfer,online,New York,atm,False
1422.41,deposit,entertainment,Tokyo,mobile,False
586.46,deposit,entertainment,New York,mobile,False
627.61,deposit,online,New York,atm,False
2173.4,deposit,online,Tokyo,atm,False
6.19,transfer,online,Tokyo,mobile,False
11.86,transfer,online,Tokyo,mobile,False
1536.1,deposit,online,New York,mobile,False
5.93,transfer,online,New York,mobile,False
1365.21,deposit,entertainment,Tokyo,atm,False
6.56,transfer,online,Tokyo,atm,False
1541.96,deposit,entertainment,Tokyo,mobile,False
438.21,deposit,online,Tokyo,atm,False
10.96,transfer,entertainment,Tokyo,atm,False
750.77,deposit,online,Tokyo,mobile,False
61.92,transfer,online,New York,mobile,False
7.07,transfer,entertainment,Tokyo,atm,False
58.27,transfer,online,New York,mobile,False
27.56,transfer,entertainment,New York,atm,True
25.74,transfer,entertainment,Tokyo,mobile,False
15.21,transfer,online,Tokyo,mobile,False
48.8,transfer,entertainment,New York,atm,False
565.11,deposit,entertainment,New York,atm,False
606.85,deposit,online,Tokyo,atm,False
772,deposit,entertainment,Tokyo,atm,False
812.34,deposit,online,Tokyo,atm,False
11.93,transfer,entertainment,New York,atm,False
895.88,deposit,entertainment,New York,mobile,False
2207.6,deposit,entertainment,Tokyo,atm,False
35.64,transfer,entertainment,New York,mobile,False
814.45,deposit,entertainment,New York,atm,False
798.09,deposit,entertainment,Tokyo,mobile,True
1125.21,deposit,entertainment,New York,atm,False
1404.81,deposit,entertainment,Tokyo,atm,False
1083.76,deposit,entertainment,New York,mobile,False
5.18,transfer,online,Tokyo,atm,False
304.97,deposit,entertainment,Tokyo,mobile,False
800.46,deposit,entertainment,New York,mobile,False
4.73,transfer,entertainment,Tokyo,mobile,False
17.3,transfer,entertainment,New York,mobile,False
771.44,deposit,online,Tokyo,atm,False
19.35,transfer,online,Tokyo,atm,False
7.46,transfer,online,Tokyo,mobile,False
1431.36,deposit,online,New York,mobile,False
1009.92,deposit,online,New York,mobile,False
22.1,transfer,entertainment,New York,mobile,False
11.38,transfer,entertainment,Tokyo,mobile,False
505.16,deposit,online,New York,mobile,False
1207.73,deposit,online,New York,atm,False
18.53,transfer,entertainment,Tokyo,mobile,False
692.17,deposit,online,Tokyo,mobile,False
1141.08,deposit,entertainment,Tokyo,atm,False
506.72,deposit,online,Tokyo,mobile,False
577.26,deposit,entertainment,Tokyo,atm,False
16.93,transfer,entertainment,Tokyo,atm,False
26.47,transfer,online,Tokyo,mobile,False
1515.74,deposit,online,New York,mobile,False
737.29,deposit,entertainment,Tokyo,atm,False
933.46,deposit,online,Tokyo,atm,False
11.5,transfer,entertainment,New York,atm,False
1050.48,deposit,online,Tokyo,mobile,False
32.3,transfer,online,Tokyo,mobile,False
937.6,deposit,online,New York,mobile,False
13.55,transfer,online,Tokyo,atm,False
9.92,transfer,online,Tokyo,atm,False
42.94,transfer,online,New York,atm,True
32.31,transfer,online,New York,mobile,False
13.14,transfer,online,Tokyo,atm,False
930.92,deposit,entertainment,Tokyo,atm,False
21.29,transfer,online,Tokyo,mobile,False
1145.36,deposit,entertainment,New York,atm,False
1120.56,deposit,online,Tokyo,atm,False
0.01,deposit,entertainment,New York,mobile,True
2.74,transfer,entertainment,New York,mobile,False
1436.12,deposit,online,New York,mobile,False
25.64,transfer,online,Tokyo,atm,False
7.82,transfer,online,New York,atm,False
972.24,deposit,online,New York,mobile,False
1876.84,deposit,online,New York,mobile,False
3.67,transfer,online,New York,mobile,False
219.91,transfer,online,New York,atm,False
476.06,deposit,online,Tokyo,mobile,False
10.82,transfer,online,New York,mobile,False
15.24,transfer,online,Tokyo,atm,False
1481.61,deposit,online,New York,atm,False
24.86,transfer,entertainment,Tokyo,mobile,False
22.77,transfer,online,Tokyo,atm,False
63.98,transfer,entertainment,Tokyo,mobile,False
129.97,transfer,online,Tokyo,mobile,False
910.88,deposit,entertainment,Tokyo,mobile,False
5.36,transfer,entertainment,Tokyo,mobile,False
1144.92,deposit,entertainment,New York,mobile,False
26.02,transfer,entertainment,Tokyo,mobile,False
391.31,deposit,online,New York,atm,False
7.38,transfer,online,Tokyo,mobile,False
22.82,transfer,entertainment,Tokyo,atm,False
911.6,deposit,entertainment,Tokyo,atm,False
22.49,transfer,entertainment,New York,mobile,False
22.56,transfer,entertainment,Tokyo,atm,False
945.14,deposit,entertainment,New York,atm,False
26.8,transfer,entertainment,New York,atm,False
1218.38,deposit,online,New York,mobile,False
29.64,transfer,entertainment,Tokyo,atm,False
899.79,deposit,entertainment,New York,mobile,False
8.22,transfer,entertainment,Tokyo,mobile,False
2212.1,deposit,entertainment,Tokyo,mobile,False
1526.77,deposit,online,Tokyo,mobile,False
1792.48,deposit,entertainment,Tokyo,mobile,False
3.34,transfer,online,New York,mobile,False
955.85,deposit,entertainment,Tokyo,atm,False
57.94,transfer,online,Tokyo,mobile,False
25.6,transfer,entertainment,Tokyo,atm,False
1023.86,deposit,online,Tokyo,mobile,False
45.86,transfer,entertainment,New York,atm,False
27.4,transfer,entertainment,New York,atm,False
2285.36,deposit,online,New York,atm,False
1100.28,deposit,entertainment,New York,mobile,False
1183.38,deposit,online,New York,atm,False
432.16,deposit,online,Tokyo,mobile,False
5.59,transfer,online,Tokyo,atm,False
59.62,transfer,entertainment,New York,atm,False
8.31,transfer,entertainment,Tokyo,atm,False
1000.16,deposit,online,Tokyo,atm,False
854.9,deposit,entertainment,New York,atm,False
13.5,transfer,entertainment,Tokyo,atm,False
1273.27,deposit,entertainment,New York,atm,False
17.49,transfer,online,Tokyo,mobile,False
22.09,transfer,entertainment,Tokyo,atm,False
20.16,transfer,online,Tokyo,mobile,False
13.99,transfer,entertainment,Tokyo,mobile,False
1128.65,deposit,online,New York,mobile,False
1163.01,deposit,online,New York,atm,False
805.66,deposit,online,Tokyo,mobile,False
27.32,transfer,entertainment,Tokyo,atm,False
33.97,transfer,online,Tokyo,mobile,False
14.03,transfer,online,Tokyo,mobile,False
118.54,transfer,online,Tokyo,atm,False
1024.4,deposit,online,Tokyo,atm,False
17.66,transfer,entertainment,New York,mobile,False
1062.52,deposit,online,New York,mobile,False
1250.28,deposit,online,Tokyo,mobile,True
2139.21,deposit,online,Tokyo,atm,False
412.7,deposit,online,Tokyo,atm,False
32.19,transfer,entertainment,New York,atm,False
27.51,transfer,online,New York,atm,False
1477.41,deposit,online,Tokyo,mobile,False
1227.93,deposit,entertainment,New York,mobile,False
1336.97,deposit,online,New York,mobile,False
1663.7,deposit,entertainment,Tokyo,mobile,False
40.72,transfer,entertainment,New York,atm,False
20.62,transfer,entertainment,Tokyo,mobile,False
811.96,deposit,online,New York,mobile,False
1629.68,deposit,entertainment,New York,atm,False
499.32,deposit,entertainment,New York,mobile,False
721.21,deposit,entertainment,Tokyo,atm,False
598.27,deposit,online,New York,atm,False
10.05,transfer,online,New York,mobile,False
1851.48,deposit,online,New York,mobile,False
21.85,transfer,online,Tokyo,mobile,False
646.6,deposit,entertainment,New York,atm,False
0.01,deposit,entertainment,New York,mobile,False
1207.13,deposit,online,Tokyo,mobile,False
14.13,transfer,entertainment,New York,atm,False
740.85,deposit,entertainment,New York,mobile,False
1456.3,deposit,online,Tokyo,mobile,False
16.88,transfer,entertainment,Tokyo,mobile,True
745.51,deposit,entertainment,New York,atm,False
12.87,transfer,entertainment,Tokyo,mobile,False
75.3,transfer,online,Tokyo,atm,False
178.64,deposit,entertainment,New York,mobile,False
1861.16,deposit,entertainment,Tokyo,mobile,False
0.01,deposit,entertainment,Tokyo,atm,False
1231.87,deposit,entertainment,Tokyo,mobile,False
49.94,transfer,online,Tokyo,atm,False
15.04,transfer,entertainment,New York,atm,False
9.54,transfer,online,Tokyo,mobile,False
39.82,transfer,online,New York,atm,True
13.22,transfer,entertainment,New York,atm,False
874.44,deposit,entertainment,Tokyo,mobile,False
1257,deposit,entertainment,Tokyo,atm,False
1200.47,deposit,entertainment,Tokyo,mobile,False
1635.98,deposit,online,Tokyo,mobile,False
7.89,transfer,online,New York,atm,False
18.9,transfer,entertainment,New York,atm,False
733.91,deposit,entertainment,Tokyo,atm,False
1215.71,deposit,online,New York,mobile,False
10.41,transfer,online,Tokyo,mobile,False
48.32,transfer,entertainment,New York,atm,False
1710.12,deposit,online,Tokyo,atm,False
522.2,deposit,online,Tokyo,mobile,False
955.9,deposit,entertainment,Tokyo,mobile,False
33.56,transfer,online,New York,atm,False
9.69,transfer,entertainment,New York,atm,False
14.06,transfer,entertainment,New York,mobile,False
14.15,transfer,entertainment,New York,mobile,False
170.67,deposit,entertainment,New York,mobile,False
38.58,transfer,entertainment,Tokyo,atm,False
9,transfer,online,New York,atm,False
1325.66,deposit,online,New York,mobile,False
59.95,transfer,online,Tokyo,atm,False
944,deposit,entertainment,Tokyo,mobile,False
271.42,deposit,entertainment,New York,atm,False
22.72,transfer,entertainment,New York,mobile,False
933.14,deposit,online,New York,atm,False
22.64,transfer,online,New York,atm,False
17.06,transfer,entertainment,Tokyo,atm,False
1518.75,deposit,online,New York,atm,False
1058.93,deposit,entertainment,Tokyo,mobile,False
23.53,transfer,online,Tokyo,atm,False
44.1,transfer,entertainment,Tokyo,mobile,False
39.38,transfer,online,New York,atm,False
43.46,transfer,entertainment,New York,atm,False
1243.08,deposit,entertainment,New York,mobile,False
11.89,transfer,entertainment,New York,mobile,False
1527.86,deposit,entertainment,New York,mobile,False
48.42,transfer,entertainment,New York,atm,False
1053.36,deposit,online,Tokyo,mobile,False
1023.76,deposit,entertainment,New York,atm,False
1688.71,deposit,online,Tokyo,mobile,False
7.87,transfer,entertainment,Tokyo,atm,False
769.83,deposit,entertainment,Tokyo,atm,False
12.55,transfer,online,New York,mobile,False
1945.15,deposit,entertainment,New York,atm,False
13.11,transfer,entertainment,New York,atm,False
12.4,transfer,online,Tokyo,atm,False
17.11,transfer,online,Tokyo,atm,False
279.3,deposit,entertainment,Tokyo,atm,False
7.99,transfer,entertainment,Tokyo,atm,False
0.01,deposit,entertainment,New York,mobile,False
47.93,transfer,online,New York,mobile,False
803.7,deposit,online,New York,atm,False
48.66,transfer,entertainment,New York,mobile,False
1337.69,deposit,entertainment,Tokyo,mobile,False
20.38,transfer,online,Tokyo,mobile,False
36.17,transfer,entertainment,Tokyo,mobile,False
682.62,deposit,online,Tokyo,mobile,False
57.03,transfer,online,New York,atm,False
710.27,deposit,online,Tokyo,mobile,False
1239.85,deposit,online,Tokyo,atm,False
41.95,transfer,entertainment,Tokyo,mobile,False
61.22,transfer,online,New York,mobile,False
1628.82,deposit,online,New York,mobile,False
2426.98,deposit,entertainment,New York,atm,False
25.88,transfer,online,Tokyo,mobile,False
1577.94,deposit,entertainment,Tokyo,atm,False
9.82,transfer,online,Tokyo,atm,False
1690.95,deposit,entertainment,New York,atm,False
17.33,transfer,entertainment,New York,mobile,False
1379.2,deposit,online,Tokyo,mobile,False
1648.36,deposit,online,Tokyo,atm,False
11.96,transfer,entertainment,New York,atm,False
21.87,transfer,online,New York,atm,False
34.6,transfer,online,Tokyo,mobile,False
19.33,transfer,online,Tokyo,atm,False
2006.95,deposit,entertainment,New York,mobile,False
15.32,transfer,online,Tokyo,atm,False
14.42,transfer,entertainment,New York,atm,False
15.25,transfer,online,Tokyo,atm,False
6.7,transfer,online,New York,atm,False
24.42,transfer,entertainment,Tokyo,mobile,False
637.84,deposit,online,New York,atm,False
7.32,transfer,entertainment,New York,mobile,False
1398.58,deposit,online,New York,mobile,False
204.95,deposit,entertainment,Tokyo,atm,False
82.37,deposit,online,Tokyo,atm,False
392.87,deposit,online,New York,atm,False
11.03,transfer,entertainment,Tokyo,mobile,False
36.79,transfer,online,New York,mobile,False
1522.36,deposit,online,Tokyo,mobile,False
61.61,transfer,online,Tokyo,mobile,False
941.57,deposit,entertainment,New York,mobile,True
960.65,deposit,online,New York,mobile,False
10.91,transfer,entertainment,New York,mobile,False
10.01,transfer,online,Tokyo,atm,False
1320.65,deposit,online,New York,atm,False
36.71,transfer,online,New York,atm,False
776.04,deposit,entertainment,Tokyo,atm,False
459.21,deposit,entertainment,New York,mobile,False
17.24,deposit,entertainment,Tokyo,mobile,False
408.82,deposit,online,Tokyo,atm,False
14.49,transfer,online,Tokyo,atm,False
526.37,deposit,online,Tokyo,mobile,False
15.01,transfer,entertainment,Tokyo,atm,False
2.68,transfer,online,New York,mobile,False
28.38,transfer,entertainment,New York,atm,False
1665.37,deposit,online,Tokyo,mobile,False
491.58,deposit,entertainment,New York,atm,False
880.29,deposit,entertainment,Tokyo,mobile,False
2122.09,deposit,entertainment,New York,atm,False
6.4,transfer,entertainment,Tokyo,mobile,False
1396.38,deposit,online,Tokyo,atm,False
13.94,transfer,online,Tokyo,atm,False
15.96,transfer,online,New York,atm,False
1350.85,deposit,entertainment,New York,mobile,False
27.84,transfer,online,New York,atm,False
1170.17,deposit,online,Tokyo,atm,False
66.21,transfer,entertainment,New York,atm,False
672.96,deposit,entertainment,Tokyo,atm,False
762.2,deposit,entertainment,New York,atm,False
10.67,transfer,entertainment,Tokyo,mobile,True
691.96,deposit,online,Tokyo,atm,False
781.61,deposit,online,New York,mobile,False
81.73,transfer,online,New York,mobile,False
787.57,deposit,online,Tokyo,mobile,False
3.55,transfer,online,Tokyo,atm,False
37.68,transfer,online,New York,mobile,False
22.39,transfer,entertainment,Tokyo,mobile,False
862.29,deposit,online,New York,mobile,False
11.79,transfer,online,Tokyo,atm,False
16.59,transfer,entertainment,New York,mobile,False
1982.33,deposit,online,Tokyo,atm,False
22.71,transfer,entertainment,Tokyo,atm,False
1315.54,deposit,online,New York,mobile,False
16.75,transfer,entertainment,New York,mobile,False
25.36,transfer,online,New York,atm,False
24.12,transfer,online,Tokyo,atm,False
18.69,transfer,online,New York,mobile,False
984.9,deposit,online,New York,mobile,False
1662.78,deposit,online,New York,mobile,False
20.96,transfer,online,New York,mobile,False
1622.95,deposit,entertainment,Tokyo,atm,False
1030.25,deposit,entertainment,New York,mobile,False
30.34,transfer,entertainment,Tokyo,atm,False
1323.33,deposit,entertainment,Tokyo,mobile,False
30.55,transfer,online,New York,mobile,False
1480.91,deposit,online,Tokyo,mobile,False
1343.89,deposit,entertainment,New York,mobile,False
22.23,transfer,entertainment,New York,mobile,False
730.68,deposit,entertainment,New York,mobile,False
954.41,deposit,entertainment,Tokyo,mobile,False
10.02,transfer,online,Tokyo,mobile,False
578.01,deposit,entertainment,Tokyo,atm,True
736.56,deposit,entertainment,Tokyo,mobile,False
985.36,deposit,entertainment,Tokyo,atm,False
891.76,deposit,online,Tokyo,atm,False
1463.07,deposit,online,New York,mobile,False
932,deposit,online,New York,mobile,False
517.73,deposit,entertainment,Tokyo,atm,False
47.93,deposit,entertainment,New York,atm,False
35.26,transfer,entertainment,Tokyo,mobile,False
11.27,transfer,online,New York,atm,False
929.05,deposit,online,Tokyo,atm,False
204.22,deposit,entertainment,Tokyo,mobile,False
602.96,deposit,entertainment,New York,atm,False
19.47,transfer,entertainment,New York,mobile,False
48.11,transfer,entertainment,Tokyo,atm,True
33.51,deposit,entertainment,New York,atm,False
922.01,deposit,entertainment,New York,atm,False
12.09,transfer,entertainment,New York,mobile,False
1935.11,deposit,online,Tokyo,atm,False
18.45,transfer,entertainment,Tokyo,mobile,False
17.69,transfer,entertainment,Tokyo,mobile,False
1195.97,deposit,online,Tokyo,mobile,False
35.8,transfer,entertainment,New York,atm,False
11.74,transfer,online,New York,mobile,False
32.34,transfer,entertainment,New York,mobile,False
1889.12,deposit,entertainment,New York,atm,False
1310.47,deposit,online,Tokyo,mobile,False
43.49,transfer,entertainment,New York,atm,False
15.69,transfer,entertainment,New York,atm,False
1057.12,deposit,entertainment,Tokyo,mobile,False
6.4,transfer,entertainment,New York,mobile,False
1007.2,deposit,online,New York,mobile,True
2339.98,deposit,online,Tokyo,atm,False
973.8,deposit,online,Tokyo,atm,False
915.58,deposit,entertainment,New York,atm,False
10.92,transfer,online,New York,mobile,False
1172.39,deposit,entertainment,Tokyo,mobile,False
1040.52,deposit,entertainment,New York,atm,False
15.6,transfer,online,Tokyo,mobile,False
47.41,transfer,entertainment,New York,atm,False
24.94,transfer,entertainment,Tokyo,mobile,False
8.84,transfer,online,New York,mobile,True
1305.38,deposit,online,Tokyo,atm,False
620.55,deposit,online,Tokyo,atm,False
22.59,transfer,entertainment,New York,atm,False
57.86,transfer,entertainment,Tokyo,mobile,False
33.78,transfer,entertainment,New York,mobile,False
862.06,deposit,online,New York,mobile,False
1078.93,deposit,entertainment,Tokyo,atm,False
933.54,deposit,entertainment,New York,atm,False
578.67,deposit,online,Tokyo,atm,False
1338.72,deposit,entertainment,New York,atm,False
33.11,transfer,entertainment,New York,atm,False
1277.28,deposit,online,New York,atm,False
14.71,transfer,entertainment,New York,atm,False
964.87,deposit,online,New York,atm,False
884.57,deposit,entertainment,Tokyo,atm,False
26.59,transfer,online,New York,mobile,False
29.56,transfer,entertainment,New York,mobile,False
498.68,deposit,entertainment,New York,atm,False
34.44,transfer,entertainment,Tokyo,atm,False
1148.75,deposit,online,Tokyo,atm,False
1317.13,deposit,entertainment,New York,atm,False
1695.25,deposit,online,Tokyo,atm,False
1101.99,deposit,entertainment,New York,mobile,False
753.37,deposit,entertainment,Tokyo,mobile,False
649.03,deposit,online,Tokyo,mobile,False
1434.37,deposit,entertainment,Tokyo,mobile,False
35.3,transfer,online,New York,atm,False
11.83,transfer,entertainment,New York,mobile,False
4.11,transfer,entertainment,Tokyo,atm,False
11.89,transfer,entertainment,New York,atm,False
4.93,transfer,online,New York,mobile,False
40.89,transfer,online,New York,atm,False
929.87,deposit,online,New York,mobile,False
16.08,transfer,online,Tokyo,mobile,False
14.58,transfer,entertainment,New York,mobile,False
496.72,deposit,online,Tokyo,mobile,False
27.35,transfer,online,Tokyo,atm,False
36.87,transfer,entertainment,Tokyo,atm,False
12.18,transfer,online,New York,atm,False
115.01,deposit,entertainment,New York,atm,False
8.35,transfer,entertainment,New York,atm,True
8.46,transfer,online,New York,atm,False
835.57,deposit,entertainment,New York,atm,False
10.16,transfer,entertainment,Tokyo,mobile,False
5.76,transfer,online,New York,mobile,False
1598.09,deposit,entertainment,Tokyo,mobile,False
153.41,deposit,online,New York,mobile,False
35.09,transfer,online,Tokyo,mobile,False
29.16,transfer,entertainment,Tokyo,atm,False
2.37,transfer,entertainment,New York,atm,False
892.3,deposit,online,New York,mobile,False
642.29,deposit,online,New York,mobile,False
40.96,transfer,entertainment,Tokyo,mobile,False
45.27,transfer,online,New York,atm,False
18.53,transfer,online,Tokyo,atm,False
741.54,deposit,online,Tokyo,mobile,False
26.5,transfer,entertainment,New York,mobile,False
15.39,transfer,entertainment,Tokyo,atm,False
25.57,deposit,online,Tokyo,mobile,False
1983.83,deposit,entertainment,New York,atm,False
1527.14,deposit,online,Tokyo,mobile,False
232.4,deposit,entertainment,Tokyo,mobile,False
12.76,transfer,online,New York,mobile,False
15.99,transfer,entertainment,Tokyo,mobile,False
37.12,transfer,entertainment,New York,atm,False
39.68,transfer,online,New York,atm,False
808.79,deposit,entertainment,Tokyo,atm,False
20.13,transfer,entertainment,New York,atm,False
9.59,transfer,entertainment,Tokyo,atm,False
623,deposit,entertainment,New York,atm,False
879.62,deposit,entertainment,Tokyo,mobile,False
20.08,transfer,online,New York,mobile,False
792.92,deposit,online,Tokyo,atm,False
21.92,transfer,online,New York,atm,False
468.79,deposit,online,New York,mobile,False
1243.06,deposit,entertainment,Tokyo,atm,False
10.51,transfer,online,Tokyo,atm,False
47.6,transfer,online,Tokyo,atm,False
16.36,transfer,entertainment,New York,atm,False
1431.53,deposit,entertainment,Tokyo,mobile,False
7.84,transfer,entertainment,Tokyo,atm,False
45.56,transfer,online,New York,mobile,False
1133.44,deposit,entertainment,Tokyo,mobile,False
14.75,transfer,online,Tokyo,mobile,False
775.04,deposit,online,Tokyo,atm,False
17.92,transfer,entertainment,New York,atm,False
157.35,deposit,entertainment,Tokyo,mobile,False
814.44,deposit,online,New York,mobile,False
510.73,deposit,online,New York,mobile,False
450.72,deposit,online,New York,atm,False
5.37,transfer,entertainment,New York,atm,False
28.14,transfer,entertainment,Tokyo,atm,False
12,transfer,entertainment,New York,atm,False
15.51,transfer,entertainment,Tokyo,atm,False
64.3,transfer,entertainment,Tokyo,mobile,False
18.61,transfer,entertainment,New York,atm,False
25.38,transfer,online,New York,atm,False
430.47,deposit,entertainment,New York,mobile,False
533.09,deposit,online,Tokyo,atm,False
948.2,deposit,entertainment,Tokyo,atm,False
912.09,deposit,entertainment,New York,atm,False
29.36,transfer,entertainment,New York,mobile,False
18.05,transfer,online,Tokyo,atm,False
13.28,transfer,entertainment,Tokyo,mobile,False
1314.95,deposit,entertainment,New York,mobile,False
693.87,deposit,online,Tokyo,atm,False
10.64,transfer,entertainment,Tokyo,atm,False
976.93,deposit,online,Tokyo,mobile,False
813.4,deposit,entertainment,New York,mobile,False
24.32,transfer,online,Tokyo,atm,False
24.39,transfer,online,Tokyo,atm,False
12.61,transfer,entertainment,New York,atm,False
714.37,deposit,online,New York,atm,False
985.84,deposit,online,New York,atm,False
56.93,transfer,entertainment,Tokyo,atm,False
10.22,transfer,entertainment,New York,mobile,False
934.55,deposit,online,New York,atm,False
29.71,transfer,entertainment,New York,atm,False
1314.54,deposit,online,Tokyo,mobile,False
19.18,transfer,online,New York,atm,False
11.72,transfer,entertainment,New York,mobile,False
14.26,transfer,entertainment,Tokyo,mobile,False
1219.99,deposit,entertainment,New York,mobile,False
1000.56,deposit,entertainment,Tokyo,atm,False
12.32,transfer,online,Tokyo,mobile,False
807.12,deposit,online,Tokyo,mobile,False
1948.81,deposit,online,Tokyo,atm,False
1188.33,deposit,online,Tokyo,mobile,False
388.33,deposit,entertainment,New York,mobile,False
1319.63,deposit,entertainment,New York,mobile,False
921.89,deposit,entertainment,New York,mobile,False
38.17,transfer,online,New York,mobile,False
14.58,transfer,entertainment,Tokyo,mobile,False
15.83,transfer,entertainment,Tokyo,mobile,False
1225.26,deposit,online,Tokyo,mobile,False
1424.08,deposit,entertainment,New York,atm,False
10.35,transfer,entertainment,New York,mobile,False
11.69,transfer,entertainment,New York,mobile,False
14.18,transfer,online,Tokyo,mobile,False
24.53,transfer,entertainment,Tokyo,mobile,False
32.58,transfer,online,New York,mobile,False
58.95,transfer,online,New York,atm,False
32.54,transfer,online,Tokyo,atm,False
34.88,transfer,online,New York,mobile,False
0.01,deposit,online,Tokyo,mobile,False
128.39,deposit,entertainment,New York,atm,False
36.23,transfer,entertainment,New York,mobile,False
14.67,transfer,entertainment,New York,atm,False
21.17,transfer,entertainment,New York,mobile,False
46.28,transfer,online,Tokyo,mobile,True
19.29,transfer,online,Tokyo,atm,False
21.57,transfer,online,Tokyo,mobile,False
1437,deposit,entertainment,New York,mobile,False
55.7,transfer,online,New York,atm,False
28.23,transfer,entertainment,Tokyo,atm,False
250.98,deposit,entertainment,New York,mobile,False
736.56,deposit,entertainment,New York,atm,False
784.06,deposit,entertainment,New York,atm,False
1268.08,deposit,online,New York,mobile,False
240.05,deposit,entertainment,Tokyo,atm,False
1203.3,deposit,entertainment,Tokyo,mobile,False
11.28,transfer,entertainment,New York,mobile,False
30.19,transfer,online,Tokyo,mobile,False
4.27,transfer,entertainment,New York,mobile,False
1562.45,deposit,online,New York,atm,False
28.86,transfer,entertainment,Tokyo,mobile,False
894.82,deposit,entertainment,Tokyo,atm,False
7.86,transfer,online,New York,atm,False
777.77,deposit,online,New York,atm,False
961.38,deposit,entertainment,New York,mobile,False
919.73,deposit,entertainment,New York,atm,False
20.5,transfer,entertainment,New York,atm,False
758.8,deposit,online,Tokyo,atm,False
782.82,deposit,entertainment,Tokyo,mobile,False
1099.72,deposit,online,Tokyo,mobile,False
35.93,transfer,entertainment,Tokyo,mobile,False
717.14,deposit,online,New York,atm,False
18.08,transfer,entertainment,New York,mobile,False
1341.61,deposit,entertainment,New York,atm,False
1896.76,deposit,entertainment,Tokyo,atm,False
39.62,transfer,online,Tokyo,mobile,False
1573.37,deposit,online,Tokyo,mobile,True
622.15,deposit,entertainment,New York,atm,False
1564.55,deposit,entertainment,New York,mobile,False
1014.83,deposit,entertainment,Tokyo,mobile,False
21.7,transfer,entertainment,New York,atm,False
16.98,transfer,entertainment,New York,atm,False
9.56,transfer,online,Tokyo,mobile,False
1100.15,deposit,online,New York,mobile,False
1266.47,deposit,entertainment,New York,atm,False
1196.99,deposit,entertainment,New York,atm,False
14.86,transfer,online,New York,atm,False
1247.13,deposit,online,New York,mobile,False
854.02,deposit,entertainment,New York,atm,False
475.06,deposit,online,Tokyo,atm,False
12.64,transfer,online,New York,atm,False
1836.61,deposit,entertainment,New York,mobile,True
638.19,deposit,entertainment,New York,mobile,False
18.94,transfer,online,Tokyo,atm,False
1282.14,deposit,entertainment,New York,mobile,False
1477.77,deposit,entertainment,Tokyo,mobile,False
29.74,transfer,online,Tokyo,mobile,False
903.48,deposit,entertainment,New York,mobile,False
46.83,transfer,online,New York,mobile,False
1082,deposit,online,Tokyo,atm,False
34.04,transfer,entertainment,New York,mobile,False
15.65,transfer,online,Tokyo,mobile,False
9.23,transfer,online,New York,mobile,False
1788.02,deposit,entertainment,Tokyo,atm,False
1301.34,deposit,online,Tokyo,mobile,False
796,deposit,online,Tokyo,atm,False
1420.9,deposit,online,Tokyo,atm,False
50.49,transfer,online,Tokyo,atm,False
1314.97,deposit,online,Tokyo,mobile,False
13.28,transfer,entertainment,New York,atm,False
30.49,transfer,entertainment,Tokyo,atm,False
661.82,deposit,entertainment,New York,atm,False
416.16,deposit,entertainment,New York,mobile,False
1325.4,deposit,online,Tokyo,mobile,False
1770.65,deposit,entertainment,New York,mobile,False
24.4,transfer,entertainment,Tokyo,mobile,False
1103.57,deposit,entertainment,Tokyo,mobile,False
405.46,deposit,entertainment,New York,mobile,False
55.21,transfer,entertainment,Tokyo,mobile,False
15.8,transfer,online,Tokyo,atm,False
38.24,transfer,entertainment,Tokyo,mobile,False
12.32,transfer,entertainment,New York,mobile,False
813.57,deposit,online,New York,atm,False
62.22,transfer,online,New York,mobile,False
7.58,transfer,entertainment,New York,atm,False
628.02,deposit,entertainment,New York,atm,False
1903.1,deposit,entertainment,Tokyo,mobile,False
11.72,transfer,entertainment,Tokyo,mobile,False
392.64,deposit,entertainment,New York,atm,False
21.65,transfer,entertainment,New York,atm,False
20.82,transfer,entertainment,Tokyo,mobile,False
1416.27,deposit,online,New York,atm,False
67.41,transfer,entertainment,Tokyo,mobile,False
30.92,transfer,entertainment,Tokyo,mobile,False
947.43,deposit,entertainment,New York,atm,False
6.9,transfer,online,Tokyo,atm,False
16.48,transfer,entertainment,New York,mobile,False
693.84,deposit,online,Tokyo,atm,False
31.09,transfer,entertainment,New York,mobile,False
71.91,transfer,entertainment,New York,atm,False
18.76,transfer,online,Tokyo,atm,False
17.62,transfer,online,New York,atm,False
1517.21,deposit,online,Tokyo,atm,False
752.79,deposit,entertainment,New York,mobile,False
10.71,transfer,online,Tokyo,atm,False
11.97,transfer,online,Tokyo,mobile,False
4.46,transfer,online,New York,atm,False
1470.94,deposit,entertainment,New York,mobile,False
1274.02,deposit,online,Tokyo,atm,False
1816.3,deposit,entertainment,New York,atm,False
5.25,transfer,online,Tokyo,mobile,False
19.4,transfer,online,Tokyo,atm,False
552.77,deposit,online,New York,mobile,True
17.24,transfer,online,Tokyo,mobile,False
32.94,transfer,entertainment,New York,mobile,False
14.93,transfer,online,New York,atm,False
9.62,transfer,online,Tokyo,atm,False
1029.3,deposit,entertainment,Tokyo,mobile,False
10.4,transfer,entertainment,New York,mobile,True
913.49,deposit,online,New York,atm,False
127.32,deposit,entertainment,Tokyo,mobile,False
981.35,deposit,online,Tokyo,atm,False
1454.05,deposit,entertainment,Tokyo,atm,False
432.7,deposit,online,Tokyo,mobile,False
345.4,deposit,entertainment,New York,mobile,False
27.8,transfer,online,New York,atm,False
14.62,transfer,online,New York,mobile,False
35.12,transfer,online,New York,mobile,False
23.12,transfer,online,Tokyo,mobile,False
30.84,transfer,entertainment,New York,atm,False
957.9,deposit,online,Tokyo,mobile,False
32.56,transfer,entertainment,New York,mobile,False
1193.57,deposit,entertainment,Tokyo,mobile,False
43.83,transfer,online,New York,mobile,False
28.79,transfer,entertainment,New York,mobile,False
30.42,transfer,online,New York,mobile,False
772.3,deposit,entertainment,Tokyo,atm,False
9.38,transfer,online,Tokyo,atm,False
532.2,deposit,online,New York,mobile,False
696.55,deposit,entertainment,Tokyo,mobile,False
15.42,transfer,online,New York,mobile,False
40.26,transfer,online,New York,mobile,False
13.21,transfer,entertainment,New York,mobile,False
1543.12,deposit,entertainment,Tokyo,atm,False
19.83,transfer,entertainment,New York,atm,False
1417.22,deposit,entertainment,Tokyo,mobile,False
1348.97,deposit,entertainment,New York,atm,False
1067.24,deposit,entertainment,Tokyo,atm,False
4.35,transfer,online,Tokyo,mobile,False
17.02,transfer,online,New York,mobile,False
1208.38,deposit,online,New York,atm,False
482.14,deposit,entertainment,New York,mobile,False
508.49,deposit,entertainment,New York,atm,False
566.36,deposit,online,Tokyo,mobile,False
51.72,transfer,entertainment,Tokyo,mobile,False
30.15,transfer,online,New York,atm,False
52.31,transfer,entertainment,Tokyo,mobile,False
873.51,deposit,online,New York,atm,False
976.63,deposit,online,Tokyo,atm,False
3.17,transfer,online,New York,atm,False
602.2,deposit,online,Tokyo,atm,False
1934.75,deposit,online,Tokyo,atm,False
1227.31,deposit,online,New York,atm,False
46.65,transfer,entertainment,Tokyo,mobile,False
1312.43,deposit,entertainment,New York,atm,False
71.63,transfer,entertainment,New York,atm,False
616.44,deposit,online,New York,atm,False
1475.08,deposit,entertainment,New York,mobile,False
25.08,transfer,entertainment,Tokyo,mobile,False
793.19,deposit,online,Tokyo,mobile,False
59.25,transfer,online,Tokyo,atm,False
1473.14,deposit,entertainment,Tokyo,mobile,False
1053.09,deposit,entertainment,New York,mobile,False
903.86,deposit,entertainment,Tokyo,atm,False
39.17,transfer,entertainment,Tokyo,mobile,False
511.68,deposit,online,New York,mobile,False
1403.17,deposit,entertainment,New York,mobile,False
1145.42,deposit,online,New York,atm,False
301.78,deposit,entertainment,Tokyo,atm,False
599,deposit,entertainment,Tokyo,atm,False
1774.22,deposit,online,Tokyo,mobile,True
2104.6,deposit,online,New York,atm,False
376.98,deposit,online,Tokyo,mobile,False
785.72,deposit,entertainment,New York,mobile,False
15.03,transfer,entertainment,Tokyo,mobile,False
17.92,transfer,entertainment,Tokyo,atm,True
286.19,deposit,entertainment,Tokyo,mobile,False
1284.55,deposit,entertainment,New York,mobile,False
395.6,deposit,online,New York,atm,False
1160.18,deposit,entertainment,Tokyo,mobile,False
791.29,deposit,online,Tokyo,mobile,False
9.37,transfer,entertainment,Tokyo,mobile,False
49.91,transfer,entertainment,Tokyo,atm,False
1263.69,deposit,entertainment,Tokyo,atm,False
823.49,deposit,online,Tokyo,mobile,False
79.09,transfer,entertainment,New York,mobile,False
39.82,transfer,online,New York,mobile,False
1042.7,deposit,entertainment,Tokyo,mobile,False
1163.16,deposit,online,Tokyo,mobile,False
1483.96,deposit,entertainment,New York,atm,False
11.82,transfer,online,New York,atm,False
591.36,deposit,online,New York,atm,False
11.55,transfer,online,New York,atm,False
18.82,transfer,entertainment,New York,atm,False
664.58,deposit,entertainment,Tokyo,atm,False
33.15,transfer,entertainment,Tokyo,mobile,False
1265.17,deposit,online,Tokyo,atm,False
20.19,transfer,entertainment,New York,atm,False
41.73,transfer,online,Tokyo,atm,False
1430.98,deposit,entertainment,Tokyo,mobile,False
13.33,transfer,online,New York,atm,False
495.56,deposit,entertainment,New York,mobile,True
11.89,transfer,entertainment,Tokyo,mobile,True
48.99,transfer,online,Tokyo,mobile,False
790.56,deposit,online,New York,atm,True
1056.49,deposit,online,Tokyo,atm,False
1584.49,deposit,online,New York,atm,False
33.41,transfer,online,New York,atm,False
851.3,deposit,online,New York,atm,False
2084.01,deposit,online,Tokyo,atm,False
1323.6,deposit,online,Tokyo,atm,False
1179.06,deposit,entertainment,Tokyo,atm,False
702.4,deposit,entertainment,Tokyo,atm,False
624.03,deposit,online,New York,mobile,False
28.3,transfer,online,Tokyo,mobile,False
1210.16,deposit,entertainment,Tokyo,mobile,False
5.15,transfer,online,Tokyo,mobile,False
13.08,transfer,online,New York,atm,False
32.17,transfer,entertainment,New York,atm,True
1118.29,deposit,entertainment,Tokyo,atm,False
14.51,transfer,entertainment,Tokyo,atm,False
46.44,transfer,online,Tokyo,mobile,False
443.2,deposit,entertainment,Tokyo,mobile,False
511.23,deposit,online,New York,mobile,False
11.45,transfer,online,New York,mobile,False
623.74,deposit,online,Tokyo,atm,True
759.85,deposit,online,Tokyo,atm,False
445.09,deposit,entertainment,Tokyo,atm,False
13.85,transfer,online,New York,mobile,False
1229.05,deposit,entertainment,Tokyo,mobile,False
1138.58,deposit,online,New York,mobile,False
976.77,deposit,entertainment,Tokyo,mobile,False
325.33,deposit,online,Tokyo,mobile,False
51.16,transfer,entertainment,Tokyo,mobile,False
0.01,deposit,entertainment,Tokyo,atm,False
1329.22,deposit,online,New York,atm,False
9.1,transfer,online,Tokyo,mobile,False
2247.72,deposit,entertainment,New York,atm,False
61.71,transfer,entertainment,New York,mobile,False
7.11,transfer,online,New York,atm,False
33.7,transfer,online,New York,atm,False
24.01,transfer,online,Tokyo,atm,False
9.65,transfer,online,New York,mobile,False
759.21,deposit,entertainment,Tokyo,mobile,False
42.14,transfer,online,Tokyo,atm,False
36.42,transfer,online,New York,mobile,False
14.53,transfer,entertainment,New York,mobile,False
917.87,deposit,online,New York,mobile,False
10.82,transfer,entertainment,Tokyo,mobile,False
1540.89,deposit,entertainment,New York,atm,False
14.17,transfer,entertainment,Tokyo,atm,False
527.18,deposit,entertainment,Tokyo,mobile,False
22.62,transfer,entertainment,New York,mobile,False
760.36,deposit,online,Tokyo,atm,False
1272.56,deposit,entertainment,Tokyo,atm,False
2272.11,deposit,online,Tokyo,atm,False
52.67,transfer,online,New York,mobile,False
20.08,transfer,online,New York,mobile,False
965.18,deposit,online,New York,mobile,False
1638.27,deposit,online,New York,mobile,False
1860.31,deposit,entertainment,New York,mobile,False
468.11,deposit,entertainment,Tokyo,mobile,False
49.28,transfer,entertainment,New York,mobile,False
12.61,transfer,entertainment,Tokyo,mobile,False
62.55,transfer,entertainment,New York,atm,False
876.06,deposit,online,New York,atm,False
808.89,deposit,online,Tokyo,mobile,False
14.92,transfer,entertainment,Tokyo,mobile,False
931.15,deposit,entertainment,Tokyo,mobile,False
267.32,deposit,online,Tokyo,atm,False
1160.37,deposit,online,New York,mobile,False
1453.02,deposit,entertainment,Tokyo,atm,False
554.6,deposit,online,New York,mobile,False
3.64,transfer,online,New York,mobile,False
34.99,transfer,online,New York,mobile,False
23.1,transfer,entertainment,Tokyo,mobile,False
1344.75,deposit,entertainment,Tokyo,atm,False
37.5,transfer,online,New York,mobile,False
28.06,transfer,online,New York,atm,False
119.8,deposit,entertainment,New York,mobile,False
0.01,deposit,online,New York,atm,False
17.73,transfer,online,Tokyo,atm,False
17.24,transfer,entertainment,Tokyo,mobile,False
88.17,transfer,entertainment,New York,mobile,False
1605.08,deposit,entertainment,New York,atm,False
1670.65,deposit,online,Tokyo,atm,False
910.07,deposit,online,Tokyo,mobile,False
310.48,deposit,online,New York,mobile,True
11.49,transfer,entertainment,New York,mobile,False
27.95,transfer,online,Tokyo,atm,False
831.86,deposit,entertainment,Tokyo,mobile,False
25.61,transfer,online,New York,atm,False
1249.02,deposit,online,Tokyo,atm,False
1937.42,deposit,online,New York,mobile,False
32.02,transfer,online,New York,mobile,False
927.86,deposit,entertainment,New York,mobile,False
258.03,deposit,entertainment,New York,atm,False
18.8,transfer,online,New York,mobile,False
1113.35,deposit,entertainment,New York,mobile,False
37.61,transfer,entertainment,Tokyo,atm,False
11.55,transfer,online,New York,atm,False
504,deposit,entertainment,New York,mobile,False
561.35,deposit,entertainment,Tokyo,atm,False
1152.09,deposit,entertainment,Tokyo,mobile,False
338.68,deposit,online,Tokyo,mobile,False
632.65,deposit,entertainment,Tokyo,mobile,False
539.3,deposit,online,Tokyo,atm,False
22.56,transfer,online,Tokyo,atm,False
19.93,transfer,online,New York,atm,False
1411.99,deposit,online,New York,mobile,False
574.96,deposit,entertainment,New York,mobile,False
21.62,transfer,online,Tokyo,mobile,False
23.13,transfer,entertainment,New York,mobile,False
0.01,deposit,entertainment,Tokyo,mobile,False
2445.35,deposit,entertainment,New York,atm,False
1144.33,deposit,online,New York,mobile,False
10.05,transfer,entertainment,New York,atm,False
715.77,deposit,online,Tokyo,atm,True
1793.81,deposit,entertainment,New York,mobile,False
5,transfer,online,New York,mobile,False
30,transfer,entertainment,New York,mobile,False
20.32,transfer,online,New York,mobile,False
617.82,deposit,entertainment,Tokyo,mobile,False
773.75,deposit,online,Tokyo,mobile,False
21,transfer,entertainment,Tokyo,mobile,False
14.88,transfer,entertainment,Tokyo,atm,False
34.72,transfer,entertainment,Tokyo,atm,True
30.53,transfer,online,New York,atm,False
1650.09,deposit,online,Tokyo,mobile,False
34.31,transfer,online,Tokyo,mobile,False
14.27,transfer,entertainment,Tokyo,mobile,False
1213.94,deposit,entertainment,New York,atm,False
551.19,deposit,entertainment,Tokyo,mobile,False
511.5,deposit,online,Tokyo,mobile,False
10.99,transfer,online,New York,atm,False
24.2,transfer,entertainment,New York,atm,False
53.44,transfer,online,Tokyo,atm,False
1415,deposit,online,New York,atm,False
268.12,deposit,online,New York,mobile,False
29.44,transfer,online,Tokyo,atm,False
0.01,deposit,entertainment,Tokyo,mobile,False
21.89,transfer,entertainment,Tokyo,atm,False
19.72,transfer,entertainment,New York,atm,False
25.75,transfer,online,Tokyo,atm,False
75.37,transfer,entertainment,Tokyo,mobile,False
1058.73,deposit,online,New York,mobile,False
947.16,deposit,online,New York,atm,False
544.28,deposit,online,Tokyo,mobile,False
2024.62,deposit,online,New York,mobile,False
1338.77,deposit,entertainment,Tokyo,atm,False
1518.63,deposit,entertainment,Tokyo,atm,False
11.17,transfer,entertainment,New York,mobile,False
35.16,transfer,entertainment,Tokyo,mobile,False
915.03,deposit,entertainment,New York,atm,False
478.45,deposit,online,Tokyo,atm,False
913.66,deposit,online,New York,mobile,False
26.3,transfer,online,New York,mobile,False
20.29,transfer,entertainment,Tokyo,atm,False
4.21,transfer,online,Tokyo,mobile,False
36.95,transfer,entertainment,Tokyo,mobile,False
27.06,transfer,online,Tokyo,atm,False
2018.93,deposit,entertainment,Tokyo,atm,False
11.94,transfer,entertainment,New York,mobile,False
1170.01,deposit,entertainment,New York,atm,False
32.14,transfer,entertainment,New York,mobile,False
1183.31,deposit,entertainment,Tokyo,mobile,False
31.63,transfer,entertainment,Tokyo,atm,False
912.77,deposit,online,New York,mobile,False
9.62,transfer,entertainment,Tokyo,mobile,True
0.01,deposit,entertainment,Tokyo,mobile,False
29.82,transfer,entertainment,Tokyo,mobile,False
1276.5,deposit,entertainment,Tokyo,mobile,False
9.7,transfer,online,New York,mobile,False
1067.85,deposit,online,Tokyo,mobile,False
66.44,transfer,online,New York,atm,False
1446.17,deposit,online,New York,atm,False
717.71,deposit,online,Tokyo,atm,False
1638.45,deposit,online,Tokyo,mobile,False
2.37,transfer,entertainment,Tokyo,atm,False
9.22,transfer,entertainment,Tokyo,atm,False
686.27,deposit,entertainment,Tokyo,mobile,False
25.97,transfer,entertainment,New York,atm,False
685.07,deposit,entertainment,Tokyo,mobile,False
1285.07,deposit,online,Tokyo,mobile,False
25.2,transfer,entertainment,Tokyo,atm,False
390.12,deposit,online,Tokyo,mobile,False
1036.38,deposit,online,Tokyo,mobile,False
525.62,deposit,entertainment,New York,mobile,False
817,deposit,entertainment,Tokyo,mobile,False
1185.65,deposit,entertainment,Tokyo,atm,False
1381.15,deposit,entertainment,Tokyo,mobile,False
11.74,transfer,online,New York,mobile,False
34.59,transfer,entertainment,New York,mobile,False
18.96,transfer,entertainment,New York,atm,False
11.18,transfer,online,Tokyo,mobile,False
857.23,deposit,online,Tokyo,mobile,False
551.59,deposit,online,New York,mobile,False
28.36,transfer,online,New York,mobile,False
1426.41,deposit,entertainment,New York,mobile,False
760.41,deposit,online,Tokyo,atm,False
52.19,deposit,entertainment,New York,atm,False
533.92,deposit,entertainment,New York,atm,False
866,deposit,online,New York,mobile,False
15.1,transfer,entertainment,New York,mobile,False
26,transfer,online,Tokyo,mobile,False
42.19,transfer,online,New York,atm,False
1064.63,deposit,online,Tokyo,atm,False
14.78,transfer,entertainment,New York,atm,False
527.13,deposit,entertainment,Tokyo,atm,False
1368.25,deposit,entertainment,Tokyo,atm,False
983.06,deposit,online,Tokyo,atm,False
941.88,deposit,online,Tokyo,atm,False
12.52,transfer,online,Tokyo,atm,False
21.51,transfer,online,Tokyo,mobile,False
796.87,deposit,online,New York,atm,False
7.71,transfer,entertainment,Tokyo,mobile,False
1077.27,deposit,entertainment,Tokyo,atm,False
23.61,transfer,entertainment,New York,mobile,False
32.14,transfer,online,Tokyo,atm,False
643.7,deposit,entertainment,Tokyo,mobile,False
733.32,deposit,online,New York,atm,False
746.59,deposit,online,Tokyo,mobile,False
17.6,transfer,online,Tokyo,atm,True
362.15,deposit,online,Tokyo,mobile,False
56.1,transfer,entertainment,New York,atm,False
1515.89,deposit,online,New York,atm,False
10.43,transfer,online,New York,atm,False
223.89,deposit,online,New York,mobile,False
1476.69,deposit,online,Tokyo,atm,False
15.91,transfer,online,New York,atm,False
60.85,transfer,entertainment,New York,atm,False
1425.15,deposit,entertainment,New York,mobile,False
26.68,transfer,entertainment,New York,atm,False
1263.18,deposit,entertainment,Tokyo,mobile,False
31.91,transfer,entertainment,Tokyo,atm,False
1360.32,deposit,online,Tokyo,atm,False
16.08,transfer,online,Tokyo,atm,False
8.02,transfer,entertainment,Tokyo,atm,False
1533.8,deposit,entertainment,New York,mobile,False
20.81,transfer,online,New York,atm,False
19.86,transfer,online,Tokyo,mobile,False
24.63,transfer,online,Tokyo,atm,True
1797.24,deposit,online,Tokyo,atm,False
19.07,transfer,online,Tokyo,mobile,False
19.48,transfer,entertainment,New York,mobile,True
1513.24,deposit,entertainment,New York,atm,False
18.05,transfer,online,New York,mobile,False
322.95,deposit,entertainment,New York,mobile,False
1403.74,deposit,online,New York,mobile,False
1532.16,deposit,online,New York,mobile,False
8.38,transfer,entertainment,New York,mobile,False
1427.23,deposit,entertainment,Tokyo,mobile,False
788.33,deposit,entertainment,Tokyo,mobile,False
1340.99,deposit,entertainment,Tokyo,mobile,False
1033.94,deposit,online,New York,atm,False
727.63,deposit,entertainment,Tokyo,mobile,False
21.5,transfer,entertainment,New York,atm,False
19.21,transfer,entertainment,Tokyo,atm,False
943.74,deposit,online,Tokyo,mobile,False
21.53,transfer,entertainment,New York,mobile,False
5.64,transfer,entertainment,Tokyo,atm,False
1189.18,deposit,online,Tokyo,atm,False
46.99,transfer,entertainment,Tokyo,mobile,False
6.48,transfer,online,New York,atm,False
17.63,transfer,online,New York,mobile,False
1668.71,deposit,entertainment,Tokyo,mobile,False
7.2,transfer,online,New York,mobile,False
16.1,transfer,entertainment,Tokyo,mobile,False
1601.03,deposit,entertainment,Tokyo,mobile,False
1144.51,deposit,online,Tokyo,mobile,False
1311.38,deposit,entertainment,Tokyo,atm,False
10.65,transfer,entertainment,Tokyo,mobile,False
28.58,transfer,entertainment,New York,atm,False
492.34,deposit,online,Tokyo,mobile,False
13.57,transfer,online,New York,atm,False
125.34,deposit,online,Tokyo,mobile,False
684.07,deposit,entertainment,Tokyo,mobile,False
16.08,transfer,entertainment,New York,mobile,False
26.96,transfer,entertainment,New York,mobile,True
544.65,deposit,entertainment,Tokyo,atm,False
1631.39,deposit,entertainment,New York,atm,False
78.56,transfer,online,New York,mobile,False
47.03,transfer,online,Tokyo,atm,False
1382.03,deposit,entertainment,New York,atm,False
2088.12,deposit,online,New York,atm,False
37.89,transfer,entertainment,New York,atm,False
44.84,transfer,online,New York,atm,False
887.89,deposit,entertainment,New York,mobile,False
2044.65,deposit,online,Tokyo,atm,False
38.53,transfer,entertainment,New York,atm,False
13.84,transfer,entertainment,New York,mobile,False
826.47,deposit,entertainment,New York,mobile,False
1411.34,deposit,online,Tokyo,atm,False
22.9,transfer,online,Tokyo,atm,False
1548.04,deposit,entertainment,New York,atm,False
17.74,transfer,entertainment,Tokyo,mobile,False
10.56,transfer,entertainment,Tokyo,mobile,False
904.78,deposit,entertainment,Tokyo,atm,False
1307.14,deposit,entertainment,New York,atm,False
17.95,transfer,online,New York,mobile,False
29.03,transfer,entertainment,Tokyo,mobile,False
646.79,deposit,online,Tokyo,mobile,False
707.9,deposit,online,New York,mobile,False
792.68,deposit,entertainment,New York,atm,False
744.02,deposit,entertainment,New York,atm,False
21.66,transfer,entertainment,New York,mobile,False
15.45,transfer,online,Tokyo,atm,False
763.04,deposit,entertainment,New York,atm,False
1382.62,deposit,entertainment,New York,mobile,False
951.61,deposit,entertainment,New York,mobile,False
22.38,transfer,entertainment,Tokyo,mobile,False
1253.14,deposit,online,New York,mobile,False
1851.85,deposit,online,New York,mobile,False
399.99,deposit,online,New York,atm,False
15.19,transfer,online,Tokyo,mobile,False
724.73,deposit,online,New York,atm,False
1135.27,deposit,entertainment,Tokyo,mobile,False
932.41,deposit,online,Tokyo,mobile,False
27.77,transfer,entertainment,New York,mobile,False
910.1,deposit,entertainment,Tokyo,atm,False
1204.68,deposit,entertainment,New York,atm,False
587.19,deposit,entertainment,Tokyo,mobile,False
9.18,transfer,entertainment,Tokyo,atm,False
1008.88,deposit,online,New York,mobile,False
348.47,deposit,online,New York,mobile,False
1017.24,deposit,online,New York,mobile,False
10.72,transfer,entertainment,Tokyo,atm,False
0.01,deposit,entertainment,New York,atm,False
18.84,transfer,online,New York,mobile,False
6.37,transfer,online,Tokyo,atm,False
16.04,transfer,online,Tokyo,mobile,False
64.43,transfer,entertainment,New York,atm,False
712.6,deposit,online,New York,atm,False
1397.4,deposit,entertainment,New York,mobile,False
1255.65,deposit,entertainment,Tokyo,mobile,True
893.01,deposit,online,Tokyo,atm,False
485.74,deposit,entertainment,Tokyo,mobile,False
11.16,transfer,entertainment,Tokyo,atm,False
936.55,deposit,online,New York,atm,False
1318.19,deposit,entertainment,New York,mobile,False
5.67,transfer,online,New York,atm,False
13.28,transfer,entertainment,Tokyo,atm,False
1532.34,deposit,online,Tokyo,atm,False
76.69,transfer,online,New York,mobile,False
5.79,transfer,entertainment,Tokyo,mobile,False
802.49,deposit,online,Tokyo,atm,True
17.92,transfer,entertainment,New York,mobile,False
1320.94,deposit,entertainment,Tokyo,mobile,False
614.93,deposit,entertainment,New York,mobile,False
476.47,deposit,entertainment,New York,mobile,False
5.91,deposit,entertainment,Tokyo,mobile,False
70.41,transfer,online,Tokyo,mobile,False
443.13,deposit,entertainment,New York,mobile,False
940.09,deposit,online,Tokyo,mobile,False
1357.17,deposit,online,Tokyo,mobile,False
1187.13,deposit,online,New York,mobile,False
11.07,transfer,entertainment,Tokyo,mobile,False
51.1,transfer,entertainment,Tokyo,atm,False
11.77,transfer,online,New York,mobile,False
227.7,deposit,entertainment,New York,mobile,False
23.14,transfer,entertainment,Tokyo,mobile,False
17.15,transfer,online,New York,mobile,False
46.42,transfer,entertainment,New York,atm,False
1085.57,deposit,entertainment,Tokyo,mobile,False
1161.65,deposit,online,Tokyo,atm,False
1152.89,deposit,online,Tokyo,mobile,False
1585.25,deposit,entertainment,New York,atm,False
30.65,transfer,online,Tokyo,atm,False
921.91,deposit,entertainment,New York,atm,False
11.82,transfer,online,Tokyo,mobile,False
41.9,transfer,entertainment,Tokyo,mobile,True
1350.93,deposit,entertainment,New York,mobile,False
23.03,transfer,online,New York,atm,False
8.65,transfer,entertainment,Tokyo,atm,False
11.28,transfer,entertainment,New York,mobile,False
864.85,deposit,entertainment,Tokyo,atm,False
1115.99,deposit,online,Tokyo,mobile,False
390.72,deposit,online,New York,mobile,False
23.07,transfer,online,New York,mobile,False
19.06,transfer,entertainment,New York,mobile,False
1625.52,deposit,entertainment,Tokyo,mobile,False
674.74,deposit,online,New York,mobile,False
1100.16,deposit,online,New York,atm,False
1000.67,deposit,entertainment,Tokyo,atm,True
11.68,transfer,entertainment,Tokyo,atm,False
9.36,transfer,online,New York,atm,False
726.79,deposit,entertainment,New York,mobile,False
641.08,deposit,entertainment,New York,mobile,False
1183.06,deposit,entertainment,Tokyo,mobile,False
1004.59,deposit,online,Tokyo,mobile,False
25.22,deposit,online,Tokyo,mobile,False
280.55,deposit,entertainment,Tokyo,atm,False
1330.33,deposit,online,New York,atm,False
13.42,transfer,entertainment,Tokyo,mobile,False
589.49,deposit,online,Tokyo,atm,False
11.07,transfer,online,Tokyo,mobile,False
11.58,transfer,online,New York,atm,False
1210.64,deposit,entertainment,Tokyo,mobile,False
962.5,deposit,entertainment,New York,atm,False
17.53,transfer,online,New York,mobile,False
13.39,transfer,online,New York,mobile,False
761.24,deposit,online,New York,atm,False
16.07,transfer,online,New York,atm,False
20.88,transfer,entertainment,New York,mobile,False
609.57,deposit,entertainment,New York,atm,False
671.68,deposit,entertainment,Tokyo,atm,False
17.71,transfer,online,Tokyo,mobile,False
700.24,deposit,online,New York,mobile,False
1653.9,deposit,online,Tokyo,atm,False
3.06,transfer,online,Tokyo,atm,False
18.87,transfer,online,Tokyo,mobile,False
12.06,transfer,online,Tokyo,mobile,False
25.4,transfer,entertainment,Tokyo,mobile,False
1305.6,deposit,online,Tokyo,mobile,False
1426.82,deposit,online,Tokyo,atm,False
22.39,transfer,entertainment,Tokyo,atm,False
52.83,transfer,entertainment,New York,mobile,False
1465.06,deposit,online,New York,mobile,False
14.39,transfer,entertainment,New York,atm,False
567.29,deposit,entertainment,New York,mobile,False
229.39,deposit,online,Tokyo,atm,False
1117.59,deposit,online,Tokyo,atm,False
8.12,transfer,online,Tokyo,atm,False
17.65,transfer,online,New York,atm,False
1227.58,deposit,entertainment,New York,atm,False
552.38,deposit,online,Tokyo,mobile,False
16.44,transfer,entertainment,New York,mobile,False
465.19,deposit,online,Tokyo,mobile,False
30.02,transfer,online,New York,atm,False
1036.18,deposit,online,Tokyo,mobile,False
525.68,deposit,entertainment,New York,mobile,False
16.64,transfer,entertainment,New York,mobile,False
1278.99,deposit,entertainment,New York,mobile,False
26.86,transfer,online,Tokyo,mobile,False
2.65,transfer,entertainment,Tokyo,mobile,False
22.49,transfer,online,Tokyo,atm,False
70.55,transfer,entertainment,New York,mobile,False
18.88,transfer,entertainment,New York,atm,False
184.26,deposit,entertainment,New York,mobile,False
28.96,transfer,online,Tokyo,mobile,False
660.9,deposit,entertainment,New York,mobile,False
27.97,transfer,online,Tokyo,mobile,False
16.99,transfer,online,Tokyo,mobile,False
902.52,deposit,online,New York,mobile,False
13.08,transfer,entertainment,Tokyo,mobile,False
4.91,transfer,online,Tokyo,mobile,False
139.25,deposit,entertainment,New York,atm,False
1146.57,deposit,entertainment,Tokyo,atm,False
22.51,transfer,entertainment,Tokyo,mobile,False
22.66,transfer,online,Tokyo,mobile,False
18.19,transfer,entertainment,New York,mobile,False
1398.18,deposit,online,Tokyo,mobile,False
1425.98,deposit,entertainment,New York,mobile,False
845.48,deposit,online,Tokyo,mobile,False
1207.37,deposit,entertainment,New York,mobile,False
77.78,transfer,entertainment,New York,atm,False
578.53,deposit,entertainment,Tokyo,mobile,False
1831.14,deposit,entertainment,Tokyo,atm,False
22.57,transfer,entertainment,New York,mobile,False
1585.8,deposit,online,Tokyo,atm,False
54.5,transfer,entertainment,New York,mobile,False
278.98,deposit,entertainment,New York,mobile,False
7.19,transfer,online,Tokyo,mobile,False
1234.76,deposit,online,New York,atm,False
35.85,transfer,online,Tokyo,mobile,False
14.59,transfer,online,New York,atm,False
2575.71,deposit,online,Tokyo,atm,False
14.48,transfer,entertainment,New York,atm,False
892.43,deposit,entertainment,Tokyo,mobile,False
1174.61,deposit,entertainment,New York,atm,False
35.53,transfer,entertainment,Tokyo,mobile,False
67.81,transfer,online,Tokyo,mobile,False
44.48,transfer,online,New York,mobile,False
12.72,transfer,online,New York,atm,False
18.22,transfer,entertainment,New York,mobile,False
801.24,deposit,online,Tokyo,atm,False
1586.52,deposit,online,New York,mobile,False
17.3,transfer,entertainment,New York,mobile,False
990.99,deposit,online,Tokyo,atm,False
59.22,transfer,online,New York,atm,False
1151.57,deposit,online,Tokyo,mobile,False
821.23,deposit,entertainment,New York,mobile,False
6.35,transfer,entertainment,Tokyo,atm,False
66.88,transfer,entertainment,New York,atm,False
959.71,deposit,online,New York,atm,False
703.48,deposit,entertainment,Tokyo,mobile,False
64.63,deposit,entertainment,Tokyo,atm,False
35.12,transfer,entertainment,New York,mobile,False
11.57,transfer,entertainment,Tokyo,atm,False
29.93,transfer,entertainment,New York,mobile,False
10.83,transfer,online,New York,atm,False
13.7,transfer,entertainment,New York,atm,False
28.2,transfer,online,New York,mobile,False
90.97,transfer,online,Tokyo,mobile,True
25.99,transfer,online,New York,mobile,False
30.97,transfer,entertainment,New York,atm,False
490.39,deposit,online,Tokyo,mobile,False
588.67,deposit,entertainment,New York,atm,False
10.63,transfer,online,Tokyo,atm,False
9.32,transfer,entertainment,Tokyo,atm,False
9.13,transfer,online,New York,atm,False
1418.21,deposit,online,Tokyo,mobile,False
22.75,transfer,entertainment,Tokyo,mobile,False
25.51,transfer,online,New York,atm,False
8.84,transfer,online,Tokyo,atm,False
1349.67,deposit,entertainment,Tokyo,atm,False
592.05,deposit,entertainment,Tokyo,atm,False
11.36,transfer,entertainment,Tokyo,atm,False
1202.17,deposit,entertainment,Tokyo,mobile,False
10.34,transfer,entertainment,Tokyo,mobile,False
790.11,deposit,entertainment,Tokyo,mobile,False
1411.84,deposit,entertainment,Tokyo,atm,True
905.84,deposit,entertainment,New York,mobile,False
0.01,deposit,entertainment,Tokyo,atm,False
417.57,deposit,online,New York,mobile,False
402.11,deposit,entertainment,Tokyo,mobile,False
13.4,transfer,online,New York,atm,False
42.89,transfer,entertainment,Tokyo,atm,False
1200.5,deposit,entertainment,Tokyo,atm,False
11.8,transfer,online,Tokyo,atm,False
694.23,deposit,online,New York,mobile,False
1851.4,deposit,online,Tokyo,atm,False
21.58,transfer,online,New York,mobile,False
499.14,deposit,entertainment,Tokyo,mobile,False
14.37,transfer,online,Tokyo,atm,False
1135.06,deposit,entertainment,New York,mobile,False
918.66,deposit,online,Tokyo,mobile,False
1236.25,deposit,online,Tokyo,atm,False
38.6,transfer,online,New York,mobile,False
39.75,transfer,entertainment,New York,mobile,False
711.01,deposit,online,Tokyo,atm,False
19.63,transfer,online,New York,atm,False
26.09,transfer,entertainment,New York,mobile,False
13.47,transfer,entertainment,New York,atm,False
1280.78,deposit,entertainment,Tokyo,atm,False
59.52,transfer,online,New York,atm,False
19.43,transfer,online,New York,mobile,False
1266.72,deposit,entertainment,New York,atm,False
1136.84,deposit,entertainment,New York,mobile,False
1515.34,deposit,entertainment,New York,atm,False
29.86,transfer,entertainment,New York,atm,False
11.18,transfer,entertainment,Tokyo,mobile,False
34.48,transfer,entertainment,Tokyo,atm,False
1394.43,deposit,entertainment,Tokyo,atm,False
1503.82,deposit,entertainment,Tokyo,mobile,False
1551.13,deposit,entertainment,Tokyo,mobile,False
214.15,deposit,entertainment,New York,mobile,False
23.65,transfer,online,New York,mobile,False
19.08,transfer,entertainment,New York,atm,False
17.17,transfer,online,New York,mobile,True
14.17,transfer,entertainment,New York,atm,False
1045.1,deposit,entertainment,Tokyo,mobile,False
1462.27,deposit,entertainment,New York,mobile,False
12.99,transfer,online,New York,mobile,False
1513.12,deposit,entertainment,Tokyo,atm,False
5.57,transfer,entertainment,New York,atm,False
357.19,deposit,entertainment,New York,mobile,False
23.03,transfer,online,New York,atm,False
12.3,transfer,online,Tokyo,mobile,False
1228.4,deposit,entertainment,New York,atm,False
1616.29,deposit,entertainment,New York,atm,False
50.84,transfer,entertainment,Tokyo,atm,False
846.2,deposit,entertainment,New York,atm,False
1169.92,deposit,online,Tokyo,atm,False
76.22,transfer,online,New York,mobile,False
22.94,transfer,online,New York,mobile,False
35.63,transfer,entertainment,New York,mobile,False
20.03,transfer,entertainment,Tokyo,mobile,False
1160.47,deposit,online,New York,atm,False
154.11,deposit,online,New York,atm,False
366.93,deposit,online,Tokyo,mobile,False
83.6,transfer,online,New York,mobile,False
1945.74,deposit,online,Tokyo,atm,False
961.96,deposit,entertainment,Tokyo,atm,False
998.12,deposit,online,New York,atm,False
871.35,deposit,entertainment,Tokyo,mobile,False
1891.05,deposit,entertainment,Tokyo,atm,False
10.87,transfer,entertainment,New York,mobile,False
30.87,transfer,online,Tokyo,mobile,False
781.5,deposit,entertainment,New York,mobile,False
4.62,transfer,online,Tokyo,atm,True
1376.95,deposit,online,Tokyo,mobile,False
13.21,transfer,entertainment,Tokyo,atm,False
947.85,deposit,entertainment,New York,mobile,False
8.94,transfer,entertainment,Tokyo,mobile,False
802.12,deposit,entertainment,New York,mobile,False
824.67,deposit,online,New York,mobile,False
1475.56,deposit,entertainment,New York,mobile,False
12.31,transfer,entertainment,New York,mobile,False
356.09,deposit,online,Tokyo,atm,False
1199.2,deposit,entertainment,Tokyo,atm,False
340.02,deposit,entertainment,New York,mobile,False
676.59,deposit,online,New York,mobile,False
12.8,transfer,entertainment,Tokyo,mobile,False
10.18,transfer,online,Tokyo,mobile,False
31.6,transfer,online,Tokyo,atm,False
740.66,deposit,entertainment,New York,mobile,True
793.95,deposit,online,Tokyo,atm,False
1123.93,deposit,entertainment,New York,mobile,False
1307.33,deposit,entertainment,Tokyo,atm,False
951.72,deposit,entertainment,Tokyo,atm,False
676.86,deposit,online,Tokyo,atm,False
1236.12,deposit,entertainment,New York,atm,False
1713.78,deposit,entertainment,New York,mobile,False
1478.61,deposit,online,New York,mobile,False
12.78,transfer,entertainment,Tokyo,mobile,False
21.7,transfer,entertainment,Tokyo,atm,False
584.85,deposit,online,Tokyo,atm,False
27.12,transfer,online,New York,mobile,False
0.01,deposit,entertainment,Tokyo,atm,False
6.14,transfer,online,Tokyo,mobile,False
1455.68,deposit,entertainment,New York,mobile,False
34.82,transfer,entertainment,Tokyo,mobile,False
25.48,transfer,online,New York,mobile,False
1269.8,deposit,entertainment,Tokyo,mobile,False
7.81,transfer,entertainment,Tokyo,mobile,False
22.88,transfer,online,Tokyo,mobile,False
10.39,transfer,entertainment,Tokyo,atm,False
70.45,transfer,entertainment,Tokyo,mobile,False
9.1,transfer,entertainment,Tokyo,mobile,False
34.46,transfer,online,Tokyo,mobile,True
1164.12,deposit,online,New York,atm,False
8.03,transfer,entertainment,Tokyo,mobile,False
11.33,transfer,entertainment,Tokyo,atm,False
566.21,deposit,entertainment,New York,atm,False
934.5,deposit,online,Tokyo,atm,False
988.58,deposit,entertainment,New York,atm,False
990.31,deposit,online,New York,atm,False
2402.25,deposit,entertainment,New York,atm,False
13.04,transfer,online,Tokyo,atm,False
72.01,transfer,entertainment,New York,atm,False
25.4,transfer,online,Tokyo,mobile,True
1623.27,deposit,online,Tokyo,atm,False
1149.27,deposit,online,Tokyo,mobile,False
338.56,deposit,entertainment,Tokyo,mobile,False
1281.3,deposit,online,New York,mobile,False
1210.83,deposit,entertainment,New York,atm,False
1819.6,deposit,online,New York,atm,False
17.68,transfer,entertainment,Tokyo,atm,False
5.43,transfer,online,New York,mobile,False
1078.92,deposit,online,Tokyo,mobile,False
34.06,transfer,entertainment,Tokyo,atm,False
771.25,deposit,online,New York,mobile,False
454.99,deposit,online,New York,atm,False
16.86,transfer,entertainment,New York,mobile,False
11.22,transfer,entertainment,New York,atm,False
619.32,deposit,entertainment,New York,atm,False
1553.03,deposit,online,Tokyo,atm,False
555.9,deposit,online,New York,atm,False
18.19,transfer,online,Tokyo,mobile,False
34.1,transfer,entertainment,New York,atm,False
583.82,deposit,online,Tokyo,mobile,False
25.91,transfer,online,New York,mobile,False
696.86,deposit,online,New York,atm,False
1246.55,deposit,entertainment,Tokyo,atm,False
443.6,deposit,entertainment,New York,mobile,False
767.82,deposit,online,New York,atm,False
1229.12,deposit,online,New York,mobile,False
2.63,transfer,entertainment,Tokyo,atm,False
20.14,transfer,online,New York,mobile,False
25.79,transfer,online,New York,mobile,False
856.14,deposit,entertainment,New York,mobile,False
59.05,transfer,entertainment,Tokyo,atm,False
18.37,transfer,online,New York,mobile,False
44.07,transfer,online,Tokyo,mobile,False
6.15,transfer,online,New York,mobile,False
905.01,deposit,online,New York,atm,False
1883.9,deposit,entertainment,Tokyo,mobile,False
29.67,transfer,online,Tokyo,mobile,False
37.37,transfer,online,Tokyo,mobile,False
10.62,transfer,entertainment,Tokyo,atm,False
6.34,transfer,entertainment,Tokyo,atm,False
960.06,deposit,entertainment,New York,atm,False
1359.7,deposit,entertainment,Tokyo,atm,False
11.42,transfer,entertainment,New York,atm,False
382.84,deposit,entertainment,Tokyo,atm,False
1421.64,deposit,entertainment,New York,atm,False
595.93,deposit,online,New York,mobile,False
82.59,transfer,entertainment,New York,mobile,False
37.54,transfer,entertainment,Tokyo,atm,False
13,transfer,online,Tokyo,mobile,False
905.03,deposit,online,Tokyo,atm,True
1093.86,deposit,online,New York,mobile,False
1826.21,deposit,entertainment,Tokyo,mobile,False
35.46,transfer,online,Tokyo,mobile,False
23.01,transfer,online,Tokyo,atm,False
25.2,transfer,online,New York,mobile,False
1281.46,deposit,entertainment,New York,atm,False
16.6,transfer,entertainment,New York,mobile,False
35.7,transfer,entertainment,New York,mobile,False
13.62,transfer,entertainment,New York,atm,False
12.78,transfer,entertainment,New York,atm,False
46.8,transfer,online,New York,mobile,False
1649.12,deposit,entertainment,New York,atm,True
11.23,transfer,entertainment,Tokyo,atm,False
1052.58,deposit,entertainment,Tokyo,atm,False
1382.99,deposit,online,Tokyo,atm,False
22.45,transfer,online,Tokyo,mobile,False
1259.55,deposit,online,New York,atm,False
13.61,transfer,online,Tokyo,mobile,False
76.14,transfer,online,New York,mobile,False
11.85,transfer,entertainment,Tokyo,mobile,False
36.63,transfer,entertainment,Tokyo,mobile,False
7.62,transfer,online,New York,mobile,False
1035.59,deposit,entertainment,New York,atm,False
977.24,deposit,entertainment,Tokyo,mobile,False
21.45,transfer,entertainment,Tokyo,atm,False
711.31,deposit,online,New York,mobile,False
0.01,deposit,online,New York,mobile,False
29.61,transfer,online,New York,atm,False
33.73,transfer,entertainment,New York,atm,False
280.01,deposit,online,Tokyo,mobile,False
10.3,transfer,entertainment,New York,mobile,False
1863.07,deposit,online,Tokyo,atm,False
6.89,transfer,online,New York,atm,False
1085.89,deposit,entertainment,Tokyo,mobile,False
933.5,deposit,entertainment,New York,atm,False
17.83,transfer,entertainment,Tokyo,mobile,False
16.07,transfer,online,Tokyo,mobile,False
808.42,deposit,entertainment,New York,atm,False
1897.05,deposit,online,Tokyo,atm,False
900.53,deposit,entertainment,New York,atm,False
13.24,transfer,entertainment,Tokyo,atm,False
1416.28,deposit,entertainment,New York,mobile,False
56.06,transfer,online,New York,mobile,False
31.55,transfer,online,New York,atm,False
53.23,transfer,online,Tokyo,mobile,True
18.89,transfer,online,Tokyo,mobile,False
31.51,transfer,entertainment,New York,atm,False
9.36,transfer,entertainment,New York,mobile,False
944.46,deposit,entertainment,New York,mobile,False
1492.54,deposit,online,New York,mobile,False
38.1,transfer,entertainment,New York,mobile,False
15.65,transfer,entertainment,New York,mobile,False
15.97,transfer,entertainment,Tokyo,atm,False
980.42,deposit,entertainment,New York,atm,False
21.93,transfer,online,New York,mobile,False
7.76,transfer,online,New York,mobile,False
15.78,transfer,online,Tokyo,atm,False
21.78,transfer,online,New York,mobile,False
21.01,transfer,online,New York,atm,False
587.73,deposit,online,New York,mobile,False
8.96,transfer,entertainment,New York,mobile,False
753.79,deposit,entertainment,Tokyo,atm,False
1238.96,deposit,online,New York,mobile,False
26.86,transfer,online,Tokyo,mobile,False
202.62,deposit,online,Tokyo,atm,False
860.02,deposit,online,Tokyo,atm,False
1080.98,deposit,online,Tokyo,atm,False
23.32,transfer,entertainment,New York,mobile,False
1535.13,deposit,entertainment,New York,atm,False
1128.04,deposit,online,New York,mobile,False
59.21,transfer,entertainment,New York,atm,False
14.41,transfer,online,Tokyo,atm,False
1222.08,deposit,online,Tokyo,mobile,False
983.41,deposit,entertainment,New York,mobile,False
943.77,deposit,online,Tokyo,atm,False
81.09,transfer,entertainment,New York,atm,False
941.57,deposit,online,Tokyo,mobile,False
1383.01,deposit,online,Tokyo,atm,False
1967.54,deposit,entertainment,Tokyo,atm,False
28.98,transfer,entertainment,New York,atm,False
8.17,transfer,entertainment,New York,atm,False
620.1,deposit,entertainment,Tokyo,mobile,False
19.02,transfer,entertainment,Tokyo,mobile,False
17.69,transfer,online,New York,mobile,False
1309.54,deposit,entertainment,Tokyo,mobile,False
23.2,transfer,entertainment,Tokyo,mobile,False
401.6,deposit,online,New York,atm,False
54.92,transfer,entertainment,Tokyo,atm,False
1679.84,deposit,online,New York,mobile,False
24.15,transfer,online,Tokyo,mobile,False
1308.58,deposit,online,New York,atm,False
1405.49,deposit,online,Tokyo,mobile,False
690.16,deposit,entertainment,Tokyo,mobile,False
1000.01,deposit,entertainment,Tokyo,atm,False
841.86,deposit,entertainment,Tokyo,atm,False
1152.54,deposit,entertainment,New York,mobile,False
16.07,transfer,online,New York,mobile,False
835.95,deposit,entertainment,Tokyo,mobile,False
47.31,transfer,online,Tokyo,atm,False
1179.45,deposit,online,New York,atm,False
1581.25,deposit,online,New York,atm,True
2662.61,deposit,online,New York,atm,False
658.92,deposit,online,Tokyo,mobile,False
15.65,transfer,entertainment,Tokyo,atm,False
0.01,deposit,entertainment,New York,mobile,False
14.93,transfer,online,Tokyo,atm,False
41.71,transfer,online,New York,mobile,False
116.41,transfer,entertainment,Tokyo,mobile,False
1505.97,deposit,entertainment,New York,mobile,False
1616.53,deposit,entertainment,Tokyo,atm,False
1033.18,deposit,entertainment,Tokyo,mobile,False
13.23,transfer,online,New York,atm,False
627.22,deposit,online,New York,atm,False
194.54,deposit,online,Tokyo,mobile,False
30.29,transfer,online,New York,atm,False
26.64,transfer,online,Tokyo,mobile,False
14.37,transfer,online,New York,atm,False
17.57,transfer,online,New York,atm,False
1165.51,deposit,online,Tokyo,mobile,False
1749.71,deposit,online,Tokyo,mobile,False
21.77,transfer,online,New York,atm,True
15.69,transfer,entertainment,New York,atm,False
1185.95,deposit,online,New York,atm,False
1535.85,deposit,entertainment,Tokyo,atm,False
15.67,transfer,online,New York,atm,False
1235.27,deposit,entertainment,Tokyo,atm,False
33.71,transfer,entertainment,Tokyo,mobile,False
1136.31,deposit,entertainment,New York,mobile,False
24.24,transfer,online,New York,atm,False
1103.82,deposit,entertainment,Tokyo,atm,False
32.92,transfer,entertainment,New York,mobile,False
7.96,transfer,online,New York,atm,False
6.06,transfer,entertainment,New York,mobile,False
18.2,transfer,entertainment,New York,atm,False
233.24,deposit,online,New York,mobile,False
17.43,transfer,entertainment,Tokyo,atm,False
190.88,deposit,online,Tokyo,mobile,False
21.7,transfer,entertainment,Tokyo,atm,False
23.49,transfer,online,Tokyo,mobile,False
372.72,deposit,online,Tokyo,mobile,False
850.08,deposit,online,New York,atm,True
8.81,transfer,online,Tokyo,atm,False
8.26,transfer,online,New York,mobile,False
1150.91,deposit,entertainment,Tokyo,atm,True
845.2,deposit,entertainment,Tokyo,mobile,False
709.32,deposit,online,Tokyo,atm,False
47.75,transfer,online,New York,atm,False
715.45,deposit,entertainment,Tokyo,mobile,False
8.15,transfer,entertainment,Tokyo,atm,False
883.6,deposit,entertainment,Tokyo,atm,False
13.22,transfer,entertainment,Tokyo,mobile,False
1001.64,deposit,entertainment,Tokyo,mobile,False
34.13,transfer,online,Tokyo,atm,False
44.38,transfer,entertainment,New York,atm,False
1087.99,deposit,online,Tokyo,mobile,False
42.39,transfer,online,New York,atm,False
6.72,transfer,entertainment,Tokyo,atm,False
14.69,transfer,entertainment,New York,atm,False
717.77,deposit,entertainment,Tokyo,atm,False
1172.75,deposit,entertainment,New York,atm,False
1043.92,deposit,online,Tokyo,atm,False
26.18,transfer,online,New York,mobile,False
1080.8,deposit,online,New York,mobile,False
22.67,transfer,entertainment,New York,atm,False
47.02,transfer,online,New York,mobile,False
107.61,transfer,entertainment,New York,atm,False
25.75,transfer,online,New York,atm,False
29.13,transfer,entertainment,New York,mobile,False
27.89,transfer,online,New York,mobile,False
26,transfer,entertainment,Tokyo,atm,False
65.04,transfer,online,Tokyo,mobile,False
26.34,transfer,entertainment,Tokyo,mobile,False
1128.12,deposit,entertainment,Tokyo,atm,False
31.08,transfer,online,Tokyo,atm,False
1111.98,deposit,online,New York,atm,False
20.07,transfer,online,Tokyo,mobile,False
15.82,transfer,online,New York,atm,False
1314.86,deposit,online,New York,atm,True
27.4,transfer,entertainment,Tokyo,atm,False
383.46,deposit,online,Tokyo,mobile,False
1853.66,deposit,online,New York,atm,False
34.92,transfer,online,New York,mobile,False
7.04,transfer,entertainment,Tokyo,atm,False
10.69,transfer,entertainment,New York,mobile,False
980.7,deposit,entertainment,Tokyo,mobile,False
1126.94,deposit,entertainment,Tokyo,atm,False
43.7,transfer,online,New York,atm,False
694.81,deposit,entertainment,Tokyo,atm,False
7.68,transfer,entertainment,Tokyo,mobile,False
11.77,transfer,entertainment,Tokyo,mobile,False
1098.01,deposit,entertainment,New York,mobile,False
40.38,transfer,online,New York,atm,False
1053.62,deposit,online,New York,atm,False
750.65,deposit,online,New York,atm,False
1041.3,deposit,entertainment,Tokyo,mobile,False
1516.49,deposit,entertainment,New York,atm,False
9.3,transfer,online,New York,atm,False
1420.18,deposit,online,Tokyo,atm,False
1135.7,deposit,entertainment,Tokyo,atm,False
439.51,deposit,online,New York,atm,False
102.16,deposit,online,Tokyo,mobile,False
1336.23,deposit,online,New York,mobile,False
19.96,transfer,entertainment,New York,atm,False
1433.59,deposit,online,Tokyo,atm,False
1454.31,deposit,entertainment,New York,mobile,False
1208.79,deposit,online,Tokyo,mobile,False
1311.84,deposit,entertainment,New York,atm,False
22.1,transfer,entertainment,New York,atm,False
16.44,transfer,entertainment,New York,atm,False
22.58,transfer,entertainment,New York,mobile,False
22.48,transfer,online,Tokyo,atm,False
16.99,transfer,entertainment,Tokyo,atm,False
1479.54,deposit,entertainment,Tokyo,atm,False
17.43,transfer,online,Tokyo,mobile,False
1323.75,deposit,entertainment,New York,atm,False
16.86,transfer,entertainment,Tokyo,atm,True
1521.97,deposit,entertainment,Tokyo,mobile,False
7.39,transfer,online,New York,atm,False
9.48,transfer,online,New York,atm,False
522.64,deposit,online,Tokyo,atm,False
9.27,transfer,online,New York,mobile,False
1289.48,deposit,entertainment,New York,mobile,False
34.41,transfer,entertainment,Tokyo,mobile,False
37.89,transfer,entertainment,New York,atm,True
1314.95,deposit,entertainment,New York,atm,False
4.53,transfer,entertainment,Tokyo,atm,False
13.77,transfer,entertainment,New York,atm,False
1907.09,deposit,entertainment,New York,mobile,False
1336.74,deposit,entertainment,New York,atm,False
207.71,deposit,online,New York,mobile,False
829.47,deposit,entertainment,New York,mobile,False
43.65,transfer,online,Tokyo,atm,False
1449.68,deposit,online,New York,mobile,False
1459.05,deposit,entertainment,Tokyo,mobile,False
984.24,deposit,online,New York,mobile,False
18.48,transfer,entertainment,New York,mobile,False
666.71,deposit,entertainment,New York,mobile,False
1203.75,deposit,online,New York,atm,False
673.69,deposit,online,New York,atm,False
31.04,transfer,online,Tokyo,atm,False
23.22,transfer,entertainment,New York,atm,False
718.99,deposit,online,Tokyo,mobile,False
760.63,deposit,entertainment,New York,atm,False
1413.86,deposit,online,New York,atm,False
1882.15,deposit,entertainment,Tokyo,atm,False
342.12,deposit,online,New York,mobile,False
1027.9,deposit,entertainment,Tokyo,mobile,True
1555.38,deposit,online,New York,atm,False
15.18,transfer,entertainment,New York,mobile,False
7.45,transfer,online,Tokyo,mobile,False
19.63,transfer,entertainment,New York,atm,False
23.41,transfer,entertainment,New York,atm,False
17.2,transfer,entertainment,Tokyo,atm,False
1919.95,deposit,online,Tokyo,atm,False
723.59,deposit,entertainment,New York,mobile,False
20.22,transfer,entertainment,New York,mobile,False
58.22,transfer,entertainment,New York,mobile,False
928.69,deposit,online,New York,mobile,False
42.09,transfer,entertainment,Tokyo,mobile,False
33.86,transfer,entertainment,New York,mobile,False
778.73,deposit,online,Tokyo,mobile,False
5.98,transfer,online,Tokyo,mobile,False
20.54,transfer,online,New York,atm,False
34.67,transfer,entertainment,New York,mobile,False
25.3,transfer,entertainment,Tokyo,mobile,False
58.31,transfer,entertainment,Tokyo,mobile,False
502.42,deposit,entertainment,New York,mobile,False
548.36,deposit,online,Tokyo,atm,False
278.75,deposit,entertainment,New York,mobile,False
1277.57,deposit,online,Tokyo,atm,False
11.1,transfer,online,Tokyo,mobile,False
20.73,transfer,online,Tokyo,mobile,False
1335.93,deposit,entertainment,Tokyo,atm,False
1214.56,deposit,entertainment,Tokyo,atm,False
17.57,transfer,online,Tokyo,atm,False
1811.69,deposit,online,Tokyo,atm,False
274.55,deposit,online,New York,mobile,False
28.78,transfer,online,New York,mobile,False
29.34,transfer,entertainment,Tokyo,atm,False
35.1,transfer,online,Tokyo,atm,False
13.76,transfer,entertainment,New York,atm,False
21.04,transfer,online,Tokyo,mobile,False
513.54,deposit,online,Tokyo,atm,False
1230,deposit,entertainment,Tokyo,atm,False
10.07,transfer,entertainment,Tokyo,atm,False
25.69,transfer,online,New York,mobile,False
1217.68,deposit,entertainment,Tokyo,mobile,False
304.77,deposit,online,Tokyo,mobile,False
862.75,deposit,entertainment,Tokyo,atm,False
211.64,deposit,entertainment,New York,mobile,False
1310.31,deposit,entertainment,New York,atm,False
16.46,transfer,entertainment,New York,mobile,False
50.7,transfer,entertainment,New York,atm,False
1559.26,deposit,entertainment,New York,atm,False
18.86,transfer,online,New York,mobile,False
15.52,transfer,online,New York,mobile,True
138.62,transfer,online,New York,atm,False
17.71,transfer,entertainment,New York,atm,False
736.92,deposit,online,New York,atm,False
25.18,transfer,entertainment,New York,atm,False
1290.94,deposit,entertainment,New York,mobile,False
937.9,deposit,entertainment,New York,atm,False
10.81,transfer,entertainment,Tokyo,atm,False
1145.25,deposit,entertainment,New York,atm,False
1098.89,deposit,entertainment,Tokyo,mobile,False
1261.96,deposit,entertainment,New York,atm,False
21.37,transfer,entertainment,New York,atm,False
904.29,deposit,entertainment,Tokyo,mobile,False
11.01,transfer,online,Tokyo,mobile,False
34.26,transfer,online,New York,mobile,False
11.84,transfer,online,Tokyo,atm,False
35.71,transfer,entertainment,New York,atm,False
940.77,deposit,online,Tokyo,mobile,False
797.47,deposit,online,Tokyo,mobile,False
773.21,deposit,online,New York,atm,False
1308.84,deposit,online,New York,atm,False
1102.82,deposit,entertainment,New York,mobile,False
25.83,transfer,online,Tokyo,mobile,True
1324.94,deposit,entertainment,Tokyo,atm,False
30.31,transfer,entertainment,New York,mobile,False
715.73,deposit,online,New York,atm,False
7.3,transfer,online,Tokyo,atm,False
60.98,transfer,entertainment,New York,mobile,False
7.67,transfer,entertainment,New York,atm,False
11.6,transfer,online,New York,atm,False
886.93,deposit,online,New York,atm,False
46.09,transfer,online,New York,atm,False
11.82,transfer,online,Tokyo,atm,False
14.58,transfer,entertainment,Tokyo,mobile,False
712.39,deposit,entertainment,Tokyo,mobile,False
53.68,transfer,online,Tokyo,mobile,False
1566.17,deposit,entertainment,New York,atm,False
1588.02,deposit,entertainment,Tokyo,atm,False
12.83,transfer,entertainment,New York,atm,False
700.45,deposit,online,Tokyo,mobile,False
21.47,transfer,online,New York,atm,False
0.01,deposit,entertainment,Tokyo,mobile,False
1592.79,deposit,online,Tokyo,mobile,False
526.25,deposit,entertainment,New York,mobile,False
20.34,transfer,online,Tokyo,atm,False
1458.45,deposit,entertainment,New York,atm,False
5.13,transfer,entertainment,New York,mobile,False
578.24,deposit,online,Tokyo,atm,False
984.03,deposit,online,New York,atm,True
31.64,transfer,online,Tokyo,atm,False
7.31,transfer,entertainment,New York,mobile,False
1206.87,deposit,entertainment,Tokyo,atm,False
30.11,transfer,online,Tokyo,atm,False
17.58,transfer,online,New York,mobile,False
31.72,transfer,entertainment,New York,mobile,False
690.77,deposit,entertainment,New York,atm,False
907.55,deposit,entertainment,Tokyo,mobile,False
9.72,transfer,online,Tokyo,mobile,False
79.46,transfer,entertainment,Tokyo,mobile,False
416.09,deposit,online,New York,atm,False
1046.84,deposit,entertainment,New York,mobile,False
57.58,deposit,entertainment,Tokyo,mobile,False
1574.84,deposit,online,Tokyo,mobile,False
866.18,deposit,entertainment,New York,mobile,False
1452.55,deposit,online,Tokyo,atm,False
899.45,deposit,online,Tokyo,mobile,False
1698.15,deposit,online,New York,mobile,False
12.56,transfer,online,New York,atm,False
650.55,deposit,online,Tokyo,atm,False
41.76,transfer,online,Tokyo,mobile,False
26.72,transfer,entertainment,New York,mobile,False
1164.42,deposit,online,New York,mobile,False
12.2,transfer,online,Tokyo,mobile,False
7.49,transfer,online,Tokyo,atm,False
1543.76,deposit,online,New York,atm,False
10.26,transfer,online,Tokyo,mobile,False
786.46,deposit,online,Tokyo,mobile,False
68.27,transfer,online,New York,atm,False
16.61,transfer,online,New York,mobile,False
1470.31,deposit,entertainment,Tokyo,mobile,False
11.68,transfer,entertainment,Tokyo,mobile,False
63.19,transfer,online,New York,atm,False
21.44,transfer,online,Tokyo,mobile,False
532.22,deposit,entertainment,Tokyo,atm,False
1106.89,deposit,entertainment,Tokyo,atm,False
60.18,transfer,entertainment,Tokyo,mobile,False
29.48,transfer,entertainment,New York,atm,False
1325.25,deposit,online,Tokyo,atm,False
39.08,transfer,entertainment,Tokyo,atm,False
821.82,deposit,entertainment,Tokyo,atm,False
7.62,transfer,online,Tokyo,atm,False
1365.97,deposit,online,Tokyo,mobile,False
13.69,transfer,entertainment,Tokyo,mobile,False
16.26,transfer,online,Tokyo,atm,False
14.09,transfer,entertainment,Tokyo,atm,False
1518.35,deposit,online,Tokyo,atm,False
1095.69,deposit,entertainment,New York,atm,False
15.88,transfer,online,Tokyo,atm,False
734.29,deposit,entertainment,Tokyo,mobile,False
36.02,transfer,online,Tokyo,atm,False
26.37,transfer,online,New York,atm,False
28.46,transfer,online,Tokyo,mobile,False
5.35,transfer,entertainment,New York,atm,False
880.02,deposit,online,New York,mobile,False
1303.74,deposit,online,New York,atm,False
3.88,transfer,online,New York,mobile,False
1847.83,deposit,online,Tokyo,atm,False
794.06,deposit,entertainment,Tokyo,atm,False
684.74,deposit,entertainment,Tokyo,atm,False
1449.72,deposit,entertainment,Tokyo,mobile,False
85.28,deposit,entertainment,Tokyo,mobile,False
48.23,transfer,entertainment,Tokyo,mobile,False
0.01,deposit,online,New York,atm,False
1485.42,deposit,entertainment,Tokyo,atm,False
600.74,deposit,online,Tokyo,atm,False
28.65,transfer,online,New York,mobile,False
0.01,deposit,entertainment,Tokyo,atm,False
467.07,deposit,entertainment,New York,mobile,False
49.8,transfer,entertainment,New York,atm,False
1972.55,deposit,entertainment,New York,atm,False
1468.93,deposit,online,New York,atm,False
11.57,transfer,online,Tokyo,mobile,False
1627.62,deposit,online,New York,mobile,False
31.1,transfer,entertainment,New York,atm,False
11.39,transfer,online,New York,atm,False
37.52,transfer,entertainment,New York,atm,False
18.11,transfer,online,Tokyo,atm,False
29.97,transfer,entertainment,Tokyo,atm,False
23.2,transfer,online,New York,mobile,False
12.31,transfer,online,New York,atm,False
926.36,deposit,online,Tokyo,atm,False
1373.91,deposit,online,Tokyo,mobile,False
1070.51,deposit,entertainment,Tokyo,atm,False
0.01,deposit,entertainment,Tokyo,mobile,False
20.52,transfer,entertainment,New York,atm,False
9.14,transfer,entertainment,Tokyo,mobile,False
1448.68,deposit,entertainment,New York,atm,False
18.6,transfer,entertainment,Tokyo,atm,False
823.07,deposit,entertainment,Tokyo,atm,False
1057.4,deposit,online,Tokyo,atm,False
12.75,transfer,entertainment,Tokyo,atm,False
36.82,transfer,online,Tokyo,mobile,False
845.07,deposit,online,Tokyo,atm,False
896.56,deposit,online,Tokyo,mobile,False
18.32,transfer,online,New York,mobile,False
725.77,deposit,entertainment,New York,mobile,False
826,deposit,online,New York,atm,False
1171.33,deposit,entertainment,New York,atm,False
905.82,deposit,entertainment,New York,mobile,False
992.83,deposit,entertainment,Tokyo,atm,False
21.18,transfer,online,Tokyo,mobile,False
1147.73,deposit,entertainment,Tokyo,atm,False
763.19,deposit,entertainment,New York,mobile,False
12.92,transfer,entertainment,Tokyo,atm,False
1427,deposit,entertainment,Tokyo,mobile,False
1075.97,deposit,entertainment,Tokyo,mobile,False
453.96,deposit,entertainment,New York,mobile,False
815.78,deposit,entertainment,Tokyo,atm,False
1189.29,deposit,online,Tokyo,mobile,False
980.62,deposit,entertainment,Tokyo,atm,False
15.49,transfer,entertainment,Tokyo,atm,False
40.36,transfer,online,New York,atm,False
1327.03,deposit,online,Tokyo,atm,False
2051.19,deposit,online,New York,atm,False
411.19,deposit,online,New York,atm,False
14.5,transfer,entertainment,Tokyo,mobile,False
266.59,deposit,entertainment,New York,atm,False
12.4,transfer,online,New York,atm,False
23.85,transfer,entertainment,New York,mobile,False
809.25,deposit,online,Tokyo,mobile,False
742.82,deposit,entertainment,New York,mobile,False
30.61,transfer,entertainment,New York,mobile,True
1510.13,deposit,entertainment,New York,mobile,False
11.16,transfer,entertainment,New York,atm,False
28.23,transfer,online,New York,atm,False
44.8,transfer,online,Tokyo,mobile,False
1045.14,deposit,entertainment,Tokyo,atm,False
18.47,transfer,entertainment,New York,atm,False
14.14,transfer,online,Tokyo,mobile,False
563.64,deposit,entertainment,New York,mobile,False
20.91,transfer,online,New York,atm,False
9.94,transfer,online,New York,mobile,False
475.34,deposit,online,Tokyo,atm,False
1118.57,deposit,entertainment,Tokyo,atm,False
35.86,transfer,online,New York,atm,False
16.62,transfer,entertainment,Tokyo,atm,False
1261.75,deposit,entertainment,Tokyo,mobile,False
960.12,deposit,entertainment,New York,mobile,False
1037.73,deposit,entertainment,New York,atm,False
930.84,deposit,online,New York,mobile,False
21.66,transfer,online,Tokyo,atm,False
9.03,transfer,online,New York,atm,False
19.99,transfer,online,Tokyo,mobile,False
9.19,transfer,entertainment,Tokyo,atm,False
16.21,transfer,online,Tokyo,mobile,False
7.1,transfer,entertainment,Tokyo,atm,False
16.73,transfer,entertainment,Tokyo,atm,False
30.93,transfer,online,New York,atm,False
1239.39,deposit,entertainment,New York,atm,False
6.14,transfer,entertainment,New York,atm,False
16.75,transfer,online,New York,mobile,False
17.49,transfer,online,Tokyo,atm,False
2233.64,deposit,online,New York,atm,False
1024.15,deposit,entertainment,New York,mobile,False
626.45,deposit,online,New York,mobile,False
1359.08,deposit,online,New York,mobile,False
8.72,transfer,online,New York,atm,False
35.59,transfer,online,Tokyo,mobile,False
1326.78,deposit,online,Tokyo,atm,False
292.37,deposit,online,Tokyo,atm,False
28.36,transfer,online,Tokyo,atm,False
952.41,deposit,entertainment,New York,mobile,False
1302.99,deposit,online,New York,mobile,False
6.72,transfer,online,Tokyo,atm,False
796.61,deposit,entertainment,New York,mobile,False
1862.29,deposit,online,New York,mobile,False
411,deposit,online,New York,atm,False
51.95,transfer,online,Tokyo,atm,False
31.21,transfer,online,New York,mobile,False
17.14,transfer,entertainment,Tokyo,atm,False
5.12,transfer,online,New York,mobile,False
17.62,transfer,online,Tokyo,atm,False
187.42,deposit,online,New York,mobile,False
1042.66,deposit,online,New York,mobile,False
19.92,transfer,online,Tokyo,atm,False
39.45,transfer,entertainment,New York,mobile,False
957.44,deposit,entertainment,Tokyo,atm,False
737.79,deposit,online,New York,mobile,False
1366.61,deposit,entertainment,Tokyo,atm,False
774.86,deposit,entertainment,New York,atm,False
805,deposit,entertainment,New York,mobile,False
793.51,deposit,online,New York,mobile,False
21.14,transfer,entertainment,New York,mobile,False
25.49,transfer,online,New York,atm,False
43.76,transfer,entertainment,New York,atm,False
1001.26,deposit,entertainment,Tokyo,atm,False
18.02,transfer,entertainment,New York,mobile,False
33.09,transfer,entertainment,New York,mobile,False
397.33,deposit,entertainment,Tokyo,atm,False
21.86,transfer,online,Tokyo,atm,False
629.96,deposit,entertainment,New York,mobile,False
1343.39,deposit,online,Tokyo,atm,True
1560.5,deposit,entertainment,Tokyo,atm,False
992.14,deposit,entertainment,New York,mobile,False
674.5,deposit,online,New York,atm,False
26.64,transfer,entertainment,Tokyo,atm,False
1058.52,deposit,entertainment,New York,mobile,False
13.54,transfer,entertainment,Tokyo,atm,False
8.45,transfer,entertainment,Tokyo,mobile,False
17.52,transfer,entertainment,New York,mobile,False
1335.02,deposit,entertainment,Tokyo,atm,False
48.25,transfer,online,Tokyo,mobile,False
24.73,transfer,online,New York,mobile,False
936.69,deposit,online,Tokyo,atm,False
1373.46,deposit,online,New York,atm,False
13.38,transfer,online,New York,mobile,False
1818.18,deposit,entertainment,Tokyo,mobile,False
24.8,transfer,entertainment,New York,atm,False
160.72,deposit,online,Tokyo,mobile,False
11.76,transfer,entertainment,Tokyo,atm,False
540.26,deposit,entertainment,New York,atm,False
19.71,transfer,entertainment,New York,atm,False
9.49,transfer,online,New York,mobile,False
30.71,transfer,online,New York,atm,True
703.1,deposit,online,Tokyo,mobile,False
32.25,transfer,entertainment,New York,mobile,False
1475.52,deposit,entertainment,Tokyo,atm,False
1443.75,deposit,online,Tokyo,mobile,False
18.85,transfer,online,New York,mobile,False
8.53,transfer,online,New York,atm,False
793.21,deposit,entertainment,Tokyo,mobile,False
756.57,deposit,online,New York,mobile,False
315.12,deposit,entertainment,Tokyo,mobile,False
1339.5,deposit,entertainment,Tokyo,mobile,False
1025.91,deposit,entertainment,Tokyo,atm,False
869.82,deposit,entertainment,Tokyo,atm,False
12.29,transfer,online,Tokyo,atm,False
1366.03,deposit,entertainment,Tokyo,atm,False
1080.24,deposit,online,New York,mobile,False
50.67,transfer,online,Tokyo,mobile,True
869.5,deposit,online,Tokyo,atm,False
10.06,transfer,entertainment,New York,atm,False
884.55,deposit,online,New York,mobile,False
52.1,transfer,online,Tokyo,atm,False
746.97,deposit,online,New York,mobile,False
719.76,deposit,online,Tokyo,atm,False
1630.81,deposit,entertainment,New York,mobile,False
1122.86,deposit,online,New York,atm,False
703.63,deposit,entertainment,Tokyo,mobile,False
15.98,transfer,entertainment,New York,mobile,False
15.71,transfer,entertainment,Tokyo,atm,False
23.68,transfer,entertainment,Tokyo,mobile,False
1068.74,deposit,entertainment,Tokyo,atm,False
510.59,deposit,entertainment,Tokyo,atm,False
1104.03,deposit,entertainment,Tokyo,atm,True
99.89,transfer,entertainment,Tokyo,mobile,False
18.37,transfer,online,Tokyo,mobile,False
62.72,transfer,entertainment,New York,mobile,False
986.5,deposit,entertainment,New York,atm,False
1812.52,deposit,entertainment,New York,atm,False
143.71,deposit,entertainment,New York,atm,False
1181.76,deposit,entertainment,New York,mobile,False
28.02,transfer,online,Tokyo,mobile,False
1201.73,deposit,entertainment,Tokyo,atm,False
8.91,transfer,entertainment,Tokyo,atm,False
1226.7,deposit,online,New York,atm,False
2641.74,deposit,entertainment,New York,atm,False
1423.27,deposit,online,Tokyo,mobile,False
10.97,transfer,entertainment,New York,atm,False
15.85,transfer,entertainment,Tokyo,mobile,False
1231.93,deposit,entertainment,New York,mobile,False
1088.21,deposit,entertainment,New York,atm,False
1405.65,deposit,online,New York,mobile,False
17.42,transfer,online,New York,mobile,False
506.07,deposit,entertainment,Tokyo,atm,False
863.43,deposit,entertainment,Tokyo,mobile,False
10.17,transfer,online,Tokyo,atm,False
885.22,deposit,online,Tokyo,atm,False
1528.26,deposit,online,New York,mobile,False
13.73,transfer,online,Tokyo,mobile,False
422.71,deposit,online,Tokyo,mobile,False
47.91,transfer,online,Tokyo,atm,False
17.28,transfer,entertainment,New York,atm,False
31.92,transfer,online,Tokyo,mobile,False
7.42,transfer,entertainment,Tokyo,atm,False
1405.02,deposit,online,New York,mobile,False
601.85,deposit,online,New York,atm,False
57.05,transfer,entertainment,Tokyo,mobile,False
39.65,transfer,entertainment,Tokyo,mobile,False
801.04,deposit,entertainment,Tokyo,mobile,False
591.38,deposit,entertainment,New York,mobile,False
2317.32,deposit,entertainment,Tokyo,mobile,False
7.41,transfer,entertainment,Tokyo,atm,False
9.28,transfer,online,Tokyo,mobile,False
697.47,deposit,online,Tokyo,mobile,False
22.09,transfer,online,New York,atm,False
13.42,transfer,entertainment,New York,atm,False
643.62,deposit,entertainment,New York,mobile,False
574.77,deposit,online,Tokyo,atm,False
788.85,deposit,online,Tokyo,atm,False
1124.9,deposit,online,New York,atm,False
652.87,deposit,entertainment,Tokyo,atm,True
4.48,transfer,entertainment,New York,mobile,False
40.35,transfer,entertainment,Tokyo,atm,False
1711.69,deposit,online,Tokyo,mobile,False
17.18,transfer,entertainment,New York,mobile,False
14.37,transfer,online,New York,atm,False
43.24,transfer,entertainment,New York,atm,False
1044.73,deposit,entertainment,New York,atm,False
15.27,transfer,online,Tokyo,mobile,False
10.68,transfer,online,Tokyo,atm,False
0.01,deposit,online,New York,atm,False
41.96,transfer,online,Tokyo,mobile,False
1301.76,deposit,entertainment,New York,mobile,False
18.03,transfer,entertainment,New York,mobile,False
580.27,deposit,entertainment,Tokyo,atm,False
183.65,deposit,online,Tokyo,atm,False
13.86,transfer,entertainment,Tokyo,atm,False
1633.36,deposit,online,Tokyo,atm,False
5.09,transfer,online,New York,mobile,False
49.84,transfer,entertainment,Tokyo,mobile,False
50.04,transfer,entertainment,Tokyo,atm,False
26.96,transfer,online,New York,mobile,False
23.63,transfer,entertainment,Tokyo,atm,False
1720.73,deposit,entertainment,Tokyo,mobile,False
1382.61,deposit,online,Tokyo,atm,False
18.52,transfer,online,Tokyo,mobile,False
2156.82,deposit,entertainment,Tokyo,mobile,False
465.55,deposit,online,Tokyo,atm,False
6.46,transfer,entertainment,Tokyo,atm,True
64.8,transfer,entertainment,Tokyo,atm,False
23.62,transfer,online,New York,mobile,False
1012.93,deposit,entertainment,Tokyo,atm,False
690.71,deposit,entertainment,New York,mobile,False
673.54,deposit,entertainment,Tokyo,mobile,False
14.96,transfer,online,New York,mobile,False
0.01,deposit,entertainment,Tokyo,mobile,False
1251.92,deposit,entertainment,Tokyo,atm,False
1641.78,deposit,online,Tokyo,atm,False
8.79,transfer,online,New York,atm,False
1636.96,deposit,entertainment,New York,mobile,False
17.26,transfer,online,Tokyo,mobile,False
50.67,transfer,online,Tokyo,mobile,False
1024.04,deposit,entertainment,Tokyo,mobile,False
1198.87,deposit,online,Tokyo,mobile,False
48.09,transfer,entertainment,Tokyo,mobile,False
725.81,deposit,entertainment,Tokyo,atm,False
397.96,deposit,online,Tokyo,mobile,False
1643.04,deposit,entertainment,New York,atm,False
9.59,transfer,entertainment,Tokyo,mobile,True
1057.71,deposit,entertainment,Tokyo,mobile,False
13.91,transfer,entertainment,New York,atm,False
13.38,transfer,entertainment,New York,mobile,False
24.43,transfer,online,Tokyo,mobile,False
40.6,transfer,online,Tokyo,mobile,False
525.21,deposit,online,Tokyo,mobile,False
10.84,transfer,entertainment,Tokyo,mobile,False
1901.57,deposit,online,New York,atm,True
489.93,deposit,online,Tokyo,atm,False
1257.22,deposit,online,Tokyo,mobile,False
894.54,deposit,entertainment,New York,mobile,False
54.01,transfer,entertainment,Tokyo,mobile,False
15.05,transfer,online,New York,mobile,False
26.04,transfer,online,New York,mobile,False
10.76,transfer,entertainment,New York,atm,False
1413.25,deposit,online,Tokyo,atm,False
25.22,transfer,entertainment,New York,mobile,False
32.53,transfer,entertainment,New York,mobile,False
1242.39,deposit,online,New York,atm,False
15.56,transfer,online,Tokyo,mobile,False
570.95,deposit,online,New York,atm,False
1339.68,deposit,online,New York,atm,False
17.25,transfer,entertainment,Tokyo,atm,False
1492.93,deposit,entertainment,New York,mobile,True
6.29,transfer,entertainment,New York,atm,False
1397.58,deposit,entertainment,New York,mobile,False
48.41,transfer,entertainment,New York,atm,False
1759.64,deposit,entertainment,Tokyo,atm,False
508.68,deposit,entertainment,New York,atm,False
595.85,deposit,online,New York,mobile,False
1522.43,deposit,entertainment,Tokyo,atm,False
755.5,deposit,entertainment,Tokyo,mobile,False
30.6,transfer,online,New York,atm,False
1713.83,deposit,online,New York,mobile,False
81.15,transfer,entertainment,Tokyo,mobile,False
25.6,transfer,online,New York,atm,False
28.28,transfer,online,New York,mobile,False
10.36,transfer,entertainment,New York,mobile,False
10.87,transfer,entertainment,Tokyo,mobile,False
9.83,transfer,online,Tokyo,mobile,False
1360.93,deposit,online,Tokyo,atm,False
1609.71,deposit,online,Tokyo,mobile,False
682.42,deposit,entertainment,New York,atm,False
6.11,transfer,online,New York,atm,False
8.99,transfer,online,Tokyo,mobile,False
1428.75,deposit,entertainment,New York,mobile,False
26.19,transfer,online,Tokyo,mobile,False
8.49,transfer,online,New York,mobile,False
35.65,transfer,entertainment,Tokyo,mobile,False
11.37,transfer,entertainment,New York,atm,False
0.01,deposit,online,New York,mobile,False
1155.75,deposit,online,New York,atm,False
25.22,transfer,online,Tokyo,mobile,False
1829.77,deposit,online,Tokyo,atm,False
5.67,transfer,online,New York,atm,False
33.31,transfer,entertainment,Tokyo,atm,False
1011.95,deposit,online,New York,atm,False
6.19,transfer,online,New York,atm,False
145.93,transfer,online,Tokyo,atm,False
14.22,transfer,entertainment,Tokyo,atm,False
505.79,deposit,entertainment,New York,atm,False
20.25,transfer,online,Tokyo,mobile,False
54.28,transfer,entertainment,New York,mobile,False
1033.19,deposit,entertainment,New York,mobile,False
624.18,deposit,online,Tokyo,mobile,False
38.14,transfer,online,New York,mobile,False
1728.95,deposit,online,Tokyo,atm,False
199.59,deposit,entertainment,Tokyo,atm,False
1107.32,deposit,entertainment,Tokyo,mobile,False
1694.92,deposit,entertainment,Tokyo,mobile,False
1976.19,deposit,entertainment,New York,atm,False
14.42,transfer,entertainment,Tokyo,atm,False
1156.25,deposit,online,Tokyo,mobile,False
1610.19,deposit,entertainment,New York,mobile,False
6.88,transfer,entertainment,Tokyo,mobile,False
5.06,transfer,entertainment,New York,atm,False
17.46,transfer,entertainment,Tokyo,atm,False
886.34,deposit,entertainment,New York,atm,False
1035.22,deposit,entertainment,Tokyo,atm,False
212.99,deposit,online,New York,mobile,False
1572.39,deposit,entertainment,New York,atm,False
1130.5,deposit,entertainment,Tokyo,mobile,False
1674.14,deposit,online,Tokyo,atm,False
11.23,transfer,entertainment,New York,mobile,False
18.95,transfer,online,New York,atm,True
21.65,transfer,entertainment,Tokyo,mobile,False
23.45,transfer,online,Tokyo,atm,False
1130.44,deposit,entertainment,New York,mobile,False
879.08,deposit,entertainment,Tokyo,atm,False
25.27,transfer,online,New York,mobile,False
34.67,transfer,online,New York,mobile,False
10.28,transfer,entertainment,Tokyo,atm,False
808.59,deposit,entertainment,New York,atm,False
33.56,transfer,entertainment,Tokyo,mobile,False
1417.97,deposit,online,Tokyo,atm,False
1339.06,deposit,online,Tokyo,mobile,False
1835.65,deposit,entertainment,New York,atm,False
960.53,deposit,entertainment,Tokyo,atm,False
1490.16,deposit,entertainment,New York,atm,False
303.96,deposit,entertainment,Tokyo,atm,False
1238.07,deposit,online,New York,atm,False
652.21,deposit,entertainment,New York,atm,False
0.01,deposit,entertainment,New York,atm,False
10.73,transfer,entertainment,Tokyo,mobile,False
1400.59,deposit,online,New York,mobile,False
568.82,deposit,online,Tokyo,mobile,False
1267.36,deposit,online,New York,atm,False
257.64,deposit,entertainment,New York,atm,False
994.59,deposit,entertainment,Tokyo,atm,False
818.64,deposit,entertainment,Tokyo,atm,False
949.51,deposit,entertainment,Tokyo,atm,False
38.95,transfer,entertainment,New York,atm,False
32.84,transfer,online,New York,mobile,False
31.11,transfer,online,Tokyo,mobile,False
1223.94,deposit,entertainment,Tokyo,atm,False
832.17,deposit,entertainment,New York,atm,True
13.37,transfer,online,Tokyo,mobile,False
940.29,deposit,entertainment,New York,atm,False
50.37,transfer,entertainment,Tokyo,mobile,False
870.74,deposit,online,Tokyo,atm,False
436.71,deposit,online,Tokyo,mobile,False
233.9,deposit,online,New York,atm,False
44.91,transfer,online,Tokyo,mobile,False
10.63,transfer,online,New York,atm,False
16.04,transfer,online,New York,atm,False
82.96,transfer,entertainment,New York,mobile,False
618.22,deposit,online,Tokyo,atm,False
1352.38,deposit,entertainment,Tokyo,atm,False
1638.32,deposit,entertainment,Tokyo,mobile,False
2437.51,deposit,entertainment,New York,atm,False
57.58,transfer,online,New York,mobile,False
5.2,transfer,entertainment,New York,atm,False
433.69,deposit,online,Tokyo,atm,False
883.41,deposit,entertainment,Tokyo,mobile,False
1516.94,deposit,entertainment,Tokyo,atm,False
436.81,deposit,entertainment,New York,atm,False
22.35,transfer,online,New York,mobile,False
746.91,deposit,entertainment,Tokyo,atm,False
41.91,transfer,entertainment,Tokyo,mobile,False
1454.64,deposit,entertainment,New York,mobile,False
14.44,transfer,entertainment,Tokyo,mobile,False
12.19,transfer,entertainment,New York,mobile,False
324.39,deposit,online,Tokyo,atm,False
21.03,transfer,entertainment,New York,mobile,False
9.9,transfer,online,New York,atm,False
976.46,deposit,online,Tokyo,atm,False
1369.66,deposit,online,New York,atm,False
17.97,transfer,online,New York,mobile,True
1005.9,deposit,online,New York,mobile,False
0.01,deposit,entertainment,New York,atm,False
4.33,transfer,online,Tokyo,atm,False
8.61,transfer,entertainment,Tokyo,atm,False
23.52,transfer,online,New York,atm,False
35.59,deposit,online,New York,mobile,False
35.88,transfer,entertainment,New York,atm,False
17.94,transfer,online,Tokyo,atm,False
13.31,transfer,entertainment,New York,mobile,True
83.7,deposit,entertainment,New York,mobile,False
914.04,deposit,entertainment,New York,mobile,False
363.68,deposit,online,Tokyo,mobile,False
21.1,transfer,entertainment,New York,mobile,False
34.23,transfer,online,Tokyo,mobile,False
483.26,deposit,online,Tokyo,mobile,False
594.31,deposit,entertainment,Tokyo,mobile,False
10.46,transfer,online,Tokyo,mobile,False
10.44,transfer,entertainment,Tokyo,mobile,False
36.41,transfer,online,New York,mobile,False
4.15,transfer,entertainment,New York,mobile,False
1486.23,deposit,entertainment,New York,atm,False
14.64,transfer,entertainment,Tokyo,mobile,False
253.87,deposit,online,Tokyo,mobile,False
1623.81,deposit,online,New York,atm,False
1828.03,deposit,online,Tokyo,mobile,False
19.18,transfer,entertainment,Tokyo,atm,False
1177.79,deposit,online,New York,atm,False
711.14,deposit,entertainment,Tokyo,atm,False
953.82,deposit,online,Tokyo,mobile,False
364.26,deposit,entertainment,Tokyo,mobile,False
38.82,transfer,entertainment,New York,mobile,False
1476.62,deposit,online,New York,atm,False
12.41,transfer,entertainment,Tokyo,atm,False
1043.38,deposit,online,Tokyo,atm,False
41.27,transfer,entertainment,Tokyo,mobile,False
23.76,transfer,entertainment,New York,atm,True
31.12,transfer,entertainment,Tokyo,atm,False
1125,deposit,entertainment,New York,atm,False
616.45,deposit,entertainment,New York,mobile,False
34.63,transfer,online,Tokyo,atm,False
998.79,deposit,online,Tokyo,mobile,False
1192.65,deposit,online,Tokyo,mobile,False
29.51,transfer,online,Tokyo,atm,False
18.27,transfer,online,Tokyo,mobile,False
774.88,deposit,online,Tokyo,atm,True
13.1,transfer,entertainment,New York,atm,False
674.25,deposit,online,Tokyo,atm,False
1700.9,deposit,entertainment,New York,atm,False
965.97,deposit,entertainment,New York,atm,False
2114.72,deposit,entertainment,New York,atm,False
61.43,transfer,online,New York,mobile,False
753.44,deposit,online,Tokyo,mobile,False
21.09,transfer,online,New York,atm,False
28.03,transfer,entertainment,New York,mobile,False
20.76,transfer,online,New York,mobile,False
1442.25,deposit,entertainment,Tokyo,mobile,False
1414.41,deposit,online,Tokyo,mobile,False
1338.68,deposit,online,Tokyo,atm,False
520.95,deposit,online,Tokyo,mobile,False
1160.09,deposit,online,Tokyo,mobile,False
911.17,deposit,entertainment,New York,atm,False
18.7,transfer,online,Tokyo,mobile,False
634.11,deposit,online,New York,atm,False
1226.64,deposit,entertainment,New York,mobile,False
21.61,transfer,online,Tokyo,atm,False
56.1,transfer,online,Tokyo,mobile,False
942.75,deposit,entertainment,New York,mobile,False
96.3,transfer,entertainment,Tokyo,mobile,False
817.13,deposit,online,New York,atm,False
18.75,transfer,entertainment,New York,atm,False
1178.4,deposit,entertainment,Tokyo,atm,False
26.56,transfer,online,New York,atm,False
948.08,deposit,online,New York,mobile,False
6.57,transfer,online,New York,atm,False
234.33,deposit,entertainment,New York,atm,False
1019.15,deposit,entertainment,Tokyo,atm,False
11.39,transfer,online,New York,atm,False
3.18,transfer,online,Tokyo,mobile,False
11.14,transfer,entertainment,Tokyo,mobile,True
1165.77,deposit,online,Tokyo,mobile,False
25.96,transfer,entertainment,Tokyo,mobile,False
1069.66,deposit,online,New York,atm,False
1068.28,deposit,entertainment,New York,atm,False
61.93,transfer,online,Tokyo,mobile,False
926.55,deposit,online,New York,mobile,False
17.99,transfer,online,Tokyo,mobile,False
12.31,transfer,online,Tokyo,atm,False
16.02,transfer,online,New York,mobile,False
124.12,transfer,online,New York,mobile,False
398.19,deposit,entertainment,New York,atm,False
2.07,transfer,online,Tokyo,atm,False
5.66,transfer,online,Tokyo,mobile,False
22.43,transfer,online,New York,mobile,False
43.32,transfer,entertainment,New York,atm,False
1076.61,deposit,online,New York,mobile,False
14.37,transfer,online,New York,mobile,False
1418.36,deposit,entertainment,Tokyo,mobile,False
12.46,transfer,entertainment,New York,atm,False
1502.69,deposit,entertainment,New York,mobile,False
6.55,transfer,entertainment,New York,atm,False
20.45,transfer,online,Tokyo,mobile,False
794.56,deposit,online,New York,atm,False
30.9,transfer,online,Tokyo,atm,False
1377,deposit,entertainment,New York,mobile,False
1013.99,deposit,entertainment,Tokyo,atm,False
20.63,transfer,entertainment,New York,mobile,False
1103.33,deposit,online,New York,mobile,False
50.63,transfer,online,New York,mobile,False
10.89,transfer,online,Tokyo,mobile,False
24.68,transfer,entertainment,New York,mobile,False
56.04,transfer,online,Tokyo,mobile,False
10.3,transfer,online,New York,mobile,False
2088.35,deposit,entertainment,New York,mobile,False
1373.09,deposit,entertainment,New York,mobile,False
33.1,transfer,online,Tokyo,mobile,False
3.57,transfer,entertainment,New York,atm,False
260.57,deposit,entertainment,Tokyo,mobile,False
42.86,transfer,entertainment,Tokyo,mobile,False
646.19,deposit,entertainment,Tokyo,mobile,False
1519.09,deposit,entertainment,New York,mobile,False
1380.2,deposit,entertainment,Tokyo,mobile,False
14.06,transfer,entertainment,New York,atm,False
5.56,transfer,online,Tokyo,mobile,False
16.38,transfer,online,Tokyo,mobile,False
55.28,transfer,online,Tokyo,atm,False
17.52,transfer,online,Tokyo,atm,False
17.6,transfer,online,New York,mobile,False
83.75,transfer,entertainment,New York,atm,False
679.25,deposit,entertainment,New York,atm,False
1109.56,deposit,online,New York,mobile,False
24.13,transfer,online,Tokyo,mobile,False
7.17,transfer,entertainment,Tokyo,atm,False
15.48,transfer,entertainment,Tokyo,mobile,False
55.53,transfer,entertainment,Tokyo,atm,False
18.8,transfer,entertainment,New York,mobile,False
1839.51,deposit,online,New York,atm,False
43.02,transfer,entertainment,Tokyo,mobile,False
21.92,transfer,online,Tokyo,mobile,False
0.01,deposit,online,Tokyo,atm,False
8.19,transfer,online,New York,atm,False
24.66,transfer,entertainment,Tokyo,atm,False
1803.91,deposit,entertainment,New York,mobile,False
1263.08,deposit,entertainment,Tokyo,atm,False
945.54,deposit,online,New York,mobile,False
646.49,deposit,entertainment,Tokyo,atm,False
647.35,deposit,online,New York,mobile,False
18.4,transfer,entertainment,New York,mobile,False
712.78,deposit,online,Tokyo,mobile,False
1369.9,deposit,online,New York,mobile,False
48.68,transfer,entertainment,New York,atm,False
996.1,deposit,online,New York,mobile,False
665.95,deposit,online,Tokyo,atm,False
0.01,deposit,online,New York,atm,False
1866.33,deposit,entertainment,Tokyo,atm,False
1799.47,deposit,entertainment,Tokyo,mobile,False
1394.38,deposit,entertainment,New York,mobile,False
302.42,deposit,entertainment,Tokyo,atm,False
577.96,deposit,online,Tokyo,mobile,False
45.97,transfer,entertainment,New York,mobile,False
13.12,transfer,online,New York,mobile,False
572.97,deposit,entertainment,Tokyo,mobile,False
117.64,transfer,entertainment,Tokyo,atm,False
97.9,transfer,online,New York,mobile,False
11.48,transfer,online,Tokyo,mobile,False
59.05,transfer,online,New York,mobile,False
5.66,transfer,online,New York,atm,False
899.26,deposit,entertainment,New York,atm,False
898.71,deposit,entertainment,New York,mobile,False
26.91,transfer,entertainment,New York,mobile,False
7.42,transfer,online,Tokyo,atm,False
474.63,deposit,entertainment,Tokyo,mobile,False
475.84,deposit,entertainment,Tokyo,atm,False
24,transfer,online,Tokyo,atm,False
30.79,transfer,entertainment,Tokyo,mobile,False
941.58,deposit,online,New York,atm,False
1675.62,deposit,online,New York,mobile,False
12.78,transfer,online,New York,mobile,False
4.6,transfer,entertainment,New York,mobile,False
1004.56,deposit,entertainment,Tokyo,mobile,False
1033.55,deposit,online,Tokyo,atm,False
617.97,deposit,online,New York,mobile,False
18.93,transfer,entertainment,Tokyo,mobile,False
888.8,deposit,online,New York,atm,False
1142.02,deposit,online,Tokyo,atm,False
1411.83,deposit,entertainment,Tokyo,mobile,False
5.83,transfer,entertainment,New York,atm,False
249.72,deposit,entertainment,New York,atm,False
12.59,transfer,online,New York,mobile,False
1618.56,deposit,entertainment,New York,atm,False
1220.01,deposit,online,Tokyo,atm,False
23.82,transfer,online,Tokyo,mobile,False
24.94,transfer,entertainment,New York,atm,False
1161.09,deposit,entertainment,New York,atm,False
45.57,transfer,online,New York,atm,False
1193.21,deposit,online,New York,atm,False
8.85,transfer,entertainment,Tokyo,mobile,False
14.03,transfer,entertainment,Tokyo,mobile,False
31.85,transfer,online,Tokyo,atm,False
1465.51,deposit,online,Tokyo,mobile,False
14.63,transfer,entertainment,New York,atm,False
842.64,deposit,entertainment,Tokyo,atm,False
21.21,transfer,online,New York,atm,False
43.8,transfer,online,New York,mobile,False
403.82,deposit,online,Tokyo,atm,False
66.07,transfer,entertainment,New York,atm,False
206.95,deposit,online,New York,mobile,False
649.66,deposit,online,New York,mobile,False
1130.85,deposit,entertainment,Tokyo,mobile,False
1739.65,deposit,entertainment,Tokyo,atm,False
240.46,deposit,entertainment,Tokyo,atm,False
118.03,transfer,entertainment,Tokyo,mobile,False
1100.52,deposit,online,Tokyo,mobile,False
26.86,transfer,entertainment,New York,mobile,False
9.19,transfer,online,Tokyo,atm,False
1021.34,deposit,entertainment,Tokyo,atm,False
999.58,deposit,online,Tokyo,atm,False
594.7,deposit,online,Tokyo,atm,False
537.93,deposit,online,New York,atm,False
1388.45,deposit,entertainment,New York,atm,False
1006.42,deposit,entertainment,New York,mobile,False
19.4,transfer,entertainment,New York,mobile,False
1084.53,deposit,online,Tokyo,mobile,False
1093.74,deposit,online,Tokyo,mobile,False
28.83,transfer,entertainment,New York,mobile,False
15.81,transfer,online,Tokyo,mobile,False
872.03,deposit,entertainment,New York,atm,False
9.27,transfer,entertainment,Tokyo,atm,False
18.5,transfer,online,Tokyo,atm,False
883.43,deposit,online,Tokyo,mobile,False
60.09,transfer,entertainment,Tokyo,atm,False
44.63,transfer,online,New York,mobile,False
829.43,deposit,entertainment,New York,mobile,False
16.5,transfer,entertainment,New York,atm,False
12,transfer,online,Tokyo,mobile,False
22.59,transfer,entertainment,New York,atm,False
1553.58,deposit,online,Tokyo,atm,False
639.47,deposit,entertainment,Tokyo,atm,False
19.86,transfer,online,Tokyo,mobile,False
779.06,deposit,online,New York,atm,False
294.35,deposit,entertainment,Tokyo,mobile,False
1420.9,deposit,entertainment,Tokyo,atm,False
15.34,transfer,online,Tokyo,atm,False
885.06,deposit,online,New York,atm,False
7.88,transfer,entertainment,Tokyo,atm,False
6.53,transfer,online,New York,atm,False
1143.25,deposit,entertainment,Tokyo,mobile,False
722.52,deposit,entertainment,New York,atm,False
38.55,transfer,entertainment,New York,mobile,False
1079.25,deposit,online,Tokyo,atm,False
964.59,deposit,online,Tokyo,mobile,False
28.46,transfer,entertainment,New York,mobile,False
1259.95,deposit,online,Tokyo,mobile,False
4.73,transfer,entertainment,New York,mobile,False
1206.17,deposit,online,Tokyo,atm,True
1260.58,deposit,online,Tokyo,mobile,False
16.61,transfer,entertainment,New York,atm,False
15.1,transfer,online,Tokyo,mobile,False
1238.29,deposit,online,New York,mobile,False
1336.15,deposit,entertainment,New York,atm,False
868.98,deposit,entertainment,New York,atm,False
18.05,transfer,online,New York,mobile,False
1393.71,deposit,entertainment,Tokyo,atm,False
22.39,transfer,online,New York,mobile,False
356.08,deposit,entertainment,New York,atm,False
1551.47,deposit,online,Tokyo,atm,False
1848.81,deposit,online,Tokyo,atm,False
17.57,transfer,entertainment,Tokyo,mobile,False
31.26,transfer,entertainment,New York,atm,False
2076.36,deposit,entertainment,Tokyo,atm,False
33.02,transfer,entertainment,New York,atm,False
24.35,transfer,entertainment,New York,atm,False
1545.68,deposit,online,New York,atm,False
1720.54,deposit,entertainment,New York,mobile,False
4.34,transfer,online,Tokyo,atm,False
938.64,deposit,entertainment,New York,atm,False
966.31,deposit,entertainment,Tokyo,mobile,False
38.56,transfer,online,Tokyo,atm,False
7.66,transfer,entertainment,New York,mobile,False
1746.59,deposit,entertainment,Tokyo,mobile,False
56.48,transfer,entertainment,New York,atm,False
90.33,transfer,entertainment,Tokyo,atm,False
1469.66,deposit,entertainment,Tokyo,atm,False
1293.91,deposit,online,Tokyo,atm,False
17.16,transfer,entertainment,New York,atm,False
1635.91,deposit,entertainment,New York,mobile,False
793.83,deposit,online,Tokyo,mobile,False
2313.25,deposit,online,Tokyo,atm,False
37.5,transfer,entertainment,New York,mobile,False
1353.15,deposit,entertainment,New York,atm,False
1541.22,deposit,online,New York,atm,False
23.62,transfer,entertainment,Tokyo,atm,False
1331.53,deposit,entertainment,Tokyo,atm,False
1232.28,deposit,online,New York,atm,False
32.35,transfer,entertainment,New York,mobile,False
34.84,transfer,entertainment,Tokyo,mobile,False
62.65,transfer,entertainment,New York,mobile,False
1388.5,deposit,online,New York,atm,False
36.19,transfer,entertainment,New York,atm,False
38.23,transfer,entertainment,Tokyo,mobile,False
17.2,transfer,entertainment,New York,atm,False
1395.49,deposit,entertainment,New York,mobile,False
13.21,transfer,online,New York,mobile,False
1175.85,deposit,entertainment,New York,mobile,False
1107.51,deposit,entertainment,Tokyo,atm,False
735.77,deposit,online,New York,atm,False
1826.68,deposit,online,New York,mobile,False
45.24,transfer,entertainment,Tokyo,mobile,False
1691.78,deposit,entertainment,New York,atm,False
44.62,transfer,entertainment,Tokyo,mobile,False
1683.39,deposit,entertainment,Tokyo,atm,False
33.24,transfer,entertainment,Tokyo,atm,False
887.84,deposit,online,New York,mobile,True
8.42,transfer,entertainment,New York,mobile,False
29.06,transfer,online,Tokyo,atm,False
36.61,transfer,entertainment,Tokyo,mobile,False
28.08,transfer,online,New York,mobile,False
16.49,transfer,entertainment,New York,mobile,False
440.69,deposit,online,Tokyo,atm,False
101.69,transfer,online,Tokyo,atm,False
28.03,transfer,online,Tokyo,atm,False
151.37,deposit,entertainment,Tokyo,mobile,False
13.23,transfer,entertainment,New York,atm,True
13.13,transfer,entertainment,New York,mobile,False
631.56,deposit,entertainment,Tokyo,atm,False
0.01,deposit,entertainment,New York,mobile,False
12.35,transfer,entertainment,Tokyo,mobile,False
823.52,deposit,online,Tokyo,atm,False
17.63,transfer,entertainment,Tokyo,mobile,False
1658.28,deposit,entertainment,Tokyo,atm,True
1374.07,deposit,entertainment,New York,atm,False
0.01,deposit,entertainment,Tokyo,mobile,False
725.7,deposit,online,Tokyo,atm,False
23.75,transfer,entertainment,Tokyo,atm,False
785.14,deposit,online,New York,atm,False
281.23,deposit,online,Tokyo,mobile,False
60.59,transfer,entertainment,New York,atm,False
13.72,transfer,online,Tokyo,atm,False
914.35,deposit,entertainment,Tokyo,atm,False
451.44,deposit,entertainment,Tokyo,atm,False
19.81,transfer,online,New York,mobile,False
59.24,deposit,entertainment,Tokyo,atm,False
1147.43,deposit,online,New York,atm,False
49.53,transfer,online,Tokyo,atm,False
41.78,transfer,entertainment,New York,atm,False
994.19,deposit,entertainment,Tokyo,atm,False
1056.4,deposit,online,Tokyo,mobile,False
7.11,transfer,online,Tokyo,atm,False
110.94,deposit,online,New York,mobile,False
11.58,transfer,entertainment,Tokyo,atm,False
568.4,deposit,online,Tokyo,atm,False
773.06,deposit,online,New York,atm,False
20.29,transfer,online,Tokyo,atm,False
756.53,deposit,entertainment,Tokyo,mobile,False
895.75,deposit,online,New York,atm,False
1909.44,deposit,online,New York,mobile,False
37.06,transfer,online,New York,mobile,False
45.57,transfer,online,New York,atm,False
14.65,transfer,entertainment,New York,mobile,False
10.48,transfer,online,New York,atm,False
896.67,deposit,online,Tokyo,atm,False
654.85,deposit,online,Tokyo,mobile,False
1835.81,deposit,entertainment,Tokyo,mobile,False
691.17,deposit,entertainment,Tokyo,mobile,False
1216.03,deposit,entertainment,Tokyo,atm,False
35.49,transfer,online,New York,mobile,False
32.57,transfer,online,Tokyo,atm,False
1745.16,deposit,online,New York,mobile,False
1566.88,deposit,entertainment,New York,mobile,False
23.55,transfer,online,Tokyo,mobile,False
1386.45,deposit,entertainment,New York,mobile,False
8.4,transfer,entertainment,New York,atm,False
17.35,transfer,online,Tokyo,atm,False
11.24,transfer,online,New York,atm,False
590.41,deposit,online,Tokyo,atm,False
677.21,deposit,online,Tokyo,mobile,False
59.98,transfer,online,Tokyo,atm,False
1831.29,deposit,entertainment,New York,atm,False
139.46,deposit,online,New York,atm,False
231.86,deposit,entertainment,New York,mobile,False
826.22,deposit,online,Tokyo,mobile,False
9.57,transfer,online,Tokyo,mobile,False
14.83,transfer,online,Tokyo,atm,False
423.69,deposit,online,New York,atm,False
19.44,transfer,entertainment,New York,mobile,False
1653.66,deposit,entertainment,New York,atm,False
52.22,transfer,online,Tokyo,atm,False
1165.52,deposit,online,New York,mobile,False
15.82,transfer,entertainment,Tokyo,mobile,False
22.22,transfer,online,Tokyo,atm,False
878.01,deposit,entertainment,Tokyo,atm,False
435.43,deposit,online,Tokyo,mobile,False
1687.02,deposit,online,New York,atm,False
49.64,transfer,online,New York,mobile,False
0.01,deposit,entertainment,Tokyo,atm,False
772.98,deposit,online,New York,atm,False
1515.88,deposit,entertainment,Tokyo,mobile,False
17.77,transfer,entertainment,New York,mobile,False
19.85,transfer,entertainment,Tokyo,mobile,False
36.35,transfer,online,New York,mobile,False
1313.02,deposit,online,New York,mobile,False
653.34,deposit,entertainment,New York,mobile,False
47.97,transfer,entertainment,New York,atm,False
16.16,transfer,entertainment,New York,mobile,False
20.2,transfer,entertainment,Tokyo,atm,False
942.5,deposit,online,New York,mobile,False
1333.99,deposit,online,New York,mobile,False
1170.46,deposit,online,New York,mobile,False
25.16,transfer,entertainment,New York,atm,False
720.41,deposit,online,Tokyo,atm,False
1197.87,deposit,online,New York,mobile,False
1006.05,deposit,entertainment,Tokyo,mobile,False
1148.45,deposit,entertainment,New York,atm,False
4.06,transfer,entertainment,New York,atm,False
658.54,deposit,online,Tokyo,atm,False
901.43,deposit,online,Tokyo,atm,False
1152.38,deposit,online,Tokyo,atm,False
1122.15,deposit,online,Tokyo,mobile,False
13.88,transfer,entertainment,Tokyo,mobile,False
642.74,deposit,entertainment,New York,atm,False
25.41,transfer,online,New York,atm,False
1531.64,deposit,entertainment,New York,atm,False
17.98,transfer,entertainment,New York,atm,False
0.01,deposit,entertainment,New York,mobile,False
22.47,transfer,online,Tokyo,atm,False
25.95,transfer,online,Tokyo,mobile,False
972.23,deposit,online,Tokyo,atm,False
0.01,deposit,online,Tokyo,mobile,False
19.52,transfer,online,Tokyo,mobile,False
984.39,deposit,entertainment,Tokyo,atm,False
12.36,transfer,entertainment,New York,mobile,False
920.11,deposit,entertainment,New York,mobile,False
977.03,deposit,online,New York,mobile,False
26.72,transfer,online,New York,mobile,False
818.8,deposit,online,Tokyo,mobile,False
10.12,transfer,online,New York,atm,False
28.92,transfer,entertainment,New York,mobile,False
497.9,deposit,entertainment,New York,atm,False
431.05,deposit,online,Tokyo,mobile,False
24.06,transfer,online,New York,atm,False
1278.92,deposit,entertainment,Tokyo,mobile,False
6.58,transfer,entertainment,New York,atm,False
256.74,deposit,online,New York,atm,False
1109.58,deposit,online,New York,atm,False
852.9,deposit,online,New York,mobile,False
8.45,transfer,entertainment,Tokyo,mobile,False
56.7,transfer,entertainment,Tokyo,atm,False
20.11,transfer,entertainment,Tokyo,mobile,False
16.08,transfer,online,New York,atm,False
21.42,transfer,entertainment,New York,atm,False
565.53,deposit,online,New York,mobile,False
11.63,transfer,online,New York,atm,False
1922.96,deposit,online,New York,atm,False
910.34,deposit,entertainment,New York,mobile,False
28.48,transfer,online,New York,mobile,False
125.69,deposit,online,New York,mobile,False
4.7,transfer,entertainment,Tokyo,mobile,False
7.01,transfer,entertainment,Tokyo,atm,False
9.8,transfer,entertainment,New York,mobile,False
734.56,deposit,online,Tokyo,atm,False
26.98,transfer,entertainment,Tokyo,atm,False
152.67,transfer,entertainment,New York,atm,False
48.38,transfer,entertainment,Tokyo,atm,False
686.42,deposit,online,Tokyo,mobile,False
1229.72,deposit,online,New York,atm,False
32.15,transfer,entertainment,New York,mobile,False
362.14,deposit,entertainment,New York,atm,False
20.12,transfer,entertainment,Tokyo,mobile,False
822.04,deposit,online,Tokyo,atm,False
1341.17,deposit,entertainment,New York,mobile,False
13.74,transfer,entertainment,Tokyo,mobile,False
1122.03,deposit,online,New York,atm,False
1345.15,deposit,entertainment,Tokyo,atm,False
19.42,transfer,entertainment,New York,mobile,False
1102.29,deposit,entertainment,New York,mobile,False
410.19,deposit,entertainment,Tokyo,mobile,False
11.92,transfer,online,New York,mobile,False
55.29,transfer,online,Tokyo,atm,False
17.22,transfer,entertainment,Tokyo,atm,False
17.66,transfer,online,New York,mobile,False
48.01,transfer,online,Tokyo,atm,False
1507.94,deposit,online,Tokyo,atm,False
24.43,transfer,online,New York,atm,False
18.11,transfer,entertainment,New York,atm,False
12.24,transfer,online,Tokyo,atm,False
582.86,deposit,online,New York,atm,False
21.09,transfer,entertainment,Tokyo,mobile,False
880.76,deposit,online,New York,atm,False
24.6,transfer,entertainment,New York,atm,False
1068.56,deposit,entertainment,Tokyo,mobile,False
7.48,transfer,entertainment,New York,atm,False
19.99,transfer,online,New York,mobile,True
14.56,transfer,entertainment,New York,atm,False
28.46,transfer,entertainment,New York,mobile,False
8.06,transfer,online,Tokyo,atm,False
765.69,deposit,online,New York,mobile,False
1363.67,deposit,online,New York,mobile,False
21.49,transfer,online,New York,atm,False
11.52,transfer,entertainment,New York,mobile,False
60.58,transfer,entertainment,Tokyo,atm,False
6.09,transfer,online,Tokyo,atm,False
29.05,transfer,entertainment,New York,atm,False
28.78,transfer,online,Tokyo,mobile,False
16.03,transfer,online,Tokyo,mobile,False
4.28,transfer,entertainment,Tokyo,mobile,False
24.3,transfer,entertainment,New York,mobile,False
24.48,transfer,online,Tokyo,mobile,False
1567.55,deposit,entertainment,New York,atm,False
837.48,deposit,entertainment,Tokyo,atm,False
1156.19,deposit,online,Tokyo,atm,False
871.19,deposit,online,Tokyo,atm,False
456.01,deposit,online,Tokyo,atm,False
2029.33,deposit,online,Tokyo,atm,False
864,deposit,online,New York,atm,False
123.37,deposit,online,New York,atm,False
484.38,deposit,entertainment,New York,atm,False
55,transfer,entertainment,New York,mobile,False
12.69,transfer,online,New York,atm,False
30,transfer,entertainment,Tokyo,mobile,True
1165.93,deposit,entertainment,Tokyo,atm,False
2027.12,deposit,online,Tokyo,atm,False
1049.98,deposit,online,Tokyo,atm,False
0.01,deposit,online,Tokyo,mobile,False
1076.14,deposit,entertainment,Tokyo,atm,False
1025.74,deposit,online,Tokyo,mobile,False
2051.43,deposit,entertainment,Tokyo,atm,False
1252.07,deposit,online,Tokyo,atm,False
643.14,deposit,online,New York,atm,False
150.7,transfer,online,Tokyo,mobile,False
667.56,deposit,online,Tokyo,mobile,False
310.81,deposit,online,New York,atm,False
1083.77,deposit,online,Tokyo,atm,False
1254.67,deposit,online,Tokyo,atm,False
69.75,transfer,entertainment,New York,mobile,False
1100.37,deposit,online,New York,mobile,False
1288.71,deposit,online,Tokyo,atm,False
821.11,deposit,entertainment,Tokyo,mobile,False
15.16,transfer,online,Tokyo,atm,False
1257.74,deposit,online,New York,atm,False
70.95,transfer,online,Tokyo,atm,False
27.93,transfer,online,New York,mobile,False
21.52,transfer,online,Tokyo,atm,False
11.93,transfer,entertainment,New York,atm,False
1710.47,deposit,online,New York,mobile,False
1510.77,deposit,online,Tokyo,atm,False
27.49,transfer,online,New York,mobile,False
18.19,transfer,online,New York,atm,False
1263.98,deposit,online,Tokyo,mobile,False
1384.41,deposit,entertainment,Tokyo,mobile,False
901.63,deposit,online,Tokyo,atm,False
6.89,transfer,entertainment,New York,atm,False
42.78,transfer,online,New York,mobile,False
1003.4,deposit,entertainment,Tokyo,mobile,False
17.95,transfer,entertainment,Tokyo,mobile,False
194.32,deposit,online,Tokyo,atm,False
29.97,transfer,online,Tokyo,atm,False
9.99,transfer,online,Tokyo,atm,False
0.01,deposit,entertainment,Tokyo,atm,False
9.35,transfer,entertainment,Tokyo,atm,False
1210.26,deposit,online,New York,mobile,False
14.17,transfer,entertainment,Tokyo,atm,False
700.96,deposit,entertainment,New York,atm,False
5.83,transfer,entertainment,New York,atm,False
1350.88,deposit,online,Tokyo,mobile,False
86.45,transfer,online,New York,atm,False
1542.7,deposit,entertainment,New York,atm,False
337.96,deposit,entertainment,New York,atm,False
1573.96,deposit,online,New York,atm,False
509.04,deposit,entertainment,New York,atm,False
1345.91,deposit,entertainment,New York,mobile,False
991.94,deposit,online,New York,mobile,False
20.83,transfer,online,New York,atm,False
9.03,transfer,online,New York,atm,False
1277.97,deposit,online,New York,mobile,False
815.59,deposit,entertainment,Tokyo,atm,False
25.15,transfer,entertainment,New York,mobile,False
0.01,deposit,online,New York,atm,False
1837.54,deposit,online,Tokyo,atm,False
1687.31,deposit,online,New York,atm,True
1843.8,deposit,entertainment,New York,mobile,False
58.26,transfer,online,Tokyo,atm,False
59.19,transfer,entertainment,New York,atm,False
4.7,transfer,online,Tokyo,mobile,False
671.14,deposit,online,Tokyo,atm,False
1126,deposit,online,Tokyo,atm,False
809.7,deposit,entertainment,Tokyo,atm,False
623.49,deposit,online,New York,mobile,False
14.5,transfer,online,Tokyo,atm,False
19.78,transfer,online,New York,mobile,False
21.92,transfer,online,New York,mobile,False
12.2,transfer,online,New York,atm,False
13.96,transfer,online,New York,mobile,False
22.69,transfer,online,New York,mobile,False
1026.65,deposit,entertainment,Tokyo,atm,False
14.52,transfer,entertainment,Tokyo,atm,False
7.82,transfer,online,Tokyo,mobile,False
2.81,transfer,entertainment,New York,atm,False
1699.97,deposit,online,New York,mobile,False
17.25,transfer,online,Tokyo,mobile,False
18.66,transfer,entertainment,Tokyo,atm,False
1098.44,deposit,entertainment,New York,mobile,False
660.25,deposit,online,New York,atm,False
45.58,transfer,online,Tokyo,mobile,False
428.42,deposit,online,Tokyo,atm,False
674.94,deposit,online,New York,atm,False
1166.62,deposit,online,Tokyo,mobile,False
1751.26,deposit,entertainment,Tokyo,mobile,False
1283.39,deposit,entertainment,New York,atm,False
25.15,transfer,online,Tokyo,atm,False
11.55,transfer,online,New York,atm,False
7.91,transfer,online,Tokyo,mobile,False
28.06,transfer,online,Tokyo,mobile,False
1079.18,deposit,entertainment,Tokyo,atm,False
12.69,transfer,online,New York,atm,False
11.69,transfer,entertainment,New York,mobile,False
46.01,transfer,online,Tokyo,mobile,False
765.13,deposit,entertainment,Tokyo,mobile,False
2.88,transfer,online,Tokyo,atm,False
1178.31,deposit,online,Tokyo,mobile,False
10.11,transfer,online,New York,atm,False
1864.23,deposit,entertainment,New York,mobile,False
833.46,deposit,entertainment,Tokyo,atm,False
681.61,deposit,online,Tokyo,atm,False
45.32,transfer,entertainment,New York,atm,False
711.08,deposit,entertainment,Tokyo,mobile,True
1511.28,deposit,entertainment,New York,mobile,False
541.4,deposit,entertainment,New York,atm,False
12.21,transfer,entertainment,New York,atm,False
527.69,deposit,entertainment,New York,mobile,False
652.25,deposit,entertainment,Tokyo,atm,False
37.56,transfer,online,New York,atm,False
9.41,transfer,online,Tokyo,mobile,False
18.65,transfer,online,New York,mobile,False
1058.29,deposit,entertainment,New York,mobile,False
27.1,transfer,online,Tokyo,atm,False
0.01,deposit,entertainment,New York,mobile,False
696.34,deposit,entertainment,New York,mobile,False
1647.7,deposit,entertainment,New York,atm,False
38.49,transfer,entertainment,Tokyo,atm,False
36.73,transfer,online,Tokyo,atm,False
797.15,deposit,entertainment,Tokyo,mobile,False
14.09,transfer,entertainment,New York,atm,False
0.01,deposit,online,New York,atm,False
1228.65,deposit,online,Tokyo,atm,False
1250.24,deposit,entertainment,New York,mobile,False
213.46,deposit,online,Tokyo,mobile,False
28.83,transfer,entertainment,New York,mobile,False
24.21,transfer,entertainment,New York,mobile,False
27.26,transfer,entertainment,New York,mobile,False
6.86,transfer,online,New York,mobile,False
7.75,transfer,entertainment,New York,atm,False
19.16,transfer,entertainment,Tokyo,mobile,False
1514.04,deposit,online,Tokyo,mobile,False
701.19,deposit,entertainment,New York,mobile,False
13.96,transfer,entertainment,Tokyo,mobile,False
40.63,transfer,entertainment,Tokyo,atm,False
52.59,transfer,entertainment,Tokyo,atm,False
21.69,transfer,entertainment,New York,atm,False
7.45,transfer,online,New York,atm,False
18.25,transfer,online,New York,mobile,False
1457.78,deposit,online,Tokyo,mobile,False
57.18,transfer,entertainment,New York,atm,False
13.97,transfer,online,New York,mobile,False
1326.06,deposit,entertainment,New York,atm,False
448.79,deposit,online,New York,mobile,False
27.04,transfer,entertainment,New York,mobile,False
1110.27,deposit,entertainment,Tokyo,atm,False
1710.37,deposit,entertainment,Tokyo,atm,False
2074.7,deposit,entertainment,New York,atm,False
958.24,deposit,entertainment,Tokyo,mobile,False
2.36,transfer,entertainment,New York,mobile,True
47.06,transfer,online,Tokyo,mobile,False
19.21,transfer,entertainment,New York,mobile,False
277.49,deposit,entertainment,New York,atm,False
18.91,transfer,online,New York,mobile,False
14.53,transfer,online,Tokyo,atm,False
1076.44,deposit,online,Tokyo,mobile,False
7.77,transfer,online,New York,atm,False
16.24,transfer,entertainment,New York,mobile,False
7.02,transfer,online,Tokyo,atm,False
455.9,deposit,online,Tokyo,mobile,False
1151.04,deposit,entertainment,Tokyo,atm,False
7.08,transfer,online,New York,atm,False
24.03,transfer,online,Tokyo,atm,False
1046.11,deposit,online,New York,mobile,False
721.57,deposit,online,New York,mobile,False
132.35,transfer,entertainment,Tokyo,mobile,False
1273.91,deposit,entertainment,New York,atm,False
1345.69,deposit,online,New York,mobile,False
288.37,deposit,entertainment,Tokyo,mobile,False
1413.4,deposit,online,New York,atm,False
17.93,transfer,online,Tokyo,mobile,False
812.37,deposit,entertainment,Tokyo,atm,False
25.99,transfer,entertainment,Tokyo,mobile,False
17.44,transfer,online,Tokyo,mobile,False
23.92,transfer,online,New York,atm,False
626.09,deposit,entertainment,Tokyo,atm,False
9.6,transfer,entertainment,New York,mobile,False
51.53,transfer,online,New York,mobile,False
5.39,transfer,entertainment,Tokyo,mobile,False
21.85,transfer,entertainment,New York,atm,False
930.11,deposit,entertainment,New York,atm,False
10.95,transfer,online,New York,mobile,False
184.81,deposit,entertainment,New York,atm,False
701.34,deposit,entertainment,New York,atm,False
13.51,transfer,online,New York,atm,False
1122.72,deposit,entertainment,Tokyo,atm,False
9.24,transfer,online,Tokyo,atm,False
10.52,transfer,online,Tokyo,atm,False
838.54,deposit,online,Tokyo,atm,False
82.17,transfer,entertainment,Tokyo,atm,False
28.49,transfer,online,Tokyo,atm,False
6.22,transfer,entertainment,Tokyo,atm,False
929.31,deposit,entertainment,Tokyo,atm,False
1261.88,deposit,online,New York,mobile,False
35.05,transfer,entertainment,New York,atm,False
68.65,transfer,online,Tokyo,atm,False
34.31,transfer,online,New York,atm,False
890.29,deposit,entertainment,New York,mobile,False
325.88,deposit,online,Tokyo,mobile,False
11.47,transfer,online,New York,mobile,False
1422.95,deposit,online,Tokyo,atm,False
1463.52,deposit,entertainment,Tokyo,mobile,False
20.87,transfer,entertainment,New York,atm,False
10.84,transfer,online,Tokyo,mobile,False
19.89,transfer,online,Tokyo,mobile,False
603.38,deposit,online,New York,atm,False
878.03,deposit,online,New York,mobile,False
4.75,transfer,entertainment,Tokyo,atm,False
27.84,transfer,entertainment,Tokyo,mobile,False
33.03,transfer,entertainment,New York,mobile,False
1428.71,deposit,online,New York,mobile,False
26.78,transfer,entertainment,New York,mobile,False
11.92,transfer,online,New York,atm,False
303.1,deposit,online,Tokyo,atm,False
34.17,transfer,online,New York,mobile,False
19.39,transfer,online,Tokyo,atm,False
670.17,deposit,online,Tokyo,mobile,False
18.41,transfer,entertainment,New York,atm,False
71.59,transfer,online,New York,mobile,False
12.93,transfer,online,Tokyo,mobile,False
31.66,transfer,entertainment,New York,atm,False
12.14,transfer,entertainment,Tokyo,atm,False
44.18,transfer,online,New York,atm,False
13.76,transfer,entertainment,New York,atm,False
27.88,transfer,entertainment,New York,atm,False
733.77,deposit,online,Tokyo,atm,False
622.72,deposit,entertainment,Tokyo,atm,False
5.62,transfer,entertainment,Tokyo,atm,False
1052.58,deposit,entertainment,Tokyo,atm,False
1581.92,deposit,online,New York,mobile,False
687.16,deposit,entertainment,Tokyo,atm,False
16.28,transfer,entertainment,Tokyo,mobile,False
2077.63,deposit,entertainment,New York,atm,False
96.98,deposit,online,Tokyo,mobile,False
1025.43,deposit,online,New York,mobile,False
235.98,deposit,entertainment,New York,atm,False
621.46,deposit,entertainment,New York,mobile,False
1772.33,deposit,entertainment,New York,mobile,False
758.57,deposit,online,Tokyo,mobile,False
20.65,transfer,entertainment,New York,atm,False
14.45,transfer,online,Tokyo,mobile,False
546.79,deposit,entertainment,New York,atm,False
1646.1,deposit,entertainment,New York,mobile,False
1674.48,deposit,entertainment,New York,atm,False
1580,deposit,entertainment,Tokyo,atm,False
26.37,transfer,entertainment,Tokyo,mobile,False
11.31,transfer,entertainment,Tokyo,atm,False
14.44,transfer,entertainment,New York,atm,False
29.32,transfer,entertainment,Tokyo,atm,False
19.9,transfer,online,New York,mobile,False
23.13,transfer,online,New York,mobile,False
19.65,transfer,online,Tokyo,mobile,False
35.01,transfer,entertainment,Tokyo,mobile,False
54.78,transfer,online,New York,mobile,False
9.31,transfer,entertainment,Tokyo,mobile,False
8.24,transfer,online,New York,atm,False
1104.54,deposit,entertainment,Tokyo,atm,False
838.66,deposit,online,Tokyo,atm,False
1080.87,deposit,entertainment,New York,mobile,False
35.16,transfer,entertainment,Tokyo,mobile,False
7.89,transfer,entertainment,New York,atm,False
874.79,deposit,entertainment,New York,mobile,False
19.04,transfer,online,Tokyo,atm,False
15.75,transfer,entertainment,New York,mobile,False
77.08,transfer,online,Tokyo,mobile,False
594.39,deposit,entertainment,Tokyo,mobile,False
119.85,transfer,entertainment,New York,atm,False
352.89,deposit,online,Tokyo,mobile,False
13.79,transfer,entertainment,Tokyo,mobile,False
363.88,deposit,online,Tokyo,atm,False
10.11,transfer,online,Tokyo,mobile,False
312.01,deposit,online,New York,atm,False
18.94,transfer,entertainment,Tokyo,atm,False
1640.65,deposit,online,New York,atm,False
5.51,transfer,online,New York,atm,False
918.98,deposit,online,New York,mobile,False
569.71,deposit,online,New York,mobile,False
1397.47,deposit,online,Tokyo,mobile,False
0.01,deposit,entertainment,New York,mobile,False
981.58,deposit,entertainment,New York,mobile,False
607.75,deposit,entertainment,New York,mobile,False
2351.18,deposit,entertainment,New York,mobile,False
872.4,deposit,entertainment,New York,mobile,False
1071.16,deposit,entertainment,New York,atm,False
8.79,transfer,online,Tokyo,mobile,True
1269.07,deposit,entertainment,Tokyo,mobile,False
1186.88,deposit,entertainment,Tokyo,atm,False
21.27,transfer,online,New York,mobile,False
1575.85,deposit,entertainment,Tokyo,mobile,False
931.19,deposit,entertainment,New York,atm,False
1026.52,deposit,online,New York,mobile,False
40.51,transfer,entertainment,Tokyo,atm,False
1080.18,deposit,online,New York,mobile,False
18.35,transfer,entertainment,Tokyo,mobile,False
17.38,transfer,online,Tokyo,mobile,False
22.49,transfer,entertainment,New York,atm,False
927.02,deposit,online,New York,atm,False
901.78,deposit,online,Tokyo,atm,False
936.35,deposit,entertainment,Tokyo,atm,False
11.9,transfer,online,New York,atm,False
20.38,transfer,online,New York,mobile,False
1293.45,deposit,entertainment,New York,mobile,False
691.1,deposit,online,New York,atm,False
12.1,transfer,entertainment,New York,mobile,False
12.12,transfer,entertainment,New York,mobile,False
43.59,transfer,entertainment,New York,atm,False
63.55,transfer,online,Tokyo,mobile,False
18.75,transfer,online,Tokyo,atm,False
766.37,deposit,entertainment,Tokyo,atm,True
51.54,transfer,entertainment,Tokyo,atm,False
941.89,deposit,entertainment,Tokyo,atm,False
10.52,transfer,online,Tokyo,atm,False
1504.31,deposit,entertainment,New York,mobile,False
1129.25,deposit,entertainment,New York,mobile,False
1529.29,deposit,entertainment,Tokyo,mobile,False
757.78,deposit,entertainment,New York,atm,False
16.25,transfer,online,New York,mobile,False
7.12,transfer,online,Tokyo,mobile,False
22.92,transfer,entertainment,New York,mobile,False
1137.9,deposit,entertainment,Tokyo,mobile,False
1013.9,deposit,entertainment,Tokyo,mobile,False
10.72,transfer,entertainment,New York,atm,False
878.89,deposit,online,Tokyo,mobile,False
16.48,transfer,online,Tokyo,mobile,False
1269.8,deposit,entertainment,New York,atm,False
1549.55,deposit,entertainment,Tokyo,atm,False
1110.85,deposit,entertainment,New York,atm,False
1172.92,deposit,online,Tokyo,mobile,False
17.03,transfer,online,New York,mobile,False
969.5,deposit,entertainment,New York,atm,False
735.92,deposit,entertainment,Tokyo,atm,False
1335.19,deposit,entertainment,Tokyo,atm,False
886.76,deposit,online,New York,mobile,False
19.55,transfer,entertainment,New York,atm,False
399.78,deposit,entertainment,New York,atm,False
33.19,transfer,online,Tokyo,atm,False
760.64,deposit,entertainment,New York,atm,False
1549.27,deposit,entertainment,Tokyo,mobile,False
1340.19,deposit,online,Tokyo,atm,False
17.62,transfer,entertainment,Tokyo,mobile,False
4.86,transfer,entertainment,New York,mobile,False
691.92,deposit,entertainment,New York,atm,False
74.79,transfer,entertainment,New York,atm,False
11.17,transfer,entertainment,New York,atm,False
31.2,transfer,entertainment,Tokyo,mobile,False
15.43,transfer,online,Tokyo,atm,False
45.66,transfer,online,New York,atm,False
16.04,transfer,entertainment,Tokyo,mobile,False
8.8,transfer,entertainment,New York,mobile,False
13.82,transfer,entertainment,Tokyo,mobile,False
14.47,transfer,online,Tokyo,mobile,False
65.45,transfer,entertainment,Tokyo,mobile,False
23.6,transfer,entertainment,Tokyo,atm,False
11.01,transfer,entertainment,Tokyo,atm,False
1523.69,deposit,entertainment,Tokyo,mobile,False
9.15,transfer,entertainment,Tokyo,mobile,False
49.52,transfer,entertainment,Tokyo,mobile,False
954.09,deposit,online,Tokyo,mobile,False
61.43,transfer,entertainment,Tokyo,atm,False
553.09,deposit,entertainment,New York,mobile,False
782.53,deposit,entertainment,New York,atm,False
14.69,transfer,online,Tokyo,mobile,False
27.77,transfer,online,New York,mobile,False
11.88,transfer,entertainment,Tokyo,atm,False
25.39,transfer,entertainment,New York,atm,False
10.6,transfer,online,Tokyo,mobile,False
935.31,deposit,entertainment,Tokyo,atm,False
1042.28,deposit,online,Tokyo,mobile,False
1366.28,deposit,online,New York,mobile,False
5.59,transfer,online,Tokyo,atm,False
9.87,transfer,entertainment,New York,mobile,False
4.31,transfer,entertainment,Tokyo,atm,True
13.04,transfer,online,Tokyo,atm,False
14.62,transfer,online,Tokyo,atm,False
30.21,transfer,entertainment,New York,mobile,False
766.79,deposit,online,New York,atm,False
46.04,transfer,online,Tokyo,atm,False
17.25,transfer,entertainment,Tokyo,mobile,False
20.6,transfer,online,New York,mobile,False
1236.15,deposit,online,Tokyo,mobile,False
1219.62,deposit,online,New York,atm,False
1613.29,deposit,entertainment,Tokyo,atm,False
32.98,transfer,online,New York,mobile,False
12.39,transfer,online,Tokyo,mobile,False
25.78,transfer,entertainment,Tokyo,mobile,False
332.33,deposit,entertainment,Tokyo,mobile,False
41.15,transfer,entertainment,Tokyo,mobile,False
625.92,deposit,online,Tokyo,atm,False
1503.98,deposit,entertainment,Tokyo,atm,False
43.53,transfer,online,New York,mobile,False
96.46,transfer,online,Tokyo,mobile,False
1509.34,deposit,online,New York,atm,False
17.59,transfer,online,New York,mobile,False
11.77,transfer,online,Tokyo,atm,False
22,transfer,entertainment,Tokyo,mobile,False
735.28,deposit,online,Tokyo,atm,False
68.67,transfer,online,Tokyo,atm,False
7.93,transfer,online,Tokyo,mobile,True
26.25,transfer,online,New York,mobile,False
912.91,deposit,online,Tokyo,mobile,True
9.39,transfer,entertainment,New York,mobile,False
282.99,deposit,entertainment,New York,mobile,False
24.3,transfer,entertainment,Tokyo,atm,False
823.4,deposit,entertainment,New York,atm,False
30.15,transfer,entertainment,New York,atm,False
19.21,transfer,online,Tokyo,mobile,False
841.92,deposit,online,New York,mobile,False
7.18,transfer,online,New York,atm,False
39.72,transfer,online,Tokyo,atm,False
565.24,deposit,entertainment,Tokyo,atm,False
1131.51,deposit,entertainment,New York,mobile,False
8.39,transfer,entertainment,Tokyo,atm,False
9.14,transfer,entertainment,Tokyo,mobile,False
299.33,deposit,entertainment,Tokyo,atm,False
1078.66,deposit,online,Tokyo,atm,False
5.63,transfer,online,Tokyo,atm,False
22.05,transfer,online,New York,mobile,False
1362.86,deposit,online,Tokyo,atm,False
624.76,deposit,entertainment,New York,mobile,False
16.48,transfer,entertainment,New York,mobile,False
1325.84,deposit,entertainment,Tokyo,mobile,True
167.98,deposit,entertainment,New York,mobile,False
34.14,transfer,entertainment,New York,mobile,False
1325.25,deposit,entertainment,New York,mobile,False
267.13,deposit,entertainment,New York,mobile,False
60.79,transfer,online,Tokyo,atm,False
18.42,transfer,entertainment,Tokyo,atm,False
1326.41,deposit,online,Tokyo,mobile,False
32.91,transfer,entertainment,New York,atm,False
20.37,transfer,online,Tokyo,atm,False
50.7,transfer,entertainment,New York,atm,False
19.62,transfer,online,Tokyo,atm,False
18,transfer,online,Tokyo,mobile,False
18.95,transfer,online,New York,atm,False
664.35,deposit,online,Tokyo,mobile,False
13.37,transfer,entertainment,New York,atm,False
1104.86,deposit,entertainment,Tokyo,atm,False
501.75,deposit,online,New York,atm,False
593.17,deposit,entertainment,New York,atm,False
1187.72,deposit,online,Tokyo,mobile,False
51.92,transfer,entertainment,Tokyo,atm,False
14.96,transfer,entertainment,Tokyo,atm,False
1133.21,deposit,online,Tokyo,mobile,False
1277.24,deposit,entertainment,Tokyo,atm,False
12.78,transfer,online,New York,mobile,False
677.63,deposit,online,Tokyo,mobile,False
954.97,deposit,entertainment,Tokyo,atm,False
33.54,transfer,entertainment,New York,atm,False
16.33,transfer,entertainment,Tokyo,mobile,False
20.87,transfer,entertainment,New York,mobile,False
1075.08,deposit,entertainment,Tokyo,mobile,False
10.48,transfer,entertainment,New York,atm,False
300.19,deposit,entertainment,Tokyo,mobile,False
489.31,deposit,entertainment,New York,mobile,False
15.26,transfer,online,New York,mobile,False
1855.92,deposit,online,New York,atm,False
1819.25,deposit,online,New York,mobile,False
12.12,transfer,online,New York,atm,False
12.4,transfer,entertainment,New York,mobile,False
540.95,deposit,entertainment,Tokyo,atm,False
368.82,deposit,entertainment,New York,atm,False
1136.03,deposit,online,New York,atm,False
928.75,deposit,online,Tokyo,mobile,False
698.08,deposit,entertainment,New York,atm,False
1190.46,deposit,entertainment,Tokyo,mobile,False
18.61,transfer,entertainment,Tokyo,mobile,False
13.55,transfer,entertainment,New York,mobile,False
8.25,transfer,online,Tokyo,atm,False
1344.9,deposit,entertainment,Tokyo,mobile,False
15.45,transfer,online,New York,atm,False
22.34,transfer,online,New York,atm,False
16.95,transfer,online,Tokyo,atm,False
748.59,deposit,online,New York,mobile,False
47.46,transfer,entertainment,Tokyo,mobile,False
1214.26,deposit,online,Tokyo,mobile,False
770.19,deposit,entertainment,New York,atm,False
22.06,transfer,online,New York,atm,False
1035.86,deposit,entertainment,Tokyo,mobile,False
19.78,transfer,online,New York,mobile,False
1289.36,deposit,entertainment,Tokyo,atm,False
1115.28,deposit,entertainment,Tokyo,atm,False
7.14,transfer,online,New York,atm,False
33.55,transfer,entertainment,Tokyo,atm,False
566.11,deposit,entertainment,Tokyo,mobile,False
19.1,transfer,entertainment,New York,atm,False
895.49,deposit,entertainment,Tokyo,mobile,True
2079.08,deposit,online,Tokyo,mobile,False
0.01,deposit,online,New York,mobile,False
23.68,transfer,entertainment,New York,mobile,False
56.24,transfer,online,New York,mobile,False
486.51,deposit,entertainment,Tokyo,mobile,False
0.19,deposit,online,New York,mobile,False
3.35,transfer,online,Tokyo,mobile,False
433.36,deposit,entertainment,Tokyo,mobile,False
374.91,deposit,online,New York,atm,False
476.81,deposit,online,Tokyo,mobile,False
1704.32,deposit,online,New York,mobile,False
35.33,transfer,entertainment,New York,atm,False
894.58,deposit,entertainment,New York,atm,False
1128.57,deposit,entertainment,Tokyo,mobile,False
10.3,transfer,online,Tokyo,mobile,False
1174.99,deposit,entertainment,Tokyo,atm,False
894.24,deposit,online,New York,mobile,False
713.97,deposit,online,Tokyo,mobile,False
983.51,deposit,online,Tokyo,atm,False
32.86,transfer,online,New York,atm,False
9.36,transfer,entertainment,Tokyo,mobile,False
22.62,transfer,online,Tokyo,mobile,False
1218.67,deposit,entertainment,Tokyo,mobile,False
5.37,transfer,online,Tokyo,mobile,False
1085.63,deposit,entertainment,Tokyo,atm,False
567.32,deposit,entertainment,Tokyo,atm,False
9.68,transfer,online,Tokyo,mobile,False
35.3,transfer,entertainment,New York,atm,False
6.45,transfer,entertainment,Tokyo,mobile,False
527.27,deposit,entertainment,Tokyo,atm,False
45.37,transfer,entertainment,New York,mobile,False
459.9,deposit,online,New York,atm,False
8.41,transfer,entertainment,New York,atm,False
1824.62,deposit,entertainment,New York,atm,False
1226.46,deposit,online,Tokyo,mobile,False
17.65,transfer,entertainment,New York,atm,False
31.01,transfer,entertainment,Tokyo,atm,False
6.02,transfer,online,New York,mobile,False
1478.1,deposit,online,Tokyo,atm,False
18.67,transfer,entertainment,Tokyo,atm,False
11.23,transfer,online,Tokyo,atm,False
1007.07,deposit,online,New York,mobile,False
1793.73,deposit,online,New York,mobile,False
16.27,transfer,entertainment,Tokyo,mobile,False
9.96,transfer,entertainment,New York,mobile,False
36.54,transfer,entertainment,Tokyo,atm,False
185.2,deposit,entertainment,Tokyo,mobile,False
1669.55,deposit,online,New York,atm,False
1308.56,deposit,online,New York,atm,False
23.57,transfer,online,Tokyo,atm,False
387.82,deposit,online,New York,atm,False
555.63,deposit,online,Tokyo,atm,False
1343.36,deposit,online,New York,mobile,False
18.29,transfer,online,Tokyo,atm,False
1426.57,deposit,online,New York,atm,True
1454.02,deposit,entertainment,New York,atm,False
26.46,transfer,online,New York,atm,False
8.24,transfer,entertainment,New York,mobile,False
926.12,deposit,online,Tokyo,mobile,False
1248.73,deposit,entertainment,Tokyo,mobile,False
533.42,deposit,online,Tokyo,mobile,False
1312.52,deposit,entertainment,Tokyo,atm,False
18.73,transfer,online,Tokyo,mobile,False
846.05,deposit,entertainment,Tokyo,mobile,False
1121.51,deposit,entertainment,Tokyo,atm,False
142.99,deposit,entertainment,New York,atm,False
11.9,transfer,online,Tokyo,atm,False
481.23,deposit,entertainment,New York,mobile,False
1620.71,deposit,entertainment,Tokyo,mobile,False
814.07,deposit,entertainment,New York,mobile,True
1981.42,deposit,online,New York,atm,False
1101.77,deposit,entertainment,New York,atm,False
552.56,deposit,entertainment,New York,atm,False
16.5,transfer,entertainment,New York,atm,False
1399.86,deposit,online,Tokyo,atm,False
14.9,transfer,entertainment,Tokyo,mobile,False
182.29,deposit,online,Tokyo,atm,False
124.25,deposit,entertainment,New York,mobile,False
1190.21,deposit,online,New York,mobile,False
0.01,deposit,entertainment,Tokyo,mobile,False
249.36,deposit,entertainment,Tokyo,atm,False
891.65,deposit,online,Tokyo,mobile,False
1145.12,deposit,entertainment,New York,mobile,False
61.51,deposit,entertainment,Tokyo,atm,False
1497.93,deposit,online,New York,mobile,False
185.55,deposit,entertainment,New York,mobile,False
21.19,transfer,entertainment,New York,mobile,False
49.28,transfer,entertainment,New York,mobile,False
1182.09,deposit,entertainment,Tokyo,atm,False
39.58,transfer,online,New York,atm,False
452.23,deposit,online,New York,atm,False
19.64,transfer,entertainment,New York,atm,False
28.38,transfer,online,Tokyo,atm,False
29.4,transfer,entertainment,Tokyo,mobile,False
1001.5,deposit,entertainment,Tokyo,atm,False
1490.63,deposit,online,New York,mobile,False
13.99,transfer,online,New York,atm,False
23.03,transfer,online,New York,atm,False
273.91,deposit,entertainment,Tokyo,atm,False
1260.64,deposit,entertainment,New York,mobile,False
868.88,deposit,online,Tokyo,mobile,False
15.06,transfer,online,Tokyo,mobile,False
57.84,transfer,online,Tokyo,atm,False
16.44,transfer,entertainment,New York,atm,False
1950.04,deposit,entertainment,Tokyo,mobile,False
17.02,transfer,entertainment,Tokyo,atm,False
13.07,transfer,online,Tokyo,mobile,False
11.16,transfer,online,New York,atm,False
11.08,transfer,online,New York,mobile,False
18.63,transfer,online,Tokyo,atm,False
749.66,deposit,entertainment,New York,mobile,False
344.65,deposit,online,New York,atm,False
1439.89,deposit,online,New York,atm,False
1396.65,deposit,online,Tokyo,mobile,False
1372.98,deposit,online,Tokyo,atm,False
22.98,transfer,entertainment,Tokyo,atm,False
25.36,transfer,entertainment,Tokyo,mobile,False
29.31,transfer,online,New York,mobile,False
9.6,transfer,entertainment,New York,atm,False
32.33,transfer,entertainment,New York,atm,False
1002.48,deposit,entertainment,New York,mobile,False
23.49,transfer,online,Tokyo,atm,False
30.65,transfer,entertainment,New York,atm,False
948.66,deposit,entertainment,Tokyo,atm,False
10.92,transfer,online,Tokyo,mobile,False
12.29,transfer,online,Tokyo,atm,False
538.11,deposit,entertainment,New York,mobile,False
782.25,deposit,online,Tokyo,atm,False
27.37,transfer,online,New York,mobile,False
448.36,deposit,online,New York,atm,False
17.52,transfer,online,New York,mobile,False
396.11,deposit,online,Tokyo,mobile,False
16.3,transfer,online,New York,atm,False
1185.44,deposit,online,Tokyo,atm,False
79.7,transfer,online,Tokyo,mobile,False
35.02,transfer,online,Tokyo,mobile,False
13.85,transfer,entertainment,Tokyo,atm,False
954.08,deposit,entertainment,New York,mobile,False
1220.71,deposit,entertainment,New York,mobile,False
40.96,transfer,entertainment,Tokyo,atm,False
808.76,deposit,online,New York,mobile,False
403.68,deposit,entertainment,Tokyo,mobile,False
1479.04,deposit,online,Tokyo,atm,False
29.64,transfer,entertainment,New York,atm,False
4.86,transfer,entertainment,New York,mobile,False
32.92,transfer,online,New York,atm,False
1119.79,deposit,online,New York,mobile,False
11.88,transfer,online,Tokyo,atm,False
1411.42,deposit,online,New York,atm,False
491.36,deposit,online,New York,atm,False
264.83,deposit,online,New York,atm,False
17.48,transfer,online,Tokyo,mobile,False
79.82,transfer,online,New York,atm,False
4.56,transfer,online,New York,mobile,False
0.01,deposit,entertainment,New York,atm,False
2336.64,deposit,entertainment,Tokyo,atm,False
24.57,transfer,online,Tokyo,mobile,False
1081.63,deposit,online,Tokyo,mobile,False
950.45,deposit,entertainment,Tokyo,atm,False
1194.39,deposit,online,Tokyo,mobile,False
20.43,transfer,online,New York,atm,False
1352.47,deposit,online,New York,mobile,False
1109.36,deposit,entertainment,New York,atm,False
37.51,transfer,entertainment,Tokyo,mobile,False
584.26,deposit,entertainment,Tokyo,atm,False
454.8,deposit,online,Tokyo,mobile,False
1767.76,deposit,online,New York,mobile,False
901.36,deposit,entertainment,New York,atm,False
14.71,transfer,entertainment,Tokyo,mobile,False
1317.44,deposit,entertainment,Tokyo,mobile,False
1762.56,deposit,online,Tokyo,mobile,False
1041.98,deposit,online,New York,atm,False
34.15,transfer,online,Tokyo,mobile,False
23.07,transfer,online,Tokyo,mobile,False
23.29,transfer,entertainment,Tokyo,mobile,False
1376.15,deposit,entertainment,Tokyo,atm,False
1367.37,deposit,online,Tokyo,mobile,False
567.48,deposit,online,New York,atm,False
29.75,transfer,entertainment,Tokyo,atm,False
17.99,transfer,online,Tokyo,mobile,False
23.31,transfer,online,Tokyo,atm,False
539.2,deposit,entertainment,New York,atm,False
1019.68,deposit,entertainment,Tokyo,atm,False
0.01,deposit,entertainment,New York,atm,False
7.76,transfer,online,Tokyo,atm,False
593.86,deposit,entertainment,New York,atm,False
22.08,transfer,entertainment,Tokyo,atm,False
14.56,transfer,entertainment,Tokyo,atm,False
25.54,transfer,online,Tokyo,mobile,False
1112.73,deposit,entertainment,New York,mobile,False
22.1,transfer,online,Tokyo,mobile,False
2122.55,deposit,entertainment,New York,atm,False
14.73,transfer,online,New York,mobile,False
1245.23,deposit,entertainment,New York,atm,False
818.93,deposit,entertainment,New York,mobile,False
1993.46,deposit,entertainment,Tokyo,atm,False
1847.91,deposit,online,Tokyo,mobile,False
1319.57,deposit,entertainment,Tokyo,atm,False
29.17,transfer,entertainment,Tokyo,mobile,False
45.32,transfer,entertainment,Tokyo,mobile,False
1297.76,deposit,entertainment,Tokyo,atm,False
1475.78,deposit,entertainment,New York,atm,False
101.34,transfer,online,New York,mobile,False
1270.59,deposit,entertainment,New York,mobile,False
1158.34,deposit,entertainment,New York,atm,False
71.5,transfer,online,Tokyo,atm,False
26.22,transfer,entertainment,New York,atm,False
21.47,transfer,online,Tokyo,mobile,False
809.33,deposit,online,New York,atm,False
11.47,transfer,entertainment,New York,mobile,False
6.66,transfer,entertainment,Tokyo,atm,False
14.71,transfer,entertainment,New York,mobile,False
21.39,transfer,online,Tokyo,mobile,True
18.06,transfer,entertainment,Tokyo,mobile,False
1051.06,deposit,online,New York,atm,False
874.22,deposit,entertainment,Tokyo,mobile,False
432.21,deposit,entertainment,New York,mobile,False
1224.81,deposit,entertainment,New York,mobile,False
1523.9,deposit,online,Tokyo,mobile,False
798.79,deposit,entertainment,Tokyo,atm,False
15.03,transfer,entertainment,New York,atm,False
26.84,transfer,online,New York,atm,False
517.25,deposit,online,Tokyo,atm,False
935.58,deposit,entertainment,New York,mobile,False
88.04,deposit,entertainment,New York,atm,False
8.15,transfer,online,New York,mobile,False
40.5,transfer,online,New York,atm,False
72.72,transfer,entertainment,Tokyo,atm,False
1135.03,deposit,online,New York,mobile,False
17.18,transfer,entertainment,Tokyo,mobile,False
20.68,transfer,entertainment,Tokyo,mobile,False
15.47,transfer,entertainment,New York,mobile,False
1103.87,deposit,entertainment,Tokyo,mobile,False
19.8,transfer,entertainment,Tokyo,mobile,False
1039.38,deposit,online,New York,mobile,False
389.37,deposit,online,Tokyo,atm,False
8.5,transfer,entertainment,Tokyo,atm,False
17.14,transfer,entertainment,Tokyo,mobile,False
15.59,transfer,entertainment,Tokyo,atm,False
1355.33,deposit,entertainment,New York,atm,False
877.89,deposit,entertainment,New York,mobile,False
16.54,transfer,entertainment,New York,atm,False
1680.18,deposit,online,Tokyo,mobile,False
1046.62,deposit,online,New York,mobile,False
25.83,transfer,entertainment,Tokyo,atm,False
35.97,transfer,entertainment,New York,atm,False
17,transfer,entertainment,Tokyo,mobile,False
20.18,transfer,entertainment,New York,atm,False
1403.94,deposit,entertainment,New York,mobile,False
6.98,transfer,online,New York,mobile,False
16.33,transfer,entertainment,New York,mobile,False
1429.01,deposit,entertainment,New York,mobile,False
646.36,deposit,entertainment,Tokyo,atm,False
60.48,transfer,online,New York,atm,False
23.41,transfer,entertainment,New York,atm,False
1129.65,deposit,entertainment,New York,mobile,False
33.03,transfer,entertainment,Tokyo,atm,True
19.91,transfer,online,Tokyo,atm,False
8.44,transfer,entertainment,Tokyo,atm,False
45.8,transfer,online,New York,mobile,False
67.38,transfer,entertainment,New York,mobile,False
78.7,transfer,entertainment,New York,atm,False
12.74,transfer,online,Tokyo,mobile,False
836.7,deposit,entertainment,Tokyo,mobile,False
817.64,deposit,online,New York,atm,False
1027.27,deposit,online,New York,atm,False
6.8,transfer,online,New York,atm,False
605.28,deposit,entertainment,New York,mobile,False
46.38,transfer,entertainment,New York,atm,False
1275.38,deposit,online,New York,mobile,False
444.49,deposit,online,Tokyo,atm,False
13.61,transfer,online,Tokyo,mobile,False
39.64,transfer,online,New York,mobile,False
15.92,transfer,online,Tokyo,atm,False
1590.44,deposit,online,New York,mobile,False
1678.64,deposit,entertainment,New York,atm,False
23.04,transfer,entertainment,New York,atm,False
723.21,deposit,online,Tokyo,mobile,False
12.45,transfer,online,New York,mobile,False
1152.29,deposit,online,New York,atm,False
11.46,transfer,entertainment,Tokyo,mobile,False
15.05,transfer,online,New York,mobile,True
668.14,deposit,online,New York,mobile,False
1317.06,deposit,entertainment,New York,mobile,False
1171.5,deposit,entertainment,New York,mobile,False
1222.29,deposit,online,New York,atm,False
6.72,transfer,entertainment,Tokyo,mobile,False
19.7,transfer,entertainment,New York,atm,False
34.14,transfer,online,Tokyo,atm,False
19.15,transfer,entertainment,New York,mobile,False
1662.63,deposit,entertainment,New York,atm,False
11.07,transfer,entertainment,Tokyo,atm,False
953.22,deposit,online,Tokyo,atm,False
4.62,transfer,online,New York,atm,False
316.16,deposit,online,Tokyo,atm,False
10.74,transfer,online,Tokyo,atm,False
1218.08,deposit,online,New York,atm,False
22.13,transfer,online,New York,mobile,False
54.51,transfer,entertainment,Tokyo,mobile,False
353.99,deposit,online,Tokyo,atm,False
1362.04,deposit,online,Tokyo,mobile,False
8.6,transfer,online,New York,mobile,False
262.77,deposit,entertainment,Tokyo,mobile,False
758.4,deposit,online,New York,atm,False
24.28,transfer,online,Tokyo,atm,False
64.32,transfer,online,New York,mobile,False
955.22,deposit,online,Tokyo,mobile,False
17.78,transfer,online,Tokyo,mobile,False
67.76,transfer,online,Tokyo,atm,False
838.67,deposit,entertainment,New York,atm,False
1672.71,deposit,entertainment,Tokyo,atm,False
1275.84,deposit,entertainment,New York,atm,False
30.35,transfer,entertainment,Tokyo,mobile,False
17.11,transfer,entertainment,New York,mobile,False
1385.11,deposit,entertainment,New York,mobile,False
591.36,deposit,online,New York,atm,False
681.97,deposit,entertainment,Tokyo,atm,False
1360.35,deposit,entertainment,New York,atm,False
655.68,deposit,online,New York,mobile,False
34.37,transfer,online,Tokyo,atm,False
9.96,transfer,online,New York,atm,False
2247.6,deposit,entertainment,New York,mobile,False
21.69,transfer,online,Tokyo,mobile,False
3.08,transfer,entertainment,Tokyo,atm,False
18.67,transfer,online,New York,atm,False
1863.86,deposit,online,Tokyo,atm,False
54.82,transfer,online,Tokyo,atm,False
685.79,deposit,entertainment,Tokyo,mobile,True
2023.79,deposit,online,New York,atm,False
1387.6,deposit,entertainment,Tokyo,atm,False
7.26,transfer,entertainment,Tokyo,atm,False
1043.14,deposit,entertainment,New York,atm,False
42.72,transfer,entertainment,Tokyo,atm,False
1327.01,deposit,online,New York,mobile,False
20.1,transfer,online,Tokyo,mobile,False
20.23,transfer,entertainment,Tokyo,atm,False
28.17,transfer,online,New York,mobile,False
617.5,deposit,online,New York,atm,False
12.9,transfer,entertainment,New York,mobile,False
1867.16,deposit,online,New York,mobile,False
155.32,deposit,entertainment,Tokyo,atm,False
1003.55,deposit,entertainment,New York,mobile,False
28.33,transfer,entertainment,Tokyo,mobile,False
1536.25,deposit,online,Tokyo,mobile,False
1000.36,deposit,entertainment,Tokyo,mobile,False
16.8,transfer,online,Tokyo,atm,False
1390.63,deposit,entertainment,New York,atm,False
800.89,deposit,online,New York,mobile,False
23.72,transfer,online,Tokyo,atm,False
9.88,transfer,entertainment,Tokyo,atm,False
33.66,transfer,online,Tokyo,mobile,False
14.89,transfer,online,Tokyo,atm,False
2113.32,deposit,online,New York,mobile,False
15.71,transfer,online,Tokyo,mobile,False
1503.62,deposit,entertainment,Tokyo,mobile,False
488.62,deposit,entertainment,Tokyo,mobile,False
634.82,deposit,online,New York,atm,False
1330.59,deposit,entertainment,New York,mobile,False
41.67,transfer,entertainment,New York,mobile,False
466.19,deposit,entertainment,New York,mobile,False
15.55,transfer,entertainment,New York,mobile,False
13.38,transfer,online,New York,mobile,False
740.71,deposit,online,Tokyo,atm,False
15.2,transfer,online,New York,mobile,False
1858.14,deposit,entertainment,New York,mobile,False
12.74,transfer,entertainment,Tokyo,mobile,False
502.54,deposit,entertainment,New York,mobile,False
14.59,transfer,online,New York,mobile,True
673.84,deposit,entertainment,New York,mobile,False
1338.18,deposit,online,Tokyo,atm,False
1259.43,deposit,entertainment,Tokyo,atm,False
18.98,transfer,online,Tokyo,mobile,False
1420.59,deposit,online,Tokyo,atm,False
1157.69,deposit,online,Tokyo,mobile,False
22.25,transfer,online,New York,mobile,False
73.09,transfer,entertainment,Tokyo,atm,False
16.66,transfer,entertainment,New York,mobile,False
1314.02,deposit,online,Tokyo,atm,False
13.08,transfer,online,New York,mobile,False
21.65,transfer,online,New York,mobile,False
29.48,transfer,entertainment,Tokyo,atm,False
863.36,deposit,online,New York,mobile,False
127.85,deposit,entertainment,Tokyo,mobile,False
22.8,transfer,entertainment,New York,mobile,False
39.58,transfer,online,Tokyo,atm,False
1586.8,deposit,online,Tokyo,atm,False
63.51,transfer,entertainment,Tokyo,mobile,False
1101.94,deposit,entertainment,Tokyo,atm,False
25.74,transfer,entertainment,Tokyo,mobile,False
82.13,transfer,online,New York,atm,False
37.96,transfer,entertainment,New York,atm,False
803.1,deposit,entertainment,Tokyo,mobile,False
562.19,deposit,entertainment,New York,atm,False
21.32,transfer,entertainment,Tokyo,atm,False
11.35,transfer,entertainment,Tokyo,atm,False
572.75,deposit,online,New York,mobile,False
169.29,transfer,online,New York,atm,False
330.55,deposit,entertainment,Tokyo,mobile,False
1593.53,deposit,entertainment,Tokyo,mobile,False
27.26,transfer,online,New York,mobile,False
20.06,transfer,online,New York,atm,False
1102.94,deposit,entertainment,Tokyo,mobile,False
740.52,deposit,entertainment,Tokyo,mobile,False
5.75,transfer,entertainment,New York,mobile,False
1293.15,deposit,entertainment,Tokyo,mobile,False
16.33,transfer,entertainment,New York,mobile,False
1255.13,deposit,online,Tokyo,mobile,False
10.32,transfer,online,Tokyo,mobile,False
776.83,deposit,entertainment,Tokyo,mobile,False
33.89,transfer,online,New York,mobile,False
652.71,deposit,online,Tokyo,mobile,False
33.79,transfer,online,New York,atm,False
1410.75,deposit,entertainment,Tokyo,atm,False
18.78,transfer,entertainment,Tokyo,atm,False
1387.08,deposit,entertainment,Tokyo,atm,False
376.47,deposit,entertainment,Tokyo,mobile,False
29.04,transfer,entertainment,Tokyo,atm,False
760.67,deposit,entertainment,Tokyo,mobile,False
50.45,transfer,entertainment,Tokyo,atm,False
1321.51,deposit,entertainment,Tokyo,mobile,False
1202.37,deposit,online,Tokyo,mobile,False
11.83,transfer,online,Tokyo,mobile,False
1048.98,deposit,entertainment,Tokyo,atm,False
1069.87,deposit,online,Tokyo,mobile,False
703.08,deposit,online,New York,atm,False
22.9,transfer,entertainment,Tokyo,atm,False
1223.26,deposit,entertainment,New York,mobile,False
1758.66,deposit,online,Tokyo,mobile,False
17.6,transfer,online,New York,mobile,False
4.39,transfer,entertainment,Tokyo,atm,False
11.21,transfer,entertainment,New York,atm,False
24.14,transfer,entertainment,Tokyo,mobile,False
16.99,transfer,online,Tokyo,atm,False
48.77,transfer,entertainment,Tokyo,mobile,False
290.04,deposit,online,New York,mobile,False
1415.27,deposit,online,Tokyo,atm,False
19.99,transfer,online,Tokyo,mobile,False
23.62,transfer,entertainment,Tokyo,mobile,False
1066.54,deposit,entertainment,New York,atm,False
9.15,transfer,online,New York,atm,False
18.07,transfer,online,Tokyo,mobile,False
11.49,transfer,entertainment,Tokyo,mobile,False
1532.66,deposit,entertainment,Tokyo,mobile,False
495.17,deposit,entertainment,New York,atm,False
560.77,deposit,online,Tokyo,mobile,False
1114.74,deposit,entertainment,Tokyo,mobile,False
1174.1,deposit,entertainment,Tokyo,mobile,False
1224.17,deposit,online,Tokyo,mobile,False
389.65,deposit,entertainment,Tokyo,mobile,False
463.29,deposit,online,Tokyo,atm,False
1281.36,deposit,online,Tokyo,atm,False
1251.3,deposit,entertainment,New York,atm,False
943.13,deposit,online,Tokyo,mobile,False
510.14,deposit,entertainment,Tokyo,mobile,False
22.11,transfer,entertainment,New York,atm,False
23.59,transfer,online,New York,mobile,False
665.11,deposit,entertainment,New York,atm,False
481.21,deposit,entertainment,New York,mobile,False
99.54,transfer,online,New York,atm,False
24.1,transfer,online,Tokyo,mobile,False
15.31,transfer,online,Tokyo,mobile,False
25.43,transfer,entertainment,New York,mobile,False
919.84,deposit,online,Tokyo,mobile,False
22.4,transfer,online,New York,atm,False
16.83,transfer,entertainment,Tokyo,mobile,True
0.01,deposit,entertainment,Tokyo,atm,False
17.39,transfer,entertainment,New York,atm,False
23.55,transfer,online,New York,atm,False
899.16,deposit,online,Tokyo,atm,False
1153.26,deposit,online,Tokyo,atm,False
1731.03,deposit,entertainment,Tokyo,mobile,False
1600.25,deposit,online,New York,mobile,False
1182.15,deposit,entertainment,New York,mobile,False
31.36,transfer,entertainment,New York,atm,False
453.12,deposit,online,New York,atm,False
59.74,transfer,entertainment,New York,mobile,False
19.55,transfer,entertainment,Tokyo,atm,False
1535.37,deposit,online,New York,mobile,True
1330.43,deposit,online,New York,atm,False
850.55,deposit,entertainment,Tokyo,mobile,False
10.22,transfer,entertainment,Tokyo,mobile,False
135.97,transfer,online,New York,mobile,False
11.01,transfer,entertainment,Tokyo,atm,False
33.57,transfer,entertainment,New York,mobile,False
1090.98,deposit,entertainment,Tokyo,mobile,False
24.41,transfer,online,Tokyo,atm,False
10.62,transfer,entertainment,Tokyo,atm,False
45.1,transfer,entertainment,Tokyo,mobile,False
9.92,transfer,entertainment,Tokyo,mobile,False
37.63,transfer,online,New York,mobile,False
13.71,transfer,entertainment,Tokyo,mobile,False
17.31,transfer,online,New York,mobile,False
1996.49,deposit,entertainment,Tokyo,atm,False
490.27,deposit,entertainment,New York,atm,False
125.44,transfer,online,New York,atm,False
566.05,deposit,entertainment,Tokyo,atm,False
840.47,deposit,online,Tokyo,atm,False
64.1,transfer,online,Tokyo,mobile,False
40.24,transfer,online,Tokyo,mobile,False
1241.07,deposit,online,Tokyo,mobile,False
9.13,transfer,entertainment,New York,atm,False
1375.07,deposit,entertainment,New York,atm,False
21.08,transfer,entertainment,New York,mobile,False
62.01,transfer,entertainment,Tokyo,mobile,False
36.15,transfer,entertainment,New York,mobile,False
1006.81,deposit,online,New York,atm,False
0.01,deposit,entertainment,New York,atm,False
1015.7,deposit,entertainment,Tokyo,atm,False
1437.92,deposit,online,Tokyo,mobile,False
662.37,deposit,entertainment,New York,atm,False
974.12,deposit,entertainment,New York,mobile,False
22.51,transfer,entertainment,New York,atm,False
51.99,transfer,entertainment,New York,mobile,False
213.03,deposit,entertainment,New York,mobile,False
451.12,deposit,entertainment,Tokyo,atm,False
37.63,transfer,online,New York,atm,False
23.74,transfer,entertainment,Tokyo,mobile,False
1046.83,deposit,entertainment,New York,atm,False
3.89,transfer,online,New York,atm,False
12.98,transfer,online,New York,atm,False
27.39,transfer,online,New York,atm,False
1815.87,deposit,online,Tokyo,mobile,False
57.52,transfer,entertainment,New York,atm,False
53.38,transfer,online,Tokyo,mobile,False
0.01,deposit,entertainment,Tokyo,atm,False
1104.09,deposit,entertainment,Tokyo,atm,False
1148.84,deposit,online,Tokyo,mobile,False
849.06,deposit,entertainment,Tokyo,atm,False
22.18,transfer,online,Tokyo,mobile,False
23.96,transfer,online,Tokyo,mobile,False
14.6,transfer,online,New York,mobile,False
1933.42,deposit,online,Tokyo,atm,False
13.2,transfer,online,New York,mobile,False
287.21,deposit,entertainment,Tokyo,atm,False
15.43,transfer,entertainment,Tokyo,mobile,False
22.31,transfer,online,Tokyo,mobile,False
163.17,deposit,entertainment,Tokyo,atm,False
17.11,transfer,entertainment,New York,atm,False
24.15,transfer,online,New York,atm,False
36.86,transfer,entertainment,New York,atm,False
35.08,transfer,entertainment,New York,mobile,False
300.98,deposit,entertainment,New York,atm,False
0.01,deposit,online,Tokyo,mobile,False
33,transfer,online,New York,atm,False
20.13,transfer,entertainment,New York,mobile,False
22.36,transfer,online,New York,atm,False
33.09,transfer,entertainment,Tokyo,atm,False
4.17,transfer,online,Tokyo,atm,False
1520.78,deposit,entertainment,Tokyo,atm,False
531.99,deposit,online,Tokyo,atm,False
43.24,transfer,online,New York,atm,False
245.64,deposit,entertainment,New York,mobile,False
49.93,transfer,entertainment,New York,atm,False
30.61,transfer,online,Tokyo,atm,False
0.01,deposit,online,Tokyo,atm,False
713.64,deposit,online,New York,mobile,False
21.16,transfer,entertainment,Tokyo,atm,False
6.02,transfer,entertainment,New York,mobile,False
19.64,transfer,online,Tokyo,mobile,False
26.58,transfer,entertainment,Tokyo,atm,False
36.21,transfer,online,Tokyo,atm,False
789.59,deposit,entertainment,Tokyo,atm,False
0.01,deposit,entertainment,New York,atm,False
12.88,transfer,entertainment,New York,atm,False
1092.71,deposit,online,New York,mobile,False
19.21,transfer,entertainment,Tokyo,atm,False
888.15,deposit,online,Tokyo,atm,False
503.62,deposit,entertainment,New York,mobile,False
1324.17,deposit,entertainment,Tokyo,atm,False
1235.68,deposit,online,New York,atm,False
23.75,transfer,entertainment,New York,atm,False
817.82,deposit,entertainment,Tokyo,mobile,False
928.09,deposit,online,New York,mobile,False
602.01,deposit,entertainment,New York,atm,False
7.76,transfer,online,New York,mobile,False
1704.27,deposit,entertainment,Tokyo,atm,False
543.84,deposit,entertainment,New York,mobile,False
101.91,deposit,online,Tokyo,mobile,False
1564.93,deposit,entertainment,Tokyo,atm,False
1229.81,deposit,online,New York,mobile,False
174.07,deposit,online,New York,mobile,False
997.93,deposit,entertainment,Tokyo,mobile,False
274.36,deposit,online,Tokyo,atm,False
1031.62,deposit,entertainment,Tokyo,mobile,False
22.29,transfer,entertainment,New York,atm,False
739.38,deposit,entertainment,New York,atm,False
1535.63,deposit,online,New York,mobile,False
18.9,transfer,entertainment,Tokyo,atm,False
640.46,deposit,entertainment,Tokyo,atm,False
1207.3,deposit,online,Tokyo,atm,False
23.72,transfer,entertainment,Tokyo,mobile,False
19,transfer,online,New York,atm,False
15.51,transfer,online,New York,atm,False
11.02,transfer,online,Tokyo,atm,False
250.81,deposit,online,Tokyo,atm,False
50.9,transfer,entertainment,New York,atm,True
16.72,transfer,online,New York,mobile,False
678.66,deposit,entertainment,Tokyo,atm,False
27.93,transfer,entertainment,Tokyo,mobile,False
15.47,transfer,online,New York,atm,False
4.19,transfer,online,New York,atm,False
1275.2,deposit,entertainment,Tokyo,mobile,False
27.1,transfer,online,New York,mobile,False
691.41,deposit,entertainment,New York,mobile,False
6.22,transfer,online,Tokyo,mobile,False
146.05,transfer,online,New York,mobile,False
722.96,deposit,entertainment,New York,atm,False
29.41,transfer,entertainment,Tokyo,mobile,False
19.66,transfer,online,New York,mobile,False
105.19,deposit,online,New York,mobile,False
309.86,deposit,online,New York,mobile,False
1499.27,deposit,online,New York,atm,False
253.29,deposit,entertainment,Tokyo,atm,False
1459.63,deposit,entertainment,New York,mobile,False
32.99,transfer,entertainment,New York,atm,True
14.12,transfer,entertainment,Tokyo,atm,False
13.07,transfer,entertainment,New York,mobile,False
18.05,transfer,entertainment,New York,atm,False
140.13,deposit,entertainment,Tokyo,mobile,False
957.99,deposit,online,New York,atm,False
842.05,deposit,online,New York,atm,False
38.22,transfer,online,New York,mobile,False
12.36,deposit,online,Tokyo,mobile,False
8.8,transfer,entertainment,Tokyo,atm,False
0.01,deposit,online,Tokyo,atm,False
246.65,deposit,online,Tokyo,atm,False
31,transfer,entertainment,Tokyo,atm,False
712.29,deposit,entertainment,New York,atm,False
19.76,transfer,online,Tokyo,mobile,False
28,transfer,entertainment,Tokyo,atm,False
18.6,transfer,online,New York,mobile,False
38.99,transfer,online,Tokyo,mobile,False
30.67,transfer,entertainment,Tokyo,atm,False
53.22,transfer,entertainment,New York,mobile,False
660.02,deposit,entertainment,New York,atm,False
9.81,transfer,online,Tokyo,mobile,False
326.72,deposit,online,Tokyo,atm,False
9.24,transfer,entertainment,Tokyo,atm,False
55.39,transfer,entertainment,Tokyo,atm,False
1752.42,deposit,online,New York,atm,False
17.21,transfer,online,New York,atm,False
21.59,transfer,online,New York,atm,False
278.45,deposit,entertainment,Tokyo,mobile,False
1829.82,deposit,entertainment,New York,mobile,False
351.57,deposit,online,New York,atm,False
25.3,transfer,entertainment,Tokyo,atm,False
655.81,deposit,online,New York,mobile,False
16.64,transfer,online,Tokyo,atm,False
1782.57,deposit,entertainment,New York,atm,False
28,transfer,online,Tokyo,atm,False
578.7,deposit,online,Tokyo,atm,False
24.92,transfer,online,New York,atm,False
2377.2,deposit,online,New York,atm,False
22.28,transfer,online,New York,atm,False
1127.46,deposit,online,New York,atm,False
41.92,transfer,online,New York,atm,False
17.72,transfer,online,New York,atm,False
2324.99,deposit,entertainment,New York,atm,False
44.77,transfer,entertainment,New York,atm,False
1800.66,deposit,entertainment,New York,mobile,False
24.08,transfer,entertainment,Tokyo,mobile,False
1946.87,deposit,online,Tokyo,mobile,False
0.01,deposit,entertainment,Tokyo,mobile,False
1136.85,deposit,entertainment,New York,atm,False
18.66,transfer,entertainment,New York,mobile,False
1745.3,deposit,entertainment,New York,atm,False
1341.91,deposit,entertainment,Tokyo,mobile,False
21.37,transfer,entertainment,New York,mobile,False
53.44,transfer,entertainment,New York,atm,False
22.49,transfer,entertainment,Tokyo,mobile,False
13.3,transfer,entertainment,Tokyo,atm,False
560.2,deposit,online,Tokyo,mobile,False
27.56,transfer,entertainment,Tokyo,mobile,False
512.73,deposit,entertainment,Tokyo,mobile,False
30.5,transfer,online,Tokyo,atm,False
5.71,transfer,entertainment,New York,atm,False
14.32,transfer,online,Tokyo,atm,False
9.48,transfer,online,New York,mobile,False
43.4,transfer,entertainment,New York,atm,False
19.42,transfer,entertainment,New York,mobile,False
50.66,transfer,online,New York,atm,False
19.99,transfer,online,Tokyo,mobile,False
1021.92,deposit,online,Tokyo,mobile,False
1299.62,deposit,online,Tokyo,atm,False
10.79,transfer,online,New York,mobile,False
633.99,deposit,online,Tokyo,atm,False
1122.24,deposit,online,Tokyo,atm,False
861.87,deposit,online,Tokyo,mobile,False
1329.16,deposit,entertainment,New York,atm,False
1003.17,deposit,entertainment,New York,atm,False
945.09,deposit,entertainment,New York,atm,False
14.68,transfer,entertainment,New York,atm,False
12.83,transfer,entertainment,New York,mobile,False
1252.41,deposit,online,New York,mobile,False
24.88,transfer,entertainment,New York,mobile,False
31.88,transfer,entertainment,New York,mobile,False
6.08,transfer,online,Tokyo,atm,False
24.86,transfer,entertainment,New York,mobile,False
935.92,deposit,online,New York,mobile,False
875.9,deposit,online,New York,mobile,False
6.28,transfer,online,Tokyo,atm,False
1963.66,deposit,online,New York,mobile,False
35.21,transfer,online,Tokyo,atm,False
1173.81,deposit,entertainment,Tokyo,atm,False
420.94,deposit,online,New York,mobile,False
8.7,transfer,online,Tokyo,atm,False
201.74,deposit,online,Tokyo,mobile,False
350.6,deposit,entertainment,New York,mobile,False
22.55,transfer,online,Tokyo,atm,False
12.5,transfer,entertainment,Tokyo,atm,False
1117.23,deposit,entertainment,Tokyo,atm,False
25.61,transfer,entertainment,Tokyo,atm,False
397.68,deposit,entertainment,New York,atm,False
310.99,deposit,entertainment,Tokyo,atm,False
1254.94,deposit,online,Tokyo,atm,False
789.9,deposit,entertainment,New York,mobile,False
883.65,deposit,entertainment,New York,atm,False
1148.07,deposit,online,Tokyo,mobile,False
1596.32,deposit,entertainment,Tokyo,mobile,False
13.25,transfer,entertainment,New York,atm,False
7.99,transfer,entertainment,New York,mobile,False
732.99,deposit,online,Tokyo,mobile,False
649.11,deposit,online,New York,mobile,False
10.62,transfer,online,New York,atm,False
228.96,deposit,online,New York,atm,False
887.17,deposit,entertainment,Tokyo,mobile,False
17.11,transfer,online,Tokyo,atm,False
12.18,transfer,entertainment,Tokyo,atm,False
87.14,deposit,online,Tokyo,atm,False
1099.43,deposit,online,New York,mobile,True
390.57,deposit,online,New York,mobile,False
8.38,transfer,entertainment,Tokyo,atm,False
15.38,transfer,online,Tokyo,mobile,False
692.07,deposit,entertainment,New York,mobile,False
1429.95,deposit,online,New York,mobile,False
35.35,transfer,entertainment,Tokyo,mobile,False
12.43,transfer,online,New York,atm,False
24.44,transfer,online,New York,atm,False
596.5,deposit,online,Tokyo,atm,False
1052.27,deposit,entertainment,Tokyo,atm,False
28.88,transfer,online,Tokyo,mobile,False
19.66,transfer,entertainment,Tokyo,mobile,False
17.75,transfer,online,New York,atm,False
15.19,transfer,online,Tokyo,atm,False
4.11,transfer,online,Tokyo,mobile,False
581.7,deposit,online,Tokyo,mobile,False
19.78,transfer,entertainment,New York,mobile,True
42.67,transfer,online,Tokyo,atm,False
22.46,transfer,entertainment,Tokyo,atm,True
445.76,deposit,entertainment,New York,mobile,False
31.69,transfer,online,Tokyo,atm,False
14.37,transfer,online,New York,atm,False
36.93,transfer,online,New York,mobile,False
47.77,transfer,online,New York,mobile,False
28.12,transfer,entertainment,New York,atm,False
8.83,transfer,online,Tokyo,mobile,True
1305.87,deposit,online,New York,atm,False
1008.97,deposit,entertainment,New York,mobile,False
15.65,transfer,entertainment,New York,atm,False
11.46,transfer,entertainment,New York,atm,False
1422.32,deposit,online,New York,mobile,False
28.76,transfer,online,New York,mobile,False
451.26,deposit,entertainment,Tokyo,atm,False
1677.75,deposit,online,Tokyo,atm,False
904.48,deposit,entertainment,Tokyo,mobile,False
25.62,transfer,entertainment,Tokyo,mobile,False
36.2,transfer,online,Tokyo,mobile,False
866.18,deposit,online,New York,atm,False
17.19,transfer,online,Tokyo,mobile,True
1441.65,deposit,entertainment,New York,mobile,False
549.88,deposit,online,Tokyo,atm,False
10.4,transfer,entertainment,Tokyo,atm,False
23.73,transfer,online,New York,atm,False
18.74,transfer,entertainment,Tokyo,mobile,True
9.88,transfer,entertainment,New York,mobile,False
9.48,transfer,entertainment,New York,atm,False
682.09,deposit,entertainment,New York,atm,False
781.03,deposit,entertainment,New York,mobile,False
9.09,transfer,online,Tokyo,mobile,False
1557.06,deposit,entertainment,Tokyo,mobile,False
16.45,transfer,entertainment,Tokyo,mobile,False
715.63,deposit,online,New York,atm,False
307.74,deposit,entertainment,Tokyo,atm,False
809.03,deposit,entertainment,New York,atm,False
1802.78,deposit,entertainment,New York,atm,False
649.63,deposit,online,Tokyo,mobile,False
15.66,transfer,entertainment,New York,mobile,False
1381.21,deposit,online,New York,atm,False
17.03,transfer,entertainment,Tokyo,atm,False
1001.91,deposit,online,New York,mobile,False
0.01,deposit,online,New York,mobile,False
9.91,transfer,entertainment,Tokyo,atm,False
0.01,deposit,online,New York,atm,False
1311.67,deposit,entertainment,Tokyo,atm,False
96.29,transfer,online,Tokyo,atm,False
757.29,deposit,online,New York,mobile,False
24.89,transfer,online,Tokyo,atm,False
739.47,deposit,online,New York,atm,False
13.59,transfer,entertainment,New York,mobile,False
7.66,transfer,entertainment,Tokyo,mobile,False
36.67,transfer,online,New York,atm,False
29.04,transfer,entertainment,Tokyo,atm,False
2134.91,deposit,online,New York,mobile,False
7.05,transfer,entertainment,New York,mobile,False
19.07,transfer,entertainment,New York,mobile,False
28.96,transfer,entertainment,New York,atm,False
593.48,deposit,entertainment,Tokyo,atm,False
1041.6,deposit,online,Tokyo,mobile,False
13.38,transfer,online,Tokyo,atm,False
988.96,deposit,entertainment,New York,mobile,False
844.8,deposit,entertainment,Tokyo,mobile,False
65.72,transfer,entertainment,Tokyo,atm,False
25.29,transfer,online,New York,mobile,False
37.88,transfer,entertainment,Tokyo,mobile,False
955.27,deposit,online,Tokyo,mobile,False
9.08,transfer,online,New York,atm,False
14.11,transfer,online,Tokyo,atm,False
11.66,transfer,entertainment,Tokyo,mobile,False
37.89,transfer,online,New York,atm,False
1295.91,deposit,online,Tokyo,mobile,False
8.26,transfer,online,New York,atm,False
492.66,deposit,online,New York,atm,False
11.05,transfer,entertainment,Tokyo,atm,False
400.27,deposit,entertainment,New York,mobile,False
7.35,transfer,entertainment,Tokyo,atm,False
24.79,transfer,online,Tokyo,atm,False
113.05,deposit,online,Tokyo,atm,False
145.92,deposit,online,Tokyo,atm,False
17.25,transfer,entertainment,Tokyo,mobile,False
7.69,transfer,entertainment,Tokyo,atm,False
0.01,deposit,online,Tokyo,atm,False
12.11,transfer,online,Tokyo,mobile,False
734.87,deposit,online,Tokyo,mobile,False
18.17,transfer,online,New York,atm,False
201.27,deposit,entertainment,Tokyo,atm,False
1373.72,deposit,entertainment,New York,mobile,False
1469.96,deposit,online,Tokyo,atm,False
17.74,transfer,entertainment,Tokyo,atm,False
520.52,deposit,entertainment,Tokyo,atm,False
0.01,deposit,entertainment,Tokyo,mobile,False
14.28,transfer,online,Tokyo,atm,True
1086.94,deposit,entertainment,New York,mobile,False
4.99,transfer,entertainment,Tokyo,atm,False
11.28,transfer,online,New York,mobile,False
306.39,deposit,entertainment,Tokyo,atm,False
1016.94,deposit,online,Tokyo,atm,False
39.26,transfer,online,Tokyo,mobile,False
45.12,transfer,entertainment,Tokyo,mobile,False
1225.44,deposit,entertainment,Tokyo,mobile,False
55.44,transfer,entertainment,Tokyo,atm,False
499.27,deposit,entertainment,New York,mobile,True
29.2,transfer,online,Tokyo,atm,False
1830.53,deposit,entertainment,Tokyo,mobile,False
6.53,transfer,entertainment,New York,atm,False
18.66,transfer,entertainment,Tokyo,atm,False
1463.69,deposit,online,Tokyo,mobile,False
36.19,transfer,entertainment,New York,mobile,False
409.75,deposit,entertainment,Tokyo,mobile,False
1212.68,deposit,online,Tokyo,atm,False
8.85,transfer,entertainment,Tokyo,mobile,False
1345.48,deposit,online,Tokyo,atm,False
15.62,transfer,entertainment,New York,atm,False
6.29,transfer,online,New York,mobile,False
29.34,transfer,online,Tokyo,atm,False
21.31,transfer,online,New York,mobile,False
1337.09,deposit,entertainment,Tokyo,mobile,False
45.67,transfer,entertainment,New York,mobile,True
54.19,transfer,entertainment,New York,atm,False
17.74,transfer,online,New York,mobile,False
18.86,transfer,entertainment,New York,atm,False
1498.21,deposit,entertainment,New York,mobile,False
18.9,transfer,entertainment,New York,atm,False
1973.22,deposit,online,Tokyo,atm,False
1561.03,deposit,entertainment,Tokyo,atm,False
20.43,transfer,entertainment,New York,atm,False
981.47,deposit,online,New York,mobile,False
9.43,transfer,online,Tokyo,mobile,False
832.42,deposit,online,New York,atm,False
799.25,deposit,entertainment,New York,mobile,False
56.11,transfer,online,New York,atm,False
9.62,transfer,entertainment,Tokyo,atm,False
7.56,transfer,online,New York,mobile,False
11.99,transfer,entertainment,New York,mobile,False
8.72,transfer,entertainment,Tokyo,mobile,False
43.41,transfer,online,New York,mobile,False
1355.82,deposit,entertainment,Tokyo,mobile,False
177.05,deposit,entertainment,New York,atm,False
633.49,deposit,entertainment,Tokyo,mobile,False
13.07,transfer,entertainment,Tokyo,atm,False
1925.28,deposit,entertainment,New York,atm,False
16.77,transfer,online,New York,mobile,False
49.72,transfer,entertainment,Tokyo,atm,False
885.29,deposit,online,New York,atm,False
23.94,transfer,online,Tokyo,mobile,False
1738.11,deposit,online,Tokyo,atm,False
8.35,transfer,entertainment,Tokyo,atm,False
13,transfer,online,Tokyo,mobile,False
10.93,transfer,online,Tokyo,atm,False
32.85,transfer,entertainment,Tokyo,atm,False
1124.74,deposit,online,New York,atm,False
7.38,transfer,online,New York,atm,False
6.9,transfer,online,New York,mobile,False
23.76,transfer,online,Tokyo,atm,False
22.68,transfer,online,Tokyo,atm,False
1446.32,deposit,online,Tokyo,atm,False
31.65,transfer,online,New York,atm,False
1390.2,deposit,entertainment,Tokyo,mobile,False
18.94,transfer,online,Tokyo,atm,False
26.89,transfer,entertainment,New York,atm,False
0.01,deposit,entertainment,New York,atm,False
11.79,transfer,online,Tokyo,atm,False
18.76,transfer,online,Tokyo,mobile,False
758.82,deposit,entertainment,Tokyo,atm,False
470.41,deposit,entertainment,New York,atm,False
1840.41,deposit,online,New York,mobile,False
27.38,transfer,online,New York,mobile,False
16.03,transfer,entertainment,New York,mobile,False
466.76,deposit,entertainment,New York,mobile,False
16.74,transfer,entertainment,Tokyo,mobile,False
18.28,transfer,online,Tokyo,atm,False
77.17,transfer,entertainment,Tokyo,mobile,False
1444.65,deposit,online,New York,atm,False
15.55,transfer,online,New York,atm,False
870.98,deposit,online,New York,atm,False
14.42,transfer,online,Tokyo,atm,False
16.67,transfer,online,Tokyo,mobile,False
34.89,transfer,online,New York,mobile,True
163.13,transfer,online,Tokyo,mobile,False
29.32,transfer,entertainment,New York,mobile,False
1028.5,deposit,online,Tokyo,atm,False
872.45,deposit,online,New York,mobile,True
54.81,transfer,entertainment,New York,mobile,False
23.18,transfer,entertainment,Tokyo,mobile,False
14.82,transfer,online,Tokyo,mobile,False
10.22,transfer,entertainment,New York,mobile,False
26.15,transfer,entertainment,New York,atm,False
1044.88,deposit,entertainment,New York,mobile,False
35.13,transfer,entertainment,New York,atm,False
1509.81,deposit,online,Tokyo,atm,False
1364,deposit,entertainment,New York,mobile,False
757.69,deposit,online,Tokyo,mobile,False
652.98,deposit,entertainment,Tokyo,mobile,False
24.76,transfer,online,New York,mobile,False
3.49,transfer,online,Tokyo,atm,False
866.89,deposit,entertainment,New York,mobile,False
0.01,deposit,entertainment,New York,mobile,False
38.47,transfer,online,New York,atm,True
13.72,transfer,entertainment,Tokyo,mobile,True
310.05,deposit,entertainment,Tokyo,mobile,False
1429.29,deposit,online,Tokyo,mobile,False
178.66,deposit,entertainment,Tokyo,mobile,False
57.46,transfer,entertainment,Tokyo,atm,False
663.57,deposit,online,Tokyo,mobile,False
1566.02,deposit,online,Tokyo,mobile,False
16.92,transfer,entertainment,Tokyo,mobile,False
881.51,deposit,entertainment,New York,atm,False
763.88,deposit,online,Tokyo,mobile,False
563.43,deposit,entertainment,New York,mobile,False
1063.34,deposit,entertainment,New York,mobile,False
27.4,transfer,online,New York,atm,False
129.76,deposit,online,New York,atm,False
1280.3,deposit,online,New York,mobile,False
1030.41,deposit,entertainment,New York,mobile,False
860.57,deposit,online,Tokyo,atm,False
1196.19,deposit,online,New York,mobile,False
10.04,transfer,online,New York,mobile,False
47.89,transfer,online,Tokyo,atm,False
39.03,transfer,online,New York,mobile,False
829.07,deposit,entertainment,New York,mobile,False
22.06,transfer,entertainment,Tokyo,atm,False
1867.85,deposit,online,Tokyo,atm,False
1840.1,deposit,entertainment,Tokyo,mobile,False
460.97,deposit,entertainment,Tokyo,mobile,False
1636.58,deposit,entertainment,Tokyo,mobile,False
13.34,transfer,online,Tokyo,mobile,False
7.02,transfer,entertainment,New York,mobile,False
15.41,transfer,entertainment,Tokyo,mobile,False
899.19,deposit,online,Tokyo,mobile,False
4.5,transfer,entertainment,Tokyo,mobile,False
9.76,transfer,online,Tokyo,mobile,False
253.42,deposit,online,New York,mobile,False
13.87,transfer,entertainment,Tokyo,atm,False
6.77,transfer,online,New York,mobile,False
1633.86,deposit,online,New York,atm,False
16.15,transfer,entertainment,Tokyo,atm,False
22.9,transfer,entertainment,New York,atm,False
998.06,deposit,online,Tokyo,mobile,False
20.91,transfer,entertainment,Tokyo,atm,False
1452.72,deposit,entertainment,New York,mobile,False
58.22,transfer,entertainment,Tokyo,mobile,False
34.04,transfer,entertainment,Tokyo,atm,False
140.27,transfer,entertainment,New York,atm,False
944.99,deposit,online,Tokyo,atm,False
1753.84,deposit,entertainment,Tokyo,atm,False
40.68,transfer,entertainment,New York,mobile,False
419.78,deposit,entertainment,New York,atm,False
1830.78,deposit,online,Tokyo,mobile,False
32.1,transfer,entertainment,New York,mobile,False
19.18,transfer,entertainment,Tokyo,atm,False
43.14,transfer,online,New York,mobile,False
14.14,transfer,entertainment,New York,mobile,False
26.24,transfer,entertainment,Tokyo,atm,False
1065.67,deposit,online,Tokyo,mobile,False
1379.69,deposit,online,Tokyo,atm,False
1407.49,deposit,online,New York,mobile,False
995.48,deposit,online,New York,mobile,False
1086.95,deposit,entertainment,New York,mobile,False
1189.5,deposit,entertainment,New York,mobile,False
1126.4,deposit,online,New York,atm,False
1176.66,deposit,online,New York,mobile,False
18.11,transfer,online,Tokyo,atm,False
49.49,transfer,entertainment,New York,atm,False
27.37,transfer,online,New York,atm,False
1171.2,deposit,online,New York,mobile,True
1082.61,deposit,entertainment,New York,atm,True
1059.09,deposit,online,New York,mobile,False
24.28,transfer,online,New York,atm,False
19.26,transfer,entertainment,New York,mobile,False
31.56,transfer,entertainment,Tokyo,mobile,False
746.03,deposit,entertainment,Tokyo,atm,False
29.96,transfer,entertainment,Tokyo,atm,False
863.17,deposit,entertainment,Tokyo,mobile,False
26.6,transfer,online,New York,mobile,False
736.44,deposit,online,New York,mobile,False
12.09,transfer,online,New York,atm,False
888.33,deposit,entertainment,New York,atm,False
18.58,transfer,entertainment,Tokyo,atm,False
21.43,transfer,entertainment,New York,atm,False
1126.29,deposit,online,New York,atm,False
41.92,transfer,entertainment,Tokyo,atm,False
1804.85,deposit,entertainment,Tokyo,mobile,False
1585.9,deposit,entertainment,Tokyo,mobile,False
606.53,deposit,online,Tokyo,atm,False
1052.87,deposit,entertainment,New York,mobile,False
5.87,transfer,entertainment,Tokyo,atm,False
60.21,transfer,entertainment,New York,mobile,False
694.64,deposit,entertainment,Tokyo,atm,False
20.16,transfer,online,Tokyo,atm,False
18,transfer,online,Tokyo,atm,False
47.21,transfer,entertainment,New York,atm,False
23.04,transfer,entertainment,Tokyo,mobile,False
0.01,deposit,entertainment,Tokyo,mobile,False
19.68,transfer,entertainment,New York,mobile,False
30.32,transfer,online,New York,mobile,False
1001.76,deposit,online,New York,mobile,False
1105.4,deposit,online,New York,mobile,False
17.15,transfer,online,Tokyo,mobile,False
796.37,deposit,online,Tokyo,atm,False
203.69,deposit,online,New York,mobile,False
28.15,transfer,online,Tokyo,atm,False
31.87,transfer,entertainment,Tokyo,atm,False
0.01,deposit,entertainment,Tokyo,atm,False
309.19,deposit,entertainment,New York,atm,False
827.7,deposit,online,Tokyo,atm,False
10.56,transfer,online,New York,mobile,False
28.68,transfer,entertainment,New York,atm,False
839.38,deposit,entertainment,New York,atm,True
62.75,transfer,entertainment,New York,atm,False
5.98,transfer,entertainment,Tokyo,atm,False
16.84,transfer,entertainment,Tokyo,mobile,False
89.98,deposit,online,Tokyo,atm,False
8.09,transfer,entertainment,Tokyo,mobile,False
1517.48,deposit,entertainment,Tokyo,atm,False
12.47,transfer,entertainment,Tokyo,mobile,False
24.41,transfer,entertainment,New York,mobile,False
7.34,transfer,entertainment,Tokyo,atm,False
928.51,deposit,entertainment,New York,mobile,False
27.84,transfer,entertainment,Tokyo,mobile,False
895.03,deposit,online,New York,mobile,False
22.17,transfer,entertainment,Tokyo,atm,False
667.11,deposit,online,Tokyo,mobile,False
60.1,transfer,online,Tokyo,mobile,False
27.51,transfer,online,New York,mobile,False
567.17,deposit,online,Tokyo,atm,False
671.61,deposit,entertainment,Tokyo,mobile,False
16.6,transfer,online,New York,atm,False
16.2,transfer,online,Tokyo,mobile,False
9.26,transfer,online,Tokyo,atm,False
1040.42,deposit,entertainment,Tokyo,atm,False
104.05,transfer,online,Tokyo,atm,False
6.67,transfer,entertainment,Tokyo,atm,False
1294.29,deposit,entertainment,Tokyo,atm,False
62.63,transfer,online,New York,mobile,False
1051.92,deposit,online,New York,mobile,False
276.72,deposit,entertainment,Tokyo,atm,False
23.06,transfer,entertainment,New York,atm,False
31.85,transfer,entertainment,Tokyo,mobile,False
46.08,transfer,entertainment,New York,mobile,False
272.43,deposit,entertainment,New York,atm,False
1211.86,deposit,entertainment,New York,mobile,False
7.03,transfer,online,New York,atm,False
1487.39,deposit,online,Tokyo,mobile,False
3.77,transfer,online,New York,atm,False
851.37,deposit,online,New York,atm,False
1309.64,deposit,online,Tokyo,mobile,False
19.59,transfer,online,New York,atm,False
55.99,transfer,entertainment,Tokyo,mobile,False
60.54,transfer,online,Tokyo,atm,False
340.96,deposit,online,Tokyo,mobile,False
2032.6,deposit,entertainment,Tokyo,atm,False
694.78,deposit,entertainment,Tokyo,mobile,False
40.12,transfer,online,Tokyo,atm,False
18.04,transfer,entertainment,Tokyo,atm,False
1178.26,deposit,online,New York,atm,False
37.09,transfer,online,Tokyo,mobile,False
17.03,transfer,entertainment,Tokyo,atm,False
15.63,transfer,entertainment,New York,atm,False
1195.49,deposit,online,Tokyo,atm,False
1727.98,deposit,entertainment,New York,atm,False
1603.92,deposit,online,Tokyo,mobile,False
629.24,deposit,online,New York,mobile,False
8.78,transfer,online,New York,atm,False
11.01,transfer,entertainment,Tokyo,mobile,False
29.79,transfer,entertainment,Tokyo,atm,False
948.66,deposit,entertainment,New York,mobile,False
694.65,deposit,entertainment,New York,atm,False
78.39,transfer,online,New York,mobile,False
1233.66,deposit,entertainment,Tokyo,mobile,False
29.61,transfer,online,Tokyo,mobile,False
63.17,transfer,online,Tokyo,atm,False
36.24,transfer,entertainment,New York,atm,False
14.07,transfer,online,Tokyo,mobile,False
13.67,transfer,online,Tokyo,mobile,False
1022.93,deposit,online,Tokyo,atm,False
1788.15,deposit,entertainment,Tokyo,atm,False
2371.8,deposit,entertainment,New York,mobile,False
28.21,transfer,online,Tokyo,atm,False
43.99,transfer,online,Tokyo,atm,False
15.62,transfer,online,Tokyo,atm,False
1373.54,deposit,online,New York,atm,False
26.33,transfer,entertainment,New York,mobile,False
875.26,deposit,online,Tokyo,atm,False
1091.58,deposit,online,Tokyo,atm,False
520.05,deposit,online,New York,mobile,False
26.47,transfer,online,New York,atm,False
881.37,deposit,entertainment,Tokyo,mobile,False
136.64,deposit,online,Tokyo,mobile,False
17.57,transfer,entertainment,Tokyo,mobile,False
27.07,transfer,online,Tokyo,mobile,False
1024.39,deposit,online,Tokyo,mobile,True
7.11,transfer,online,New York,mobile,False
586.98,deposit,online,New York,mobile,False
888.9,deposit,online,New York,atm,False
35.97,transfer,online,New York,mobile,False
15.35,transfer,online,Tokyo,mobile,False
1560.92,deposit,entertainment,Tokyo,atm,False
1051.07,deposit,entertainment,Tokyo,atm,False
6.01,transfer,online,Tokyo,atm,False
500.98,deposit,online,New York,atm,False
14.38,transfer,entertainment,Tokyo,atm,False
1326.19,deposit,online,New York,atm,False
1782.66,deposit,entertainment,Tokyo,atm,False
439.47,deposit,entertainment,Tokyo,mobile,False
70.74,transfer,entertainment,New York,atm,False
1735.21,deposit,online,New York,atm,False
1273.69,deposit,entertainment,New York,mobile,False
44.74,transfer,online,Tokyo,mobile,False
11.98,transfer,entertainment,Tokyo,mobile,False
36.28,transfer,entertainment,Tokyo,atm,False
39.82,transfer,online,Tokyo,atm,False
1334.63,deposit,entertainment,New York,atm,False
16.7,transfer,online,Tokyo,mobile,True
356.99,deposit,online,New York,atm,False
1603.16,deposit,entertainment,New York,mobile,False
23.05,transfer,online,New York,mobile,False
21.74,transfer,entertainment,New York,atm,False
784.47,deposit,online,New York,atm,False
1802.13,deposit,online,Tokyo,atm,False
1338.17,deposit,online,Tokyo,mobile,False
25.8,transfer,entertainment,New York,atm,False
1601.02,deposit,online,New York,atm,False
1558.24,deposit,entertainment,New York,mobile,False
715.84,deposit,entertainment,Tokyo,atm,False
30.4,transfer,online,Tokyo,atm,False
856.07,deposit,entertainment,Tokyo,atm,False
1153.01,deposit,entertainment,Tokyo,atm,False
379.47,deposit,entertainment,Tokyo,atm,False
928.34,deposit,online,New York,atm,False
19.18,transfer,entertainment,Tokyo,atm,False
946.86,deposit,online,Tokyo,atm,False
1025.31,deposit,entertainment,New York,atm,False
50.41,transfer,entertainment,Tokyo,mobile,False
1737.97,deposit,online,Tokyo,mobile,False
20.35,transfer,online,New York,atm,False
9.09,transfer,online,Tokyo,atm,False
43.04,transfer,online,Tokyo,mobile,False
1424.84,deposit,online,Tokyo,atm,False
1302.72,deposit,entertainment,Tokyo,mobile,False
11.99,transfer,online,Tokyo,atm,False
715.25,deposit,entertainment,Tokyo,mobile,False
900.45,deposit,online,Tokyo,atm,False
8.66,transfer,entertainment,New York,atm,False
54.26,transfer,online,Tokyo,atm,False
527.85,deposit,online,Tokyo,mobile,False
1146.63,deposit,entertainment,New York,atm,False
31.81,transfer,entertainment,New York,atm,False
17.21,transfer,entertainment,Tokyo,atm,False
581.24,deposit,online,New York,atm,False
20.88,transfer,online,New York,atm,False
838.37,deposit,online,Tokyo,mobile,False
27.61,transfer,entertainment,New York,mobile,False
12.85,transfer,entertainment,New York,mobile,False
21.56,transfer,online,Tokyo,atm,False
1130.96,deposit,entertainment,Tokyo,atm,False
10.47,transfer,entertainment,Tokyo,mobile,False
723.2,deposit,entertainment,Tokyo,mobile,False
1672.26,deposit,online,Tokyo,atm,False
742.51,deposit,online,New York,atm,False
15.99,transfer,entertainment,Tokyo,mobile,False
9.91,transfer,online,Tokyo,atm,False
1560.43,deposit,entertainment,New York,atm,False
276.69,deposit,online,Tokyo,mobile,False
12.95,transfer,entertainment,New York,mobile,False
35.32,transfer,entertainment,New York,mobile,False
15.84,transfer,entertainment,Tokyo,mobile,False
801.31,deposit,entertainment,Tokyo,mobile,False
24.72,transfer,online,New York,mobile,False
34.49,transfer,entertainment,Tokyo,atm,False
36.05,transfer,entertainment,New York,atm,False
11.6,transfer,entertainment,Tokyo,atm,False
15.74,transfer,online,Tokyo,mobile,False
24.64,transfer,entertainment,New York,mobile,False
1377.35,deposit,online,New York,atm,False
39.91,transfer,entertainment,New York,mobile,False
977.78,deposit,entertainment,Tokyo,atm,False
892.94,deposit,online,Tokyo,atm,False
20.24,transfer,entertainment,New York,atm,False
186.42,transfer,online,New York,atm,False
18.67,transfer,online,New York,mobile,False
472.51,deposit,online,Tokyo,mobile,False
1235.79,deposit,entertainment,Tokyo,atm,False
31.01,transfer,entertainment,New York,mobile,False
27.67,transfer,entertainment,Tokyo,atm,False
310.51,deposit,entertainment,New York,atm,False
426.17,deposit,online,Tokyo,mobile,False
52.41,transfer,online,New York,atm,False
20.18,transfer,online,New York,atm,False
1035.35,deposit,entertainment,Tokyo,mobile,False
16.4,transfer,entertainment,New York,mobile,False
987.9,deposit,entertainment,New York,mobile,False
723.33,deposit,entertainment,Tokyo,mobile,False
12.33,transfer,online,New York,mobile,False
842.68,deposit,entertainment,Tokyo,atm,False
34.13,transfer,online,Tokyo,atm,False
811.18,deposit,online,Tokyo,atm,False
13.68,transfer,entertainment,Tokyo,atm,False
1088.49,deposit,entertainment,Tokyo,mobile,True
25.26,transfer,online,New York,atm,False
839.66,deposit,entertainment,Tokyo,atm,False
6.98,transfer,entertainment,New York,mobile,False
26.49,transfer,online,New York,mobile,False
31.96,transfer,entertainment,Tokyo,atm,False
15.78,transfer,online,Tokyo,mobile,False
729.37,deposit,entertainment,Tokyo,atm,False
1219.31,deposit,online,New York,atm,False
7.67,transfer,online,New York,mobile,False
54.91,transfer,online,Tokyo,mobile,False
0.01,deposit,entertainment,New York,mobile,False
6.53,transfer,online,Tokyo,mobile,False
47.58,transfer,online,Tokyo,mobile,False
27.55,transfer,entertainment,New York,atm,False
407.47,deposit,online,New York,mobile,False
23.52,transfer,entertainment,Tokyo,atm,False
821.28,deposit,online,Tokyo,mobile,False
92.39,transfer,online,New York,atm,False
1066.59,deposit,online,New York,mobile,False
3.13,transfer,online,Tokyo,mobile,False
7.41,transfer,entertainment,Tokyo,atm,False
17.07,transfer,entertainment,Tokyo,mobile,False
44.82,transfer,online,Tokyo,mobile,False
20.54,transfer,online,Tokyo,atm,False
1169.57,deposit,online,Tokyo,mobile,False
492.43,deposit,online,New York,atm,False
29.51,transfer,entertainment,Tokyo,atm,False
25.63,transfer,entertainment,Tokyo,atm,False
7.16,transfer,online,Tokyo,mobile,False
283,deposit,entertainment,New York,mobile,False
12.59,transfer,online,Tokyo,mobile,False
1147.53,deposit,entertainment,New York,atm,False
587.54,deposit,entertainment,Tokyo,mobile,False
1130.24,deposit,entertainment,New York,mobile,False
10.38,transfer,online,Tokyo,mobile,False
13.57,transfer,online,Tokyo,mobile,False
14.54,transfer,online,Tokyo,atm,False
12.44,transfer,entertainment,Tokyo,mobile,False
858.15,deposit,entertainment,New York,mobile,False
0.01,deposit,online,New York,mobile,False
1187.18,deposit,online,New York,mobile,False
1678.92,deposit,online,Tokyo,atm,False
895.18,deposit,entertainment,New York,mobile,False
38.05,transfer,online,Tokyo,atm,False
834.1,deposit,entertainment,Tokyo,atm,False
516.46,deposit,entertainment,Tokyo,mobile,False
29.25,transfer,entertainment,New York,mobile,False
1317.74,deposit,online,Tokyo,atm,False
620.35,deposit,online,Tokyo,atm,False
57.54,transfer,online,New York,atm,False
60.06,transfer,entertainment,New York,atm,False
282.9,deposit,entertainment,New York,mobile,False
31.02,transfer,entertainment,New York,mobile,False
26.22,transfer,online,New York,mobile,False
10.28,transfer,online,Tokyo,atm,False
69.89,transfer,online,New York,mobile,False
173.26,transfer,online,Tokyo,atm,False
1524.48,deposit,entertainment,New York,atm,False
45.92,transfer,online,New York,atm,False
18.91,transfer,entertainment,Tokyo,mobile,False
754.99,deposit,entertainment,New York,atm,False
28.25,transfer,online,New York,atm,False
754.6,deposit,online,New York,mobile,False
607,deposit,online,Tokyo,mobile,False
12.92,transfer,entertainment,New York,mobile,False
2280,deposit,online,Tokyo,mobile,False
1098.72,deposit,entertainment,Tokyo,atm,False
1423.57,deposit,online,New York,mobile,False
1689.57,deposit,entertainment,New York,mobile,False
12.67,transfer,online,Tokyo,atm,False
966.15,deposit,online,Tokyo,mobile,False
1067.83,deposit,online,Tokyo,atm,False
1580.85,deposit,entertainment,Tokyo,atm,False
28.43,transfer,entertainment,Tokyo,mobile,False
17.07,transfer,online,Tokyo,atm,False
90.59,deposit,entertainment,Tokyo,mobile,False
14.93,transfer,entertainment,New York,atm,False
5.05,transfer,online,New York,atm,False
1557.7,deposit,online,Tokyo,atm,False
754.11,deposit,entertainment,New York,mobile,False
79.49,transfer,entertainment,Tokyo,atm,False
430.12,deposit,online,New York,mobile,False
15.39,transfer,online,Tokyo,mobile,False
1228.46,deposit,online,New York,atm,False
33.08,transfer,entertainment,New York,mobile,False
1014.25,deposit,online,New York,atm,False
1661.31,deposit,entertainment,Tokyo,mobile,False
12.1,transfer,online,Tokyo,mobile,False
1214.79,deposit,online,Tokyo,mobile,False
836.49,deposit,online,Tokyo,atm,False
26.82,transfer,online,New York,mobile,False
0.01,deposit,online,Tokyo,atm,False
25.83,transfer,entertainment,New York,atm,False
1079.75,deposit,online,Tokyo,atm,False
130.24,deposit,entertainment,New York,atm,False
8.78,transfer,entertainment,Tokyo,mobile,False
439.67,deposit,entertainment,Tokyo,mobile,False
19.96,transfer,entertainment,Tokyo,atm,False
23.85,transfer,online,New York,mobile,False
2042.31,deposit,entertainment,Tokyo,atm,False
1163.24,deposit,online,Tokyo,mobile,False
21.14,transfer,entertainment,New York,mobile,False
11.59,transfer,online,Tokyo,mobile,False
203.93,deposit,entertainment,Tokyo,mobile,False
16.06,transfer,entertainment,Tokyo,mobile,False
20.13,transfer,online,New York,atm,True
9.8,transfer,online,Tokyo,mobile,False
17.73,transfer,entertainment,Tokyo,atm,False
19.75,transfer,online,New York,mobile,False
96.87,deposit,entertainment,New York,atm,False
11.06,transfer,online,Tokyo,atm,False
43.35,transfer,online,New York,atm,False
18.55,transfer,online,Tokyo,atm,False
21.33,transfer,online,Tokyo,atm,True
561.97,deposit,online,Tokyo,atm,False
0.01,deposit,entertainment,Tokyo,mobile,False
35.59,transfer,entertainment,New York,mobile,False
1479.87,deposit,online,New York,atm,False
1357.16,deposit,online,Tokyo,atm,False
1424.62,deposit,entertainment,Tokyo,atm,False
14.74,transfer,entertainment,New York,atm,False
260.27,deposit,online,Tokyo,atm,False
17.69,transfer,online,Tokyo,atm,False
1252.91,deposit,entertainment,New York,mobile,False
1703.18,deposit,entertainment,New York,atm,False
20.48,transfer,entertainment,New York,atm,False
577.65,deposit,entertainment,New York,atm,False
14.75,transfer,entertainment,Tokyo,mobile,False
9.58,transfer,entertainment,Tokyo,atm,False
22.08,transfer,online,Tokyo,atm,False
32.97,transfer,entertainment,New York,atm,False
877.63,deposit,entertainment,Tokyo,mobile,False
1940.67,deposit,entertainment,Tokyo,mobile,False
13.37,transfer,entertainment,New York,atm,False
28.82,transfer,online,Tokyo,mobile,True
673.45,deposit,entertainment,New York,atm,False
902.21,deposit,online,Tokyo,atm,False
422.59,deposit,entertainment,New York,atm,False
31.42,transfer,entertainment,New York,atm,False
70.26,transfer,entertainment,New York,atm,False
19.27,transfer,online,New York,mobile,False
902.75,deposit,entertainment,New York,mobile,False
1354.55,deposit,entertainment,Tokyo,atm,True
1002.25,deposit,entertainment,New York,atm,False
10.39,transfer,online,New York,mobile,False
31.38,transfer,online,Tokyo,mobile,False
11.99,transfer,online,New York,atm,False
878.26,deposit,online,New York,atm,False
768.99,deposit,online,New York,mobile,False
869.1,deposit,entertainment,Tokyo,mobile,False
11.21,transfer,entertainment,New York,atm,False
14.65,transfer,entertainment,New York,mobile,False
40.78,transfer,online,Tokyo,atm,False
1215.62,deposit,online,Tokyo,atm,False
700.58,deposit,online,New York,atm,False
616.41,deposit,entertainment,Tokyo,atm,False
29.24,transfer,online,Tokyo,mobile,False
1122.69,deposit,online,New York,atm,False
650.48,deposit,entertainment,Tokyo,mobile,False
6.86,transfer,entertainment,Tokyo,mobile,False
14.46,transfer,entertainment,Tokyo,mobile,False
8.95,transfer,entertainment,Tokyo,atm,False
1227.84,deposit,entertainment,Tokyo,atm,False
835.54,deposit,online,New York,mobile,False
30.5,transfer,entertainment,New York,mobile,False
19.57,transfer,entertainment,New York,mobile,False
648.34,deposit,online,Tokyo,mobile,False
1116.98,deposit,online,New York,atm,False
683.39,deposit,entertainment,New York,atm,True
27.55,transfer,online,New York,atm,False
39.63,transfer,entertainment,Tokyo,atm,False
79.87,transfer,entertainment,Tokyo,atm,False
56.54,transfer,entertainment,New York,atm,False
23.53,transfer,online,Tokyo,mobile,False
18.65,transfer,entertainment,Tokyo,atm,False
15,transfer,entertainment,Tokyo,mobile,False
16.99,transfer,online,New York,atm,False
12.98,transfer,online,Tokyo,mobile,False
919.79,deposit,entertainment,New York,mobile,False
17.99,transfer,online,Tokyo,atm,False
1634.71,deposit,entertainment,Tokyo,atm,False
12.32,transfer,online,Tokyo,atm,False
15.6,transfer,online,New York,mobile,False
12.77,transfer,online,Tokyo,mobile,False
14.32,transfer,online,New York,mobile,False
1121.59,deposit,online,Tokyo,mobile,False
35.99,transfer,entertainment,New York,atm,False
1376.15,deposit,online,New York,atm,False
417.55,deposit,online,Tokyo,mobile,False
791.87,deposit,entertainment,Tokyo,atm,False
1158.68,deposit,entertainment,Tokyo,mobile,False
1890.92,deposit,entertainment,New York,atm,False
20.48,transfer,online,Tokyo,mobile,False
40.7,transfer,online,New York,mobile,False
11.73,transfer,entertainment,New York,mobile,False
11.59,transfer,entertainment,New York,mobile,False
2732.34,deposit,online,New York,atm,False
12.47,transfer,online,Tokyo,atm,False
978.92,deposit,online,Tokyo,atm,False
613.32,deposit,online,Tokyo,mobile,False
1195.15,deposit,online,New York,atm,False
25,transfer,online,Tokyo,atm,False
626.82,deposit,online,Tokyo,mobile,False
1475.63,deposit,online,New York,mobile,False
37.18,transfer,entertainment,New York,atm,False
12.98,transfer,online,New York,atm,False
12.05,transfer,online,New York,mobile,False
1867.27,deposit,online,Tokyo,mobile,False
818.9,deposit,entertainment,Tokyo,atm,False
814.2,deposit,online,New York,atm,False
871.92,deposit,online,Tokyo,atm,False
745.54,deposit,online,Tokyo,mobile,False
20.86,transfer,online,Tokyo,atm,False
220.34,deposit,online,New York,atm,False
119.8,deposit,entertainment,New York,mobile,False
19.99,transfer,online,New York,atm,False
12.29,transfer,online,Tokyo,atm,False
5.33,transfer,entertainment,Tokyo,mobile,False
7.43,transfer,entertainment,New York,mobile,False
28.54,transfer,online,New York,atm,False
9.57,transfer,entertainment,New York,mobile,False
22.22,transfer,online,Tokyo,atm,False
1181.83,deposit,entertainment,Tokyo,mobile,False
30.12,transfer,online,Tokyo,atm,False
1515.45,deposit,entertainment,Tokyo,mobile,False
14.02,transfer,online,New York,mobile,False
1480.48,deposit,entertainment,New York,mobile,False
1343.26,deposit,entertainment,Tokyo,mobile,False
1208.51,deposit,entertainment,New York,atm,False
7.4,transfer,entertainment,New York,atm,False
1467.53,deposit,online,Tokyo,mobile,False
1065.44,deposit,entertainment,Tokyo,atm,False
588.32,deposit,entertainment,New York,atm,False
15.1,transfer,entertainment,Tokyo,atm,False
64.82,transfer,entertainment,New York,atm,False
535.23,deposit,online,Tokyo,mobile,False
5.76,transfer,online,Tokyo,atm,False
812.69,deposit,entertainment,Tokyo,mobile,False
23.91,transfer,online,New York,atm,False
44.1,transfer,entertainment,Tokyo,atm,False
974.58,deposit,online,Tokyo,mobile,False
816.91,deposit,online,New York,mobile,False
1211.5,deposit,online,Tokyo,mobile,False
52.39,transfer,online,New York,mobile,False
1062.76,deposit,online,Tokyo,mobile,False
1340.97,deposit,online,Tokyo,mobile,False
32.99,transfer,entertainment,Tokyo,atm,False
16.45,transfer,online,New York,atm,False
18.17,transfer,entertainment,Tokyo,atm,False
1529.42,deposit,entertainment,Tokyo,atm,False
474.76,deposit,entertainment,New York,atm,True
24.42,transfer,online,Tokyo,mobile,False
188.75,deposit,online,Tokyo,atm,False
657.56,deposit,entertainment,Tokyo,mobile,False
20.01,transfer,online,Tokyo,atm,False
1054.37,deposit,entertainment,New York,mobile,False
1374.39,deposit,online,Tokyo,atm,False
1078.38,deposit,online,Tokyo,atm,False
18.29,transfer,online,Tokyo,atm,False
12.1,transfer,online,Tokyo,mobile,False
412.35,deposit,online,Tokyo,atm,False
10.66,transfer,online,New York,atm,False
12.43,transfer,entertainment,Tokyo,mobile,False
1613.67,deposit,entertainment,New York,atm,False
6.81,transfer,entertainment,New York,atm,False
122.39,transfer,entertainment,New York,atm,False
13.63,transfer,entertainment,Tokyo,atm,False
7.7,transfer,online,Tokyo,atm,False
1893.56,deposit,entertainment,Tokyo,mobile,False
608.66,deposit,entertainment,New York,mobile,False
776.66,deposit,online,Tokyo,atm,False
18.6,transfer,entertainment,New York,mobile,False
1990.22,deposit,entertainment,New York,mobile,False
1067.59,deposit,entertainment,New York,mobile,False
30.88,transfer,online,Tokyo,mobile,False
731.72,deposit,online,Tokyo,atm,False
1218.32,deposit,entertainment,New York,mobile,False
752.25,deposit,entertainment,New York,mobile,False
1050.96,deposit,entertainment,Tokyo,mobile,False
26.78,transfer,entertainment,New York,atm,False
1706.92,deposit,online,Tokyo,atm,False
19.52,transfer,online,New York,atm,False
0.01,deposit,online,New York,atm,False
1106.84,deposit,entertainment,New York,mobile,False
2221.85,deposit,entertainment,New York,atm,False
789.37,deposit,entertainment,Tokyo,mobile,False
49.32,deposit,online,Tokyo,atm,False
1015.05,deposit,online,New York,atm,False
1112.55,deposit,online,Tokyo,mobile,False
16.29,transfer,entertainment,Tokyo,mobile,False
27.47,transfer,online,Tokyo,mobile,False
1405.03,deposit,entertainment,Tokyo,mobile,False
19.5,transfer,entertainment,New York,atm,False
16.37,transfer,entertainment,New York,mobile,False
832.99,deposit,entertainment,Tokyo,atm,False
28.2,transfer,entertainment,Tokyo,mobile,False
1640.12,deposit,online,New York,mobile,False
31.16,transfer,online,New York,atm,False
1462.6,deposit,entertainment,New York,atm,False
13.71,transfer,entertainment,Tokyo,mobile,False
670.56,deposit,entertainment,New York,atm,False
571.9,deposit,online,New York,atm,False
63.17,transfer,entertainment,Tokyo,atm,False
33.33,transfer,online,New York,mobile,False
36.54,transfer,entertainment,Tokyo,atm,False
13.9,transfer,entertainment,Tokyo,atm,False
25.97,transfer,online,New York,atm,False
8.88,transfer,entertainment,Tokyo,atm,False
4.62,transfer,online,New York,mobile,False
476.05,deposit,online,Tokyo,mobile,False
26.45,transfer,online,Tokyo,mobile,False
41.55,transfer,entertainment,New York,atm,False
1271.02,deposit,entertainment,New York,atm,False
784.59,deposit,online,New York,atm,False
1334.34,deposit,entertainment,New York,mobile,False
1091.6,deposit,online,New York,atm,False
1193.56,deposit,online,Tokyo,atm,False
1874.7,deposit,online,Tokyo,mobile,False
1138.02,deposit,entertainment,Tokyo,atm,False
12.72,transfer,online,New York,atm,False
35.23,transfer,online,New York,atm,False
13.12,transfer,online,New York,atm,False
13.17,transfer,entertainment,New York,atm,False
1030.56,deposit,online,Tokyo,mobile,False
21.88,transfer,online,Tokyo,atm,False
16.61,transfer,entertainment,New York,mobile,False
1095.29,deposit,online,New York,mobile,False
9.85,transfer,entertainment,Tokyo,atm,False
13.39,transfer,online,Tokyo,mobile,False
686.63,deposit,online,Tokyo,mobile,False
36.89,transfer,entertainment,Tokyo,atm,False
1435.23,deposit,online,Tokyo,mobile,False
18.26,transfer,online,Tokyo,mobile,False
9.74,transfer,entertainment,New York,atm,False
1256.3,deposit,online,New York,atm,False
1902.59,deposit,entertainment,New York,mobile,False
7.53,transfer,entertainment,New York,mobile,False
850.32,deposit,entertainment,Tokyo,atm,False
801.64,deposit,entertainment,Tokyo,atm,False
819.89,deposit,entertainment,Tokyo,mobile,False
20.36,transfer,online,Tokyo,mobile,False
790.69,deposit,online,Tokyo,atm,False
87.96,transfer,online,New York,atm,False
40.1,transfer,online,Tokyo,atm,False
697.55,deposit,online,Tokyo,mobile,False
638.83,deposit,entertainment,Tokyo,atm,False
1381.85,deposit,entertainment,New York,mobile,False
48.58,transfer,online,Tokyo,atm,False
45.93,transfer,online,Tokyo,mobile,False
1004.04,deposit,online,Tokyo,atm,False
1095.12,deposit,online,New York,mobile,False
27.97,transfer,online,Tokyo,mobile,False
31.13,transfer,online,New York,atm,False
36.51,transfer,entertainment,New York,atm,False
874.43,deposit,entertainment,Tokyo,atm,False
1533.31,deposit,entertainment,Tokyo,mobile,False
878.78,deposit,entertainment,New York,atm,False
25.39,transfer,online,Tokyo,mobile,False
1330.93,deposit,entertainment,Tokyo,mobile,False
37.25,transfer,online,Tokyo,mobile,False
1061.9,deposit,entertainment,Tokyo,mobile,False
29.17,transfer,entertainment,Tokyo,atm,False
1479.64,deposit,entertainment,New York,mobile,False
1225.62,deposit,entertainment,Tokyo,atm,False
30.03,transfer,entertainment,Tokyo,mobile,False
28.56,transfer,online,Tokyo,atm,False
646.7,deposit,entertainment,New York,atm,False
41.99,transfer,online,New York,atm,False
1594.52,deposit,entertainment,New York,mobile,False
34.9,transfer,online,Tokyo,atm,False
1429.97,deposit,entertainment,Tokyo,mobile,False
1030.26,deposit,entertainment,Tokyo,atm,False
1058.21,deposit,entertainment,New York,atm,False
1176.71,deposit,entertainment,Tokyo,atm,False
1384.21,deposit,online,New York,mobile,False
174.92,deposit,online,Tokyo,mobile,False
12.1,transfer,online,New York,mobile,False
17.65,transfer,online,Tokyo,mobile,False
1150.18,deposit,entertainment,Tokyo,atm,False
31.43,transfer,online,New York,mobile,False
28.21,transfer,entertainment,New York,mobile,False
1459.79,deposit,online,New York,atm,False
80.73,transfer,online,New York,atm,False
1638.02,deposit,online,New York,atm,False
1174.16,deposit,entertainment,New York,atm,False
10.82,transfer,entertainment,Tokyo,atm,False
479.46,deposit,online,New York,atm,False
1053.67,deposit,entertainment,Tokyo,atm,False
31,transfer,entertainment,New York,atm,False
1993.44,deposit,online,New York,mobile,False
13.81,transfer,entertainment,New York,atm,False
9.35,transfer,online,Tokyo,atm,False
21.4,transfer,online,New York,mobile,False
7.82,transfer,online,New York,atm,False
327.23,deposit,entertainment,New York,mobile,False
594.45,deposit,online,Tokyo,atm,False
44.84,transfer,online,Tokyo,atm,False
24.91,transfer,online,Tokyo,mobile,False
856.25,deposit,online,Tokyo,mobile,False
12.67,transfer,online,New York,atm,False
913.43,deposit,entertainment,New York,mobile,False
1802.44,deposit,entertainment,New York,atm,False
1611.88,deposit,online,New York,mobile,False
753.69,deposit,online,New York,mobile,False
737.53,deposit,entertainment,Tokyo,atm,False
1410.76,deposit,entertainment,New York,atm,False
1274.52,deposit,online,New York,mobile,True
298.04,deposit,online,Tokyo,atm,False
40.22,transfer,entertainment,New York,atm,False
6.34,transfer,online,Tokyo,mobile,False
18.31,transfer,online,New York,mobile,False
7.07,transfer,online,Tokyo,atm,False
19.39,transfer,online,Tokyo,atm,False
1076.2,deposit,entertainment,Tokyo,mobile,False
595.49,deposit,online,Tokyo,atm,False
12.44,transfer,online,New York,atm,False
603.41,deposit,online,New York,atm,False
5.9,transfer,entertainment,New York,mobile,False
1621.55,deposit,entertainment,Tokyo,mobile,False
19.26,transfer,online,New York,atm,False
14.72,transfer,entertainment,Tokyo,mobile,False
11.92,transfer,entertainment,New York,atm,False
594.69,deposit,entertainment,New York,mobile,False
12.48,transfer,entertainment,New York,mobile,False
0.01,deposit,entertainment,New York,atm,False
38.48,transfer,entertainment,New York,atm,True
27.87,transfer,online,New York,atm,False
84.92,transfer,online,Tokyo,mobile,False
2010.78,deposit,entertainment,Tokyo,mobile,False
2605.23,deposit,online,New York,atm,False
19.78,transfer,entertainment,New York,mobile,False
16.96,transfer,online,New York,mobile,False
1068.87,deposit,entertainment,New York,atm,False
23.39,transfer,entertainment,Tokyo,atm,False
342.25,deposit,entertainment,New York,atm,False
621.02,deposit,entertainment,Tokyo,atm,False
809.41,deposit,entertainment,Tokyo,atm,False
812.17,deposit,entertainment,Tokyo,atm,False
1035.67,deposit,entertainment,Tokyo,atm,False
6.25,transfer,online,New York,mobile,False
48.16,transfer,online,New York,mobile,False
828.97,deposit,online,Tokyo,mobile,False
1045.82,deposit,online,New York,atm,False
931.93,deposit,online,Tokyo,mobile,False
22.15,transfer,online,New York,mobile,False
521.29,deposit,online,New York,mobile,False
992.17,deposit,online,New York,mobile,False
26.32,deposit,entertainment,Tokyo,atm,False
15.02,transfer,entertainment,New York,mobile,False
18.58,transfer,entertainment,New York,atm,False
849.02,deposit,entertainment,New York,atm,False
656.89,deposit,entertainment,Tokyo,atm,False
34.51,transfer,entertainment,Tokyo,mobile,False
21.88,transfer,online,Tokyo,atm,False
12.75,transfer,online,Tokyo,mobile,False
507.53,deposit,online,New York,atm,False
2328.59,deposit,entertainment,Tokyo,atm,False
20.02,transfer,entertainment,Tokyo,mobile,False
422.35,deposit,online,New York,atm,False
610.87,deposit,online,Tokyo,mobile,False
48.76,transfer,online,Tokyo,mobile,False
33.67,transfer,online,New York,atm,False
1409.05,deposit,entertainment,New York,mobile,False
1015.43,deposit,entertainment,Tokyo,mobile,False
39.11,transfer,online,Tokyo,atm,False
1451.44,deposit,online,Tokyo,mobile,False
48.2,transfer,entertainment,New York,atm,False
4.58,transfer,entertainment,Tokyo,atm,False
8.41,transfer,online,New York,mobile,False
17.38,transfer,online,New York,atm,False
560.13,deposit,entertainment,Tokyo,atm,False
1245.2,deposit,entertainment,Tokyo,mobile,False
683.69,deposit,entertainment,New York,atm,False
23.36,transfer,entertainment,Tokyo,atm,False
1864.33,deposit,online,Tokyo,mobile,False
1129.86,deposit,entertainment,New York,mobile,False
358.95,deposit,online,New York,mobile,False
721.4,deposit,entertainment,Tokyo,atm,False
842.16,deposit,online,New York,atm,False
1768.6,deposit,entertainment,New York,mobile,False
88.38,transfer,entertainment,New York,atm,False
33.16,transfer,online,New York,atm,False
7.29,transfer,entertainment,New York,mobile,False
50.33,transfer,entertainment,Tokyo,atm,False
9.74,transfer,entertainment,New York,atm,False
26.02,transfer,online,New York,atm,False
396.97,deposit,entertainment,New York,atm,False
21.41,transfer,entertainment,Tokyo,atm,False
10.43,transfer,entertainment,Tokyo,mobile,False
1584.45,deposit,entertainment,New York,mobile,False
1105.27,deposit,entertainment,Tokyo,mobile,False
